ean,dan,name,brand,category,price,dm_url,flag_fragrance_free,flag_nc,flag_cf,dm_fragranceFree,dm_oilFree,dm_naturalCosmetics,dm_vegan,highlights,description,queries,source,checked_at
8436585433261,2007226,"Anti Pickel Gesichtscreme Zitcontrol LSF 50, 40 ml",Acnemy,Anti Pickel & Mitesser > Tagescreme > Gesichtspflege,"18,95 €",https://www.dm.de/applink/p/d/2007226/acnemy-anti-pickel-gesichtscreme-zitcontrol-lsf-50?appPageType=productdetails&appProductId=2007226&wt_mc=dm-mcp,yes,no,no,True,True,False,True,"Effektiver UVA/UVB-Schutz mit LSF 50, Unterstützt die Vorbeugung von Pickeln, Leichte, schnell einziehende Formel, Mit S","Die Acnemy Zitcontrol Tagescreme LSF 50 bietet nicht nur umfassenden Schutz vor schädlichen Sonnenstrahlen, sondern auch eine gezielte Pflege für zu A",Salicylsäure Gesicht,dm-mcp-searchProducts,2026-09-04
5709455010491,1672587,"Anti Pickel Serum Niacinamide, 30 ml",Australian BodyCare,Serum & Kur > Gesichtspflege,"9,95 €",https://www.dm.de/applink/p/d/1672587/australian-bodycare-anti-pickel-serum-niacinamide?appPageType=productdetails&appProductId=1672587&wt_mc=dm-mcp,no,no,no,False,False,False,True,"Gesichtsserum mit Niacinamiden 10 % & Teebaumöl, Für Mitesser, Pickel, unreine & fettige Haut, Für tägliche Anwendung mi","Das Serum Blemish Tea Tree Oil von Australian BodyCare mit Teebaumöl, Niacinamiden und Zink pflegt und nährt die Haut. Das Serum wird speziell bei Hau",Niacinamid Serum,dm-mcp-searchProducts,2026-09-04
4066447374537,1614611,"Abschminktücher Pflegend 3in1, 25 St",Balea,Abschminkprodukte > Gesichtsreinigung,"0,85 €",https://www.dm.de/applink/p/d/1614611/balea-abschminktuecher-pflegend-3in1?appPageType=productdetails&appProductId=1614611&wt_mc=dm-mcp,yes,no,no,True,False,False,True,"Milde Reinigung für ein zartes Hautgefühl, Mit Vitamin E, Provitamin B5 und Mandelöl, Parfumfrei, Für trockene und sensi",Balea pflegende Reinigungstücher sind speziell für die schnelle und optimale Reinigung des Gesichts und der sensiblen Augenpartie geeignet. Verschmutz,Gesichtsreinigung ohne Duftstoffe,dm-mcp-searchProducts,2026-09-04
4070765000856,1708625,"Anti-Pickel 24h Pflege hautrein, 50 ml",Balea,Tagescreme > Gesichtspflege,"1,95 €",https://www.dm.de/applink/p/d/1708625/balea-anti-pickel-24h-pflege-hautrein?appPageType=productdetails&appProductId=1708625&wt_mc=dm-mcp,yes,no,no,True,False,False,False,"Gesichtspflege für unreine Haut, Mit Salizylsäure und Zink, Wirkt Hautunreinheiten entgegen und kann deren Neubildung vo","Die Balea Hautrein Anti-Pickel 24h Pflege ist eine Spezialpflege, die gezielt auf die Bedürfnisse von zu Unreinheiten neigender Haut abgestimmt ist. I",Akne Unreinheiten Reinigung,dm-mcp-searchProducts,2026-09-04
4066447882629,3116014,"Cleansing Jelly BE YOU, 150 ml",Balea,Gesichtsreinigung,"2,75 €",https://www.dm.de/applink/p/d/3116014/balea-cleansing-jelly-be-you?appPageType=productdetails&appProductId=3116014&wt_mc=dm-mcp,yes,no,no,True,False,False,True,"Sanftes Reinigungsgel für das Gesicht, Entfernt sanft Schmutz Make-up und LSF, Mit Tonerde Kokoswasser und Milchsäure (A","Das Be You Cleansing Jelly von Balea reinigt die Haut sanft und dennoch gründlich. Die Formulierung entfernt zuverlässig Verschmutzungen, Make-up und ",Gesichtsreinigung ohne Duftstoffe,dm-mcp-searchProducts,2026-09-04
4066447985290,1690679,"Dunkle Flecken Aufheller Vitamin C, 50 ml",Balea,Tagescreme > Gesichtspflege,"3,95 €",https://www.dm.de/applink/p/d/1690679/balea-dunkle-flecken-aufheller-vitamin-c?appPageType=productdetails&appProductId=1690679&wt_mc=dm-mcp,no,no,no,False,False,False,True,"Für ein ebenmäßiges und strahlendes Hautbild, Mit Vitamin C und Niacinamiden, Kann Pigmentflecken und Hautverfärbungen m",Der Balea Fleckenaufheller Vitamin C wurde für ein ebenmäßigeres Hautbild entwickelt. Dank der wirksamen Formulierung mit Vitamin C und Niacinamiden k,Cetaphil Feuchtigkeitscreme,dm-mcp-searchProducts,2026-09-04
4070765029529,3148608,"Gesichtscreme Beauty Expert NMF Base, 125 ml",Balea,Tagescreme > Gesichtspflege,"6,95 €",https://www.dm.de/applink/p/d/3148608/balea-gesichtscreme-beauty-expert-nmf-base?appPageType=productdetails&appProductId=3148608&wt_mc=dm-mcp,yes,no,no,True,False,False,True,"Feuchtigkeitsspendende Gesichtscreme, Mit 1 % NMF, 1 % Squalan und 2 % Ceramid-Komplex, Unterstützt die natürliche Regen","Die Balea Beauty Expert NMF Base Cream ist mit einem biomimetischen Wirkstoffkomplex formuliert, der die Haut intensiv pflegt. Die Formel mit 1 % NMF,",Balea Med unparfümiert Gesicht,dm-mcp-searchProducts,2026-09-04
4066447970418,3125385,"Gesichtscreme Daily Moisturizer Be You, 50 ml",Balea,Tagescreme > Gesichtspflege,"2,95 €",https://www.dm.de/applink/p/d/3125385/balea-gesichtscreme-daily-moisturizer-be-you?appPageType=productdetails&appProductId=3125385&wt_mc=dm-mcp,yes,no,no,True,False,False,True,"Tägliche Feuchtigkeitspflege für das Gesicht, Mit Hyaluronsäure und Jojobaöl, Spendet langanhaltende Feuchtigkeit","Die Gesichtscreme Daily Moisturizer Be You von Balea ist eine ideale tägliche Pflege, die die Haut intensiv mit Feuchtigkeit versorgt. Dank der pH-hau",Gesichtscreme parfümfrei | Balea Med unparfümiert Gesicht,dm-mcp-searchProducts,2026-09-04
4066447976229,3125227,"Gesichtscreme Gel Beauty Hyaluron Hydro Plump, 50 ml",Balea,Tagescreme > Gesichtspflege,"5,95 €",https://www.dm.de/applink/p/d/3125227/balea-gesichtscreme-gel-beauty-hyaluron-hydro-plump?appPageType=productdetails&appProductId=3125227&wt_mc=dm-mcp,yes,no,no,True,False,False,True,"Feuchtigkeitsspendende Gel-Creme, Mit 7-facher Hyaluronsäure und Elektrolyten-Komplex, Für ein glatteres und ebenmäßiger",Die Beauty Hyaluron Hydro Plump Gel-Creme mit 7-facher Hyaluronsäure und einem Elektrolyten-Komplex von Balea kann zu einem verbesserten Hautbild beit,Gesichtscreme parfümfrei,dm-mcp-searchProducts,2026-09-04
4066447985399,1622887,"Gesichtscreme Hyaluron Beauty LSF 15, 50 ml",Balea,Tagescreme > Gesichtspflege,"5,95 €",https://www.dm.de/applink/p/d/1622887/balea-gesichtscreme-hyaluron-beauty-lsf-15?appPageType=productdetails&appProductId=1622887&wt_mc=dm-mcp,no,no,no,False,False,False,True,"Gesichtscreme mit Hyaluron und LSF 15, Mit 7-facher Hyaluronsäure und Vitamin E, Für ein pralleres und glatteres Hautbil",Die Balea Beauty Hyaluron Tagescreme mit Lichtschutzfaktor 15 kann die Haut glätten und zur Milderung von Fältchen beitragen. Ihre Wirkstoffkombinatio,nicht komedogen Gesichtscreme,dm-mcp-searchProducts,2026-09-04
4070765004748,1630365,"Gesichtscreme Niacinamide LSF 30, 50 ml",Balea,Tagescreme > Gesichtspflege,"4,95 €",https://www.dm.de/applink/p/d/1630365/balea-gesichtscreme-niacinamide-lsf-30?appPageType=productdetails&appProductId=1630365&wt_mc=dm-mcp,yes,no,no,True,False,False,True,"Gesichtscreme mit Niacinamid, Mit Lichtschutzfaktor 30, Formulierung mit 10 % Niacinamid, Kann die Poren verfeinern","Die Balea Niacinamide Gesichtscreme ist eine Gesichtspflege für einen glatten und ebenmäßigen Teint. Angereichert mit 10 % Niacinamid, kann die Formul",Gesichtscreme parfümfrei | nicht komedogen Gesichtscreme | Balea Med unparfümiert Gesicht | Salicylsäure Gesicht,dm-mcp-searchProducts,2026-09-04
4066447986488,1635098,"Gesichtscreme Urea LSF 15, 50 ml",Balea,Tagescreme > Gesichtspflege,"2,45 €",https://www.dm.de/applink/p/d/1635098/balea-gesichtscreme-urea-lsf-15?appPageType=productdetails&appProductId=1635098&wt_mc=dm-mcp,yes,no,no,True,False,False,True,"Gesichtscreme mit Urea, Mit Lichtschutzfaktor 15, Spendet intensive Feuchtigkeit, Kann Spannungsgefühle der Haut mindern","Die Balea Gesichtscreme Urea mit Lichtschutzfaktor 15 ist eine feuchtigkeitsbindende und beruhigende Pflege, die speziell auf die Bedürfnisse sehr tro",Gesichtscreme parfümfrei | nicht komedogen Gesichtscreme | Balea Med unparfümiert Gesicht,dm-mcp-searchProducts,2026-09-04
4066447986457,1680331,"Gesichtscreme feuchtigkeitsspendend LSF 15, 50 ml",Balea,Gesichtspeeling > Gesichtsmaske > Gesichtsreinigung > Gesichtspflege,"1,95 €",https://www.dm.de/applink/p/d/1680331/balea-gesichtscreme-feuchtigkeitsspendend-lsf-15?appPageType=productdetails&appProductId=1680331&wt_mc=dm-mcp,no,no,no,False,False,False,True,"Tagespflege mit Lichtschutzfaktor 15, Mit 10 % Aloe Vera und Hydro-Komplex, Spendet intensive Feuchtigkeit, Für normale ",Die Balea Feuchtigkeitscreme mit Lichtschutzfaktor 15 versorgt normale sowie Mischhaut mit angenehmer Feuchtigkeit. Angereichert mit einem Hydro-Kompl,nicht komedogen Gesichtscreme | CeraVe Feuchtigkeitscreme | Cetaphil Feuchtigkeitscreme,dm-mcp-searchProducts,2026-09-04
4067796106497,1570298,"Gesichtscreme reichhaltig LSF 15, 50 ml",Balea,Tagescreme > Gesichtspflege,"1,95 €",https://www.dm.de/applink/p/d/1570298/balea-gesichtscreme-reichhaltig-lsf-15?appPageType=productdetails&appProductId=1570298&wt_mc=dm-mcp,no,no,no,False,False,False,True,"Pflegecreme mit LSF 15, Mit Mandelöl, Für trockene und sensible Haut, Spendet Feuchtigkeit",Mit der Gesichtscreme reichhaltig LSF 15 von Balea kann die haut gepflegt und geschützt werden. Diese reichhaltige Pflege wurde speziell für die Bedür,nicht komedogen Gesichtscreme | Cetaphil Feuchtigkeitscreme,dm-mcp-searchProducts,2026-09-04
4066447987973,1681963,"Gesichtsserum Beauty Hyaluron 7-fach, 30 ml",Balea,Serum & Kur > Anti Aging > Gesichtspflege,"4,95 €",https://www.dm.de/applink/p/d/1681963/balea-gesichtsserum-beauty-hyaluron-7-fach?appPageType=productdetails&appProductId=1681963&wt_mc=dm-mcp,no,no,no,False,False,False,True,"Hyaluron-Serum für das Gesicht, Leichte und schnell einziehende Textur, Formel mit 7-facher Hyaluronsäure","Das Gesichtsserum Beauty Hyaluron 7-fach von Balea wurde entwickelt, um das Hautbild zu verbessern. Angereichert mit 7-facher Hyaluronsäure, kann es d",Niacinamid Serum,dm-mcp-searchProducts,2026-09-04
4066447981131,1675236,"Gesichtsserum Vitamin C, 30 ml",Balea,Serum & Kur > Gesichtspflege,"4,95 €",https://www.dm.de/applink/p/d/1675236/balea-gesichtsserum-vitamin-c?appPageType=productdetails&appProductId=1675236&wt_mc=dm-mcp,no,no,no,False,False,False,False,"Gesichtsserum mit Vitamin C, Mit antioxidativer Wirkung, Für ein ebenmäßiges Hautbild, Feuchtigkeitsspendend",Das Balea Vitamin C Gesichtsserum unterstützt einen strahlenden Teint und ein ebenmäßiges Hautbild. Die wirksame Formulierung mit Vitamin C hat eine a,Balea Med unparfümiert Gesicht,dm-mcp-searchProducts,2026-09-04
4066447921670,3127030,"Gesichtswasser hautrein, 200 ml",Balea,Gesichtswasser > Gesichtsreinigung,"1,65 €",https://www.dm.de/applink/p/d/3127030/balea-gesichtswasser-hautrein?appPageType=productdetails&appProductId=3127030&wt_mc=dm-mcp,no,no,no,False,False,False,True,"Gesichtswasser für unreine Haut, Porentief klärend, Kann Pickeln und Mitessern vorbeugen, Formel mit Salizylsäure und Zi",Das Balea Hautrein Gesichtswasser sorgt für eine intensive und porentiefe Reinigung des Gesichts. Dank der bewährten Rezeptur mit Salizylsäure und Zin,Akne Unreinheiten Reinigung | Salicylsäure Gesicht,dm-mcp-searchProducts,2026-09-04
4066447982855,1679746,"Haarmilch Feuchtigkeit, 200 ml",Balea,Haarkur & Haarmaske > Haarpflege,"1,55 €",https://www.dm.de/applink/p/d/1679746/balea-haarmilch-feuchtigkeit?appPageType=productdetails&appProductId=1679746&wt_mc=dm-mcp,no,no,no,False,False,False,True,"Feuchtigkeitspflege für trockenes Haar, Mit tropischem Kokos- & Papaya-Duft, Pflegende Formel mit Anti-Trocken-Effekt, F","Ein tropisches Pflegeerlebnis für trockenes und strapaziertes Haar bietet die Haarmilch Feuchtigkeit von Balea. Die leichte, vegane Formel mit Anti-Tr",Cetaphil Feuchtigkeitscreme,dm-mcp-searchProducts,2026-09-04
4066447239034,1630607,"Nachtcreme Beauty Expert, 30 ml",Balea,Nachtcreme > Gesichtspflege,"5,95 €",https://www.dm.de/applink/p/d/1630607/balea-nachtcreme-beauty-expert?appPageType=productdetails&appProductId=1630607&wt_mc=dm-mcp,yes,no,no,True,False,False,True,"0,3% Retinol* + 2% Bakuchiol, Mildert Falten und Linien effektiv**, Unterstützt den natürlichen Zellprozess der Haut, Gl","Balea Beauty Expert bietet eine wirksame Pflege mit konzentrierten Inhaltsstoffen, optimal abgestimmt auf deine Bedürfnisse – für eine strahlende Haut",Cetaphil Feuchtigkeitscreme,dm-mcp-searchProducts,2026-09-04
4067796106701,1635097,"Nachtcreme Urea, 50 ml",Balea,Nachtcreme > Gesichtspflege,"2,45 €",https://www.dm.de/applink/p/d/1635097/balea-nachtcreme-urea?appPageType=productdetails&appProductId=1635097&wt_mc=dm-mcp,yes,no,no,True,False,False,True,"Intensive Feuchtigkeit mit 5 % Urea, Vermindert Spannungsgefühle und beruhigt die Haut, Für sehr trockene und sensible H","Die Balea Nachtcreme Urea ist speziell auf die Bedürfnisse sehr trockener und sensibler Haut abgestimmt. Mit 5 % Urea, Vitamin E und Panthenol spendet",Gesichtscreme parfümfrei,dm-mcp-searchProducts,2026-09-04
4066447986440,1680332,"Nachtcreme feuchtigkeitsspendend, 50 ml",Balea,Nachtcreme > Gesichtspflege,"1,95 €",https://www.dm.de/applink/p/d/1680332/balea-nachtcreme-feuchtigkeitsspendend?appPageType=productdetails&appProductId=1680332&wt_mc=dm-mcp,no,no,no,False,False,False,True,"Gesichtspflege für die Nacht, Mit 10 % Aloe Vera und Hydro-Komplex, Für normale und Mischhaut, Hautverträglichkeit derma",Die Balea Feuchtigkeits Nachtcreme kann den nächtlichen Regenerationsprozess der Haut unterstützen. Ihre Formulierung mit zehn Prozent Aloe Vera und e,CeraVe Feuchtigkeitscreme,dm-mcp-searchProducts,2026-09-04
4066447923148,1630606,"Peeling Cleanser Beauty Expert, 125 ml",Balea,Gesichtspeeling > Gesichtsreinigung,"4,25 €",https://www.dm.de/applink/p/d/1630606/balea-peeling-cleanser-beauty-expert?appPageType=productdetails&appProductId=1630606&wt_mc=dm-mcp,yes,no,no,True,True,False,False,"Chemischer Peeling-Reiniger, Hautbildverfeinernde Formel, Kann den Hauterneuerungsprozess unterstützen, Für die tägliche","Der Peeling Cleanser Beauty Expert von Balea bietet eine sanfte und zugleich effektive Reinigung für jeden Tag. Das leicht schäumende, chemische Peeli",Gesichtsreinigung ohne Duftstoffe,dm-mcp-searchProducts,2026-09-04
4066447109498,1601877,"Pflegecreme für Gesicht und Körper, Reisegröße, 50 ml",Balea,Bodylotion & Hautcreme > Körperpflege,"0,75 €",https://www.dm.de/applink/p/d/1601877/balea-pflegecreme-fuer-gesicht-und-koerper-reisegroesse?appPageType=productdetails&appProductId=1601877&wt_mc=dm-mcp,no,no,no,False,False,False,True,"Pflege für Gesicht und Körper, Reichhaltige Feuchtigkeitspflege mit Sheabutter, Praktisch für unterwegs, In der praktisc",Die Balea Pflegecreme für Gesicht und Körper mit Sheabutter versorgt die Haut mit intensiver Feuchtigkeit. Ihre  Formulierung pflegt die Haut spürbar ,Cetaphil Feuchtigkeitscreme,dm-mcp-searchProducts,2026-09-04
4066447986471,1706805,"Reinigung Peeling & Maske hautrein 3in1, 150 ml",Balea,Tagescreme > Gesichtspflege,"1,95 €",https://www.dm.de/applink/p/d/1706805/balea-reinigung-peeling-und-maske-hautrein-3in1?appPageType=productdetails&appProductId=1706805&wt_mc=dm-mcp,yes,no,no,True,False,False,True,"3in1 Produkt für unreine Haut, Mit rosa Tonerde Salizylsäure und Zink, Wirkt gezielt gegen Pickel und Mitesser","Das Balea Reinigung, Peeling & Maske hautrein 3in1 ist eine vielseitige Pflege, die speziell für unreine Haut entwickelt wurde. Angereichert mit rosa ",Akne Unreinheiten Reinigung,dm-mcp-searchProducts,2026-09-04
4066447233728,1431496,"Reinigungsschaum Mild, 150 ml",Balea,Reinigungsschaum > Gesichtsreinigung,"1,95 €",https://www.dm.de/applink/p/d/1431496/balea-reinigungsschaum-mild?appPageType=productdetails&appProductId=1431496&wt_mc=dm-mcp,no,no,no,False,False,False,True,"Schonende & gründliche Reinigung, Für trockene und sensible Haut, Hautverträglichkeit dermatologisch bestätigt, Rezeptur",Balea Milder Reinigungsschaum enthält eine Formulierung mit Mandelblüten-Extrakt und Provitamin B5. Der Reinigungsschaum verwöhnt und pflegt die Haut.,Akne Unreinheiten Reinigung,dm-mcp-searchProducts,2026-09-04
4066447972566,1685670,"Reinigungsschaum hautrein, 150 ml",Balea,Gesichtsreinigung,"2,95 €",https://www.dm.de/applink/p/d/1685670/balea-reinigungsschaum-hautrein?appPageType=productdetails&appProductId=1685670&wt_mc=dm-mcp,no,no,no,False,True,False,False,"Reinigungsschaum für unreine Haut, Mit Zink und Niacinamid, Formel mit AHA und BHA, Gründliche Reinigung","Der Balea Hautrein Reinigungsschaum ist eine Spezialpflege, die speziell für zu Unreinheiten neigende Haut entwickelt wurde. Seine Formel mit milden Z",Akne Unreinheiten Reinigung | Salicylsäure Gesicht,dm-mcp-searchProducts,2026-09-04
4066447987706,1437541,"Reinigungsöl mit Arganöl, 100 ml",Balea,Gesichtsreinigung,"2,55 €",https://www.dm.de/applink/p/d/1437541/balea-reinigungsoel-mit-arganoel?appPageType=productdetails&appProductId=1437541&wt_mc=dm-mcp,yes,no,no,True,False,False,True,"Reinigendes Öl für das Gesicht, Mit pflegendem Arganöl, Entfernt auch wasserfestes Make-up, Ideal für trockene Haut, Ohn","Das Balea Reinigungs-Öl befreit die Haut besonders sanft von Make-up, Schmutzpartikeln und Ablagerungen. Die seidige Formulierung mit Arganöl hilft da",Gesichtsreinigung ohne Duftstoffe,dm-mcp-searchProducts,2026-09-04
4066447245028,1689118,"Serum Beauty Expert Azelain Booster, 30 ml",Balea,Serum & Kur > Gesichtspflege,"5,95 €",https://www.dm.de/applink/p/d/1689118/balea-serum-beauty-expert-azelain-booster?appPageType=productdetails&appProductId=1689118&wt_mc=dm-mcp,yes,no,no,True,True,False,False,"3% Azelain* + 1% Panthenol, Mildert Hautunreinheiten, Rötungen und Pickelmale** und minimiert Hyperpigmentation**, Hautb","Das Balea Beauty Expert Serum Azelain Booster bietet eine wirksame Pflege mit konzentrierten Inhaltsstoffen, optimal abgestimmt auf die Bedürfnisse de",Niacinamid Serum | The Ordinary Azelaic,dm-mcp-searchProducts,2026-09-04
4066447755114,1679661,"Serum Beauty Expert Calming, 30 ml",Balea,Serum & Kur > Gesichtspflege,"5,95 €",https://www.dm.de/applink/p/d/1679661/balea-serum-beauty-expert-calming?appPageType=productdetails&appProductId=1679661&wt_mc=dm-mcp,yes,no,no,True,False,False,True,"Stärkt die Hautbarriere mit einem Ceramide-Komplex, Beruhigt Rötungen und Hautirritationen, Lindert Spannungsgefühle bei","Das Serum Beauty Expert Calming von Balea ist die ideale Lösung für eine geschmeidige und gut gepflegte Haut. Mit einem Ceramide-Komplex von 0,3 % wir",Niacinamid Serum,dm-mcp-searchProducts,2026-09-04
4066447981070,1343694,"Serum Beauty Expert Plump & Glow, 30 ml",Balea,Serum & Kur > Gesichtspflege,"5,95 €",https://www.dm.de/applink/p/d/1343694/balea-serum-beauty-expert-plump-und-glow?appPageType=productdetails&appProductId=1343694&wt_mc=dm-mcp,yes,no,no,True,False,False,True,"Aufpolsterndes und feuchtigkeitsspendendes Gesichtsserum, Mit Hyaluronsäure, Niacinamid und Koffein, Glättend und erfris",Verleiht einen strahlenden Teint: Das Serum Plump & Glow von Balea ist ein intensiver Feuchtigkeits-Booster. Die Formulierung mit einem Feuchtigkeitsk,Niacinamid Serum,dm-mcp-searchProducts,2026-09-04
4066447438765,1710324,"Serum Beauty Expert Vitamin C Serum-Creme LSF 30, 50 ml",Balea,Serum & Kur > Tagescreme > Gesichtspflege,"5,95 €",https://www.dm.de/applink/p/d/1710324/balea-serum-beauty-expert-vitamin-c-serum-creme-lsf-30?appPageType=productdetails&appProductId=1710324&wt_mc=dm-mcp,yes,no,no,True,False,False,True,"2% Vitamin C* + 1% Vitamin E, Mildert Hyperpigmentierung, verleiht einen zarten Glow und wirkt hautbildausgleichend, Mit","Für eine strahlende Haut: Balea Beauty Expert bietet eine wirksame Pflege mit konzentrierten Inhaltsstoffen, optimal abgestimmt auf die Bedürfnisse de",Niacinamid Serum,dm-mcp-searchProducts,2026-09-04
4066447215458,1676288,"Serum Niacinamide, 30 ml",Balea,Serum & Kur > Gesichtspflege,"4,95 €",https://www.dm.de/applink/p/d/1676288/balea-serum-niacinamide?appPageType=productdetails&appProductId=1676288&wt_mc=dm-mcp,yes,no,no,True,False,False,True,"Mit 10 % Niacinamide und 1 % Zink, Verfeinert das Hautbild**, Für einen glatten und ebenmäßigen Teint**, Parfümfrei, Rez",Multitalent für schöne und gestärkte Haut: Balea Niacinamide unterstützt die Hautbarriere und verfeinert das Erscheinungsbild der Haut.  Das SERUM ver,Niacinamid Serum | The Ordinary Azelaic,dm-mcp-searchProducts,2026-09-04
4066447245042,1676907,"Serum Vital+ Intensivserum Ceramide, 30 ml",Balea,Serum & Kur > Gesichtspflege,"4,95 €",https://www.dm.de/applink/p/d/1676907/balea-serum-vital-intensivserum-ceramide?appPageType=productdetails&appProductId=1676907&wt_mc=dm-mcp,no,no,no,False,False,False,True,"Regenerierend & feuchtigkeitsspendend, Mit Calcium, Hyaluronsäure und Sojaöl, 5-fach Wirkung gegen Hautalterung, Strafft",Intensive Pflege für höchste Ansprüche: Balea VITAL+ speziell für die Bedürfnisse sehr reifer Haut - für neue Widerstandskraft und Festigkeit.  Die Wi,Niacinamid Serum,dm-mcp-searchProducts,2026-09-04
4067796183573,1568809,"Soft Creme, 250 ml",Balea,Bodylotion & Hautcreme > Körperpflege,"1,15 €",https://www.dm.de/applink/p/d/1568809/balea-soft-creme?appPageType=productdetails&appProductId=1568809&wt_mc=dm-mcp,no,no,no,False,False,False,True,"Creme, Blumiger, fruchtiger und holziger Duft, 24h Feuchtigkeit, Angereichert mit pflegenden Ölen und Vitamin E, Für Ges","Die Soft Creme von Balea bietet eine reichhaltige Feuchtigkeitspflege für Gesicht und Körper. Mit ihrem angenehm blumigen, fruchtigen und holzigen Duf",Purito Creme,dm-mcp-searchProducts,2026-09-04
4066447859690,3077134,"Sonnenspray Gesicht UV Protection LSF 50, 50 ml",Balea,Sonnenspray > Sonnenpflege,"3,95 €",https://www.dm.de/applink/p/d/3077134/balea-sonnenspray-gesicht-uv-protection-lsf-50?appPageType=productdetails&appProductId=3077134&wt_mc=dm-mcp,yes,no,no,True,False,False,True,"UV-Schutz- und Pflegespray mit LSF50, Mit Glycerin und Vitamin E, Leichte Formulierung, Schnell einziehend",Das Sonnenspray Gesicht UV Protection mit Lichtschutzfaktor 50 von Balea bietet einen hohen Sonnenschutz und kann die Haut vor UVA- und UVB-Strahlen s,Salicylsäure Gesicht,dm-mcp-searchProducts,2026-09-04
4070765001624,3125096,"Sprühpflege Feuchtigkeit 5in1, 150 ml",Balea,Haarkur & Haarmaske > Haarpflege,"1,55 €",https://www.dm.de/applink/p/d/3125096/balea-spruehpflege-feuchtigkeit-5in1?appPageType=productdetails&appProductId=3125096&wt_mc=dm-mcp,no,no,no,False,False,False,True,"5-in-1 Sprühpflege für das Haar, Mit exotischem Duft nach Kokos & Papaya, Bietet Hitzeschutz bis zu 230 Grad, Hautverträ",Die Balea Feuchtigkeit 5in1 Sprühpflege ist ideal geeignet für trockenes und strapaziertes Haar. Die Pflegeformel bietet fünf Vorteile in einem Produk,Cetaphil Feuchtigkeitscreme,dm-mcp-searchProducts,2026-09-04
4066447855135,3081197,"Gesichtscreme Lift Effect LSF 30, 50 ml",Balea MEN,Gesichtspflege für Männer > Pflegeprodukte für Männer,"4,45 €",https://www.dm.de/applink/p/d/3081197/balea-men-gesichtscreme-lift-effect-lsf-30?appPageType=productdetails&appProductId=3081197&wt_mc=dm-mcp,no,no,no,False,False,False,True,"Tagescreme mit LSF 30, Mit Retinol-Peptid-Komplex, Erzielt eine glättende Wirkung, Enthält Algen-Extrakte & marines Glyk",Die Lift Effect Tagescreme von Balea MEN kombiniert effektive Pflege mit Schutz vor UV-Strahlen. Der Retinol-Peptid-Komplex mildert Zeichen der Hautal,Cetaphil Feuchtigkeitscreme,dm-mcp-searchProducts,2026-09-04
4066447953992,1569569,"Gesichtscreme Ultra Sensitive, 50 ml",Balea MEN,Gesichtspflege für Männer > Pflegeprodukte für Männer,"2,95 €",https://www.dm.de/applink/p/d/1569569/balea-men-gesichtscreme-ultra-sensitive?appPageType=productdetails&appProductId=1569569&wt_mc=dm-mcp,yes,no,no,True,False,False,True,"Gesichtscreme mit leichter Gelcreme-Textur, Ausgleichend für empfindliche Haut, Ideal auch als After-Shave-Pflege, Ohne ","Speziell für die Bedürfnisse empfindlicher Männerhaut entwickelt, bietet die Gesichtscreme Ultra Sensitive von Balea MEN eine leichte und erfrischende",Gesichtscreme parfümfrei | nicht komedogen Gesichtscreme,dm-mcp-searchProducts,2026-09-04
4070765026894,3151631,"Feuchtigkeitsfiller Aqua Hyaluron, 50 ml",Balea PROFESSIONAL,Haarkur & Haarmaske > Haarpflege,"2,95 €",https://www.dm.de/applink/p/d/3151631/balea-professional-feuchtigkeitsfiller-aqua-hyaluron?appPageType=productdetails&appProductId=3151631&wt_mc=dm-mcp,no,no,no,False,False,False,False,"Feuchtigkeitsfiller für das Haar, Für ein schwereloses Haargefühl, Spendet intensive Feuchtigkeit, Ideal für trockenes &",Der Balea PROFESSIONAL Aqua Hyaluron Filler versorgt das Haar mit intensiver Feuchtigkeit. Die schwerelose Formulierung kann zu einem geschmeidigen un,Cetaphil Feuchtigkeitscreme,dm-mcp-searchProducts,2026-09-04
4066447953022,1657418,"Anti-Pickel Gesichtspflege Ultra Sensitive, 50 ml",Balea med,Anti Pickel & Mitesser > Gesichtspflege,"3,95 €",https://www.dm.de/applink/p/d/1657418/balea-med-anti-pickel-gesichtspflege-ultra-sensitive?appPageType=productdetails&appProductId=1657418&wt_mc=dm-mcp,no,no,no,False,False,False,False,"Gesichtspflege für unreine und sensible Haut, Besonders hautberuhigend, Kann Rötungen und Juckreiz lindern, Unterstützt ",Die Anti-Pickel Gesichtspflege Ultra Sensitive von Balea med wurde speziell für die Bedürfnisse empfindlicher und zu Unreinheiten neigender Haut entwi,Balea Med unparfümiert Gesicht | Salicylsäure Gesicht,dm-mcp-searchProducts,2026-09-04
4066447970005,3127928,"Feuchtigkeitselixier ultra sensitive, 20 ml",Balea med,Serum & Kur > Gesichtspflege,"1,95 €",https://www.dm.de/applink/p/d/3127928/balea-med-feuchtigkeitselixier-ultra-sensitive?appPageType=productdetails&appProductId=3127928&wt_mc=dm-mcp,yes,no,no,True,False,False,True,"Feuchtigkeitsserum für empfindliche Haut, Sanfte Formel mit 5 % Panthenol, Spendet Feuchtigkeit mit Hyaluronsäure, Ohne ",Das Feuchtigkeitselixier sensitive von Balea med wurde speziell für die Bedürfnisse empfindlicher Haut entwickelt. Mit seiner gezielten Formel kann es,The Ordinary Azelaic,dm-mcp-searchProducts,2026-09-04
4066447952995,1709646,"Gesichtscreme Ultra Sensitive Barrierschutz, 50 ml",Balea med,Tagescreme > Gesichtspflege,"4,45 €",https://www.dm.de/applink/p/d/1709646/balea-med-gesichtscreme-ultra-sensitive-barrierschutz?appPageType=productdetails&appProductId=1709646&wt_mc=dm-mcp,yes,no,no,True,False,False,True,"Stärkende Barrierecreme, Mit 3-fach Ceramide-Komplex und 5 % Panthenol, Kann die natürliche Hautschutzbarriere stärken, ",Die Balea Med Ultra Sensitive Hautbarriere Creme ist eine ideale Pflege für beanspruchte und sensible Haut. Ihre Formulierung mit einem 3-fach Ceramid,Balea Med unparfümiert Gesicht,dm-mcp-searchProducts,2026-09-04
4066447952988,1565294,"Gesichtscreme Ultra Sensitive, 50 ml",Balea med,Tagescreme > Gesichtspflege,"3,45 €",https://www.dm.de/applink/p/d/1565294/balea-med-gesichtscreme-ultra-sensitive?appPageType=productdetails&appProductId=1565294&wt_mc=dm-mcp,yes,no,no,True,False,False,True,"Gesichtspflege für den Tag, Ideal für sensible und zu Irritationen neigende Haut, Kann die natürliche Hautschutzfunktion",Die Balea Med Tagescreme Ultra Sensitive ist eine speziell entwickelte Pflege für den Tag. Sie richtet sich an die Bedürfnisse von empfindlicher und z,Balea Med unparfümiert Gesicht,dm-mcp-searchProducts,2026-09-04
4066447970029,3127933,"Gesichtsmaske kühlend ultra sensitive, 50 ml",Balea med,Gesichtsmaske > Gesichtspflege,"3,95 €",https://www.dm.de/applink/p/d/3127933/balea-med-gesichtsmaske-kuehlend-ultra-sensitive?appPageType=productdetails&appProductId=3127933&wt_mc=dm-mcp,yes,no,no,True,False,False,True,"Gesichtsmaske für empfindliche Haut, Mit Aloe Vera, Beruhigende und pflegende Formel, Vegan, Ohne Parfum, Parabene und F",Speziell für die Bedürfnisse empfindlicher Haut wurde die Gesichtsmaske sensitive kühlend von Balea MED entwickelt. Die pflegende Formulierung mit Alo,Balea Med unparfümiert Gesicht,dm-mcp-searchProducts,2026-09-04
4066447953053,1692255,"Gesichtsserum Ultra Sensitiv, 30 ml",Balea med,Serum & Kur > Gesichtspflege,"4,95 €",https://www.dm.de/applink/p/d/1692255/balea-med-gesichtsserum-ultra-sensitiv?appPageType=productdetails&appProductId=1692255&wt_mc=dm-mcp,yes,no,no,True,False,False,True,"Intensiv pflegendes Gesichtsserum, Mit 7-fach Hyaluronsäure, Glycerin und Ectoin, Kann feine Linien und Fältchen reduzie","Das Balea MED Ultra Sensitive Intensiv Serum versorgt die Haut dank seiner Formel mit 7-fach Hyaluronsäure, Glycerin und Panthenol langanhaltend mit F",Balea Med unparfümiert Gesicht,dm-mcp-searchProducts,2026-09-04
4066447919738,1623936,"Gesichtswasser Ultra Sensitive, 200 ml",Balea med,Gesichtswasser > Gesichtsreinigung,"2,95 €",https://www.dm.de/applink/p/d/1623936/balea-med-gesichtswasser-ultra-sensitive?appPageType=productdetails&appProductId=1623936&wt_mc=dm-mcp,yes,no,no,True,False,False,True,"Gesichtswasser für empfindliche Haut, Besonders sanft und klärend, Unterstützt das Gleichgewicht der Haut, Mit beruhigen",Das Balea med Ultra Sensitive Gesichtswasser wurde speziell für die Bedürfnisse empfindlicher Haut entwickelt und vom Deutschen Allergie- und Asthmabu,Gesichtsreinigung ohne Duftstoffe | Balea Med unparfümiert Gesicht | Salicylsäure Gesicht,dm-mcp-searchProducts,2026-09-04
4066447952605,1623935,"Reinigungsmilch Ultra Sensitive, 200 ml",Balea med,Gesichtsreinigung,"2,95 €",https://www.dm.de/applink/p/d/1623935/balea-med-reinigungsmilch-ultra-sensitive?appPageType=productdetails&appProductId=1623935&wt_mc=dm-mcp,yes,no,no,True,False,False,True,"Milde Reinigungsmilch für Gesicht und Augen, Besonders sanft, Entfernt auch wasserfestes Make-up, Bei zu Rötungen neigen",Die Balea med Ultra Sensitive Reinigungsmilch ist eine besonders sanfte Pflege für empfindliche und zu Irritationen neigende Haut. Sie befreit Gesicht,Gesichtsreinigung ohne Duftstoffe | Akne Unreinheiten Reinigung | Balea Med unparfümiert Gesicht,dm-mcp-searchProducts,2026-09-04
4066447952582,1609515,"Reinigungsschaum Ultra Sensitive, 150 ml",Balea med,Gesichtsreinigung,"2,95 €",https://www.dm.de/applink/p/d/1609515/balea-med-reinigungsschaum-ultra-sensitive?appPageType=productdetails&appProductId=1609515&wt_mc=dm-mcp,yes,no,no,True,False,False,True,"Sanfter Reinigungsschaum, Mit Panthenol und Allantoin, Auch für den Augenbereich geeignet, Ohne Parfum, Parabene und Far",Der Balea med Ultra Sensitive Reinigungsschaum reinigt empfindliche und zu Irritationen neigende Haut besonders sanft. Die Formulierung mit Panthenol ,Gesichtsreinigung ohne Duftstoffe | Akne Unreinheiten Reinigung,dm-mcp-searchProducts,2026-09-04
4070765077766,3063504,"Waschgel Jelly Wash Ultra Sensitive, 150 ml",Balea med,Gesichtsreinigung,"3,95 €",https://www.dm.de/applink/p/d/3063504/balea-med-waschgel-jelly-wash-ultra-sensitive?appPageType=productdetails&appProductId=3063504&wt_mc=dm-mcp,yes,no,no,True,False,False,True,"Jelly Waschgel für empfindliche Haut, Mit Betain, Inulin und Panthenol, Unterstützt das Gleichgewicht des Haut-Mikrobiom","Das Balea MED Ultra Sensitive Jelly Waschgel ist speziell für die Bedürfnisse empfindlicher Haut entwickelt worden. Die sanfte Formel mit Betain, Inul",Balea Med unparfümiert Gesicht,dm-mcp-searchProducts,2026-09-04
4066447952971,1691474,"Waschgel Ultra Sensitive, 150 ml",Balea med,Gesichtsreinigung,"2,95 €",https://www.dm.de/applink/p/d/1691474/balea-med-waschgel-ultra-sensitive?appPageType=productdetails&appProductId=1691474&wt_mc=dm-mcp,yes,no,no,True,False,False,True,"Sanftes Reinigungsgel für empfindliche Haut, Mit Panthenol und Bisabolol, Ohne Parfüm Parabene und Farbstoffe","Das Balea med Waschgel Ultra Sensitive reinigt empfindliche Haut besonders schonend, ohne sie auszutrocknen. Es befreit die Haut zuverlässig von Schmu",Gesichtsreinigung ohne Duftstoffe | Balea Med unparfümiert Gesicht,dm-mcp-searchProducts,2026-09-04
8809657114960,2169420,"Serum Glow Propolis & Niacinamide, 30 ml",Beauty of Joseon,Serum & Kur > Koreanische Kosmetik > Gesichtspflege,"16,95 €",https://www.dm.de/applink/p/d/2169420/beauty-of-joseon-serum-glow-propolis-und-niacinamide?appPageType=productdetails&appProductId=2169420&wt_mc=dm-mcp,no,no,no,False,False,False,False,"Glow-Serum, Unterstützt die Regulierung der Talgproduktion, Ideal für empfindliche und ölige Haut, Leichte Textur für ei","Das Beauty of Joseon Glow Serum Propolis kombiniert Propolis-Extrakt und Niacinamid, um die Haut intensiv zu pflegen und ihr einen natürlichen Glow zu",Niacinamid Serum,dm-mcp-searchProducts,2026-09-04
4065331004215,1336220,"Baby SOS Aloe Vera Gel kühlend, 75 ml",Bübchen,Babyöl & Babycreme > Babypflege,"1,95 €",https://www.dm.de/applink/p/d/1336220/buebchen-baby-sos-aloe-vera-gel-kuehlend?appPageType=productdetails&appProductId=1336220&wt_mc=dm-mcp,yes,no,no,True,False,False,False,"Kühlendes Gel, Mit 90 % Bio Aloe Vera, Hilft bei Sonnenbrand und Insekten, Ideal für zarte Babyhaut","Wenn der kleine Schatz unter juckender und geröteter Haut leidet, leistet das SOS Aloe Vera Gel von Bübchen schnelle Abhilfe. Mit seiner hochwertigen ",Baby Pflege parfümfrei,dm-mcp-searchProducts,2026-09-04
4065331004178,1336209,"Baby SOS Bäuchlein Massage Salbe, 50 ml",Bübchen,Babyöl & Babycreme > Baby- & Kindergesundheit > Babypflege,"2,95 €",https://www.dm.de/applink/p/d/1336209/buebchen-baby-sos-baeuchlein-massage-salbe?appPageType=productdetails&appProductId=1336209&wt_mc=dm-mcp,yes,no,no,True,False,False,False,"Sanfte Massagesalbe für Babys ab dem 2. Monat, Für entspannende Bauchmassagen, Pflegt und schützt die Haut, Wird von Heb",Mit der SOS Bäuchlein Massage Salbe von Bübchen wird Schutz und Pflege wunderbar und besonders mild vereint. Die Salbe ist für Babys ab dem zweiten Mo,Baby Creme ohne Parfum,dm-mcp-searchProducts,2026-09-04
4059729589439,3111563,"Nagellack Gel Affair 048 Frosted Crush, 10,5 ml",CATRICE,Nagellack > Nägel,"2,95 €",https://www.dm.de/applink/p/d/3111563/catrice-nagellack-gel-affair-048-frosted-crush?appPageType=productdetails&appProductId=3111563&wt_mc=dm-mcp,yes,no,no,True,False,False,True,"Nagellack in einem kühlen Pink-Ton, Hochglänzendes Finish, Hält bis zu 7 Tage, Ohne Unter- oder Überlack anwendbar, Gel-",Für ein langanhaltendes und hochglänzendes Nagelstyling sorgt der Nagellack Gel Affair in der Farbe 048 Frosted Crush von CATRICE. Der kühle Pink-Ton ,La Roche Posay Effaclar,dm-mcp-searchProducts,2026-09-04
4045612011927,3130044,"Deo Roll-on Wasserlilie, 50 ml",CD,Deo > Körperpflege,"2,45 €",https://www.dm.de/applink/p/d/3130044/cd-deo-roll-on-wasserlilie?appPageType=productdetails&appProductId=3130044&wt_mc=dm-mcp,no,no,no,False,False,False,True,"Deodorant mit Wasserlilien-Extrakt, Bis zu 48 Stunden zuverlässigen Schutz, Für empfindliche Haut geeignet, Hinterlässt ","Der CD Deo Roll-On Wasserlilie verleiht ein Gefühl von langanhaltender Frische. Angereichert mit dem Extrakt der Wasserlilie, umhüllt das Deodorant di",Cetaphil Feuchtigkeitscreme,dm-mcp-searchProducts,2026-09-04
4045612011835,3130039,"Deospray Wasserlilie, 150 ml",CD,Deo > Körperpflege,"2,45 €",https://www.dm.de/applink/p/d/3130039/cd-deospray-wasserlilie?appPageType=productdetails&appProductId=3130039&wt_mc=dm-mcp,no,no,no,False,False,False,True,"Deodorant Spray, Mit dem Duft von Wasserlilie, Bis zu 48 Stunden Schutz, Für empfindliche Haut geeignet, Ohne Aluminiums",Das CD Deo Spray Wasserlilie mit natürlichem Wasserlilien-Extrakt sorgt für ein langanhaltendes Gefühl von Frische und Sicherheit. Die milde Formel is,Cetaphil Feuchtigkeitscreme,dm-mcp-searchProducts,2026-09-04
4260734932572,3095205,"UV Gel Nagelfolien, Gel Strips Rosy Flash, 20 St",Doonails,Nagelfolien > Nägel,"12,95 €",https://www.dm.de/applink/p/d/3095205/doonails-uv-gel-nagelfolien-gel-strips-rosy-flash?appPageType=productdetails&appProductId=3095205&wt_mc=dm-mcp,no,no,no,False,True,False,False,"Nagelfolien, Bis zu 3 Wochen Halt ohne Absplittern, UV-Lack zum Aufkleben, Für ein natürliches Aussehen und Tragegefühl",Die Doonails UV Nagelfolien in der Farbe Rosy Flash verleihen den Nägeln eine zeitlose und elegante Ausstrahlung. Durch den zarten Nude-Rosa-Tin mit e,La Roche Posay Effaclar,dm-mcp-searchProducts,2026-09-04
3600542663274,3112047,"Anti-Unreinheiten Sorbet Creme Salicylic, 85 ml",GARNIER,Tagescreme > Gesichtspflege,"5,95 €",https://www.dm.de/applink/p/d/3112047/garnier-anti-unreinheiten-sorbet-creme-salicylic?appPageType=productdetails&appProductId=3112047&wt_mc=dm-mcp,no,no,no,False,False,False,True,"Creme gegen Hautunreinheiten, Mattierende Pflege, Wirkt Unreinheiten entgegen, Ultra-leichte Sorbet-Textur",Für ein sichtbar ebenmäßigeres und geschmeidigeres Hautgefühl sorgt die Anti-Unreinheiten Sorbet Creme Salicylic von GARNIER. Dank ihrer pflegenden Fo,Akne Unreinheiten Reinigung | Salicylsäure Gesicht,dm-mcp-searchProducts,2026-09-04
3600542663182,3111868,"Feuchtigkeitscreme Hyaluron Sorbet Creme, 85 ml",GARNIER,Tagescreme > Gesichtspflege,"5,95 €",https://www.dm.de/applink/p/d/3111868/garnier-feuchtigkeitscreme-hyaluron-sorbet-creme?appPageType=productdetails&appProductId=3111868&wt_mc=dm-mcp,no,no,no,False,False,False,True,"Aufpolsternde Sorbet-Creme, Mit Hyaluronsäure und Niacinamid, Erfrischende Sorbet-Textur, Spendet intensive Feuchtigkeit",Für ein aufgepolstertes und geschmeidiges Hautbild sorgt die Feuchtigkeitscreme Hyaluron Sorbet Creme von GARNIER. Ihre pflegende Formel mit Hyalurons,CeraVe Feuchtigkeitscreme,dm-mcp-searchProducts,2026-09-04
3600541334496,1393140,"Körpermilch glättend, 0,4 l",GARNIER Body,Anti Cellulite > Bodylotion & Hautcreme > Körperpflege,"3,65 €",https://www.dm.de/applink/p/d/1393140/garnier-body-koerpermilch-glaettend?appPageType=productdetails&appProductId=1393140&wt_mc=dm-mcp,no,no,no,False,False,False,False,,Die Bodyurea Creme-Milk von Garnier versorgt Ihre Haut langanhaltend mit Feuchtigkeit und stärkt so ihre Schutzbarriere. Die reichhaltige Milk-Textur ,Cetaphil Feuchtigkeitscreme,dm-mcp-searchProducts,2026-09-04
3600541698482,1425075,"Mizellenwasser empfindliche Haut All in 1, 400 ml",Garnier Skin Active,Gesichtsreinigung,"3,95 €",https://www.dm.de/applink/p/d/1425075/garnier-skin-active-mizellenwasser-empfindliche-haut-all-in-1?appPageType=productdetails&appProductId=1425075&wt_mc=dm-mcp,yes,no,no,True,False,False,False,"Entfernt wirksam Make-up ohne Rubbeln oder Reiben, Ideal für intensive Reinigung von Gesicht, Augen und Lippen, Reinigt ","Das Garnier Mizellen Reinigungswasser für empfindliche Haut ist die All-in-1-Lösung für eine schnelle und schonende Reinigung von Gesicht, Lippen und ",Gesichtsreinigung ohne Duftstoffe,dm-mcp-searchProducts,2026-09-04
3600542488037,1692331,"Reinigungsschaum Salicylic Cleanser, 250 ml",Garnier Skin Active,Gesichtsreinigung,"5,95 €",https://www.dm.de/applink/p/d/1692331/garnier-skin-active-reinigungsschaum-salicylic-cleanser?appPageType=productdetails&appProductId=1692331&wt_mc=dm-mcp,yes,no,no,True,False,False,False,"Reinigungsschaum in praktischem Pumpspender, Für empfindliche Haut und jeden Hauttyp geeignet, Reinigende Pflege und Ent",Der Hydrating Deep Cleanser von GARNIER Hautklar sorgt für eine angenehme Pflege und eine intensive Reinigung der Haut. Außerdem wird die Haut während,Gesichtsreinigung ohne Duftstoffe | Akne Unreinheiten Reinigung,dm-mcp-searchProducts,2026-09-04
3600542648615,1628706,"Serum Glow Booster, Vitamin C Anti-Dunkle-Flecken, 30 ml",Garnier Skin Active,Serum & Kur > Gesichtspflege,"11,95 €",https://www.dm.de/applink/p/d/1628706/garnier-skin-active-serum-glow-booster-vitamin-c-anti-dunkle-flecken?appPageType=productdetails&appProductId=1628706&wt_mc=dm-mcp,no,no,no,False,False,False,True,"Schützt vor Umwelteinflüssen und regt Kollagenproduktion an, Mildert dunkle Flecken durch Melasyl, Sorgt für einen strah","Das Serum Glow Booster, Vitamin C Anti-Dunkle-Flecken von Garnier Skin Active ist der Schlüssel zu strahlend schöner Haut. Diese vegane Formel, frei v",Niacinamid Serum | Salicylsäure Gesicht,dm-mcp-searchProducts,2026-09-04
3600542449595,1628705,"Serum-Creme 2in1 Vitamin C, LSF 25, 50 ml",Garnier Skin Active,Tagescreme > Gesichtspflege,"9,95 €",https://www.dm.de/applink/p/d/1628705/garnier-skin-active-serum-creme-2in1-vitamin-c-lsf-25?appPageType=productdetails&appProductId=1628705&wt_mc=dm-mcp,no,no,no,False,False,False,False,"Kombination aus Tagescreme und Serum, Mit Lichtschutzfaktor 25, Feuchtigkeitsspendende Wirkung, Mildert dunkle Flecken, ",Die Garnier SkinActive Vitamin C Serum Crème mit Lichtschutzfaktor 25 kombiniert Tagespflege und Serum in einem Produkt. Die leichte Formel mit Vitami,CeraVe Feuchtigkeitscreme,dm-mcp-searchProducts,2026-09-04
5999566330421,1465012,"Feuchtigkeitscreme 101 Hydration Station, 50 ml",Geek&Gorgeous,Tagescreme > Gesichtspflege,"8,35 €",https://www.dm.de/applink/p/d/1465012/geek-und-gorgeous-feuchtigkeitscreme-101-hydration-station?appPageType=productdetails&appProductId=1465012&wt_mc=dm-mcp,yes,no,no,True,False,False,True,"Feuchtigkeitsscreme, Versorgt die Haut mit Feuchtigkeit, Wirkt beruhigend, Leichte, gelartige Textur, Mit Glycerin, Bisa",Die Hydration Station Feuchtigkeitscreme von Geek & Gorgeous lässt sich dank seiner gelartigen Textur einfach auftragen. Die Creme eignet sich ideal f,CeraVe Feuchtigkeitscreme,dm-mcp-searchProducts,2026-09-04
5999566330445,1306263,"Gesichtscreme 101 Happier Barrier, 50 ml",Geek&Gorgeous,Tagescreme > Gesichtspflege,"10,35 €",https://www.dm.de/applink/p/d/1306263/geek-und-gorgeous-gesichtscreme-101-happier-barrier?appPageType=productdetails&appProductId=1306263&wt_mc=dm-mcp,yes,no,no,True,False,False,True,"Feuchtigkeitscreme, Für gepflegte Haut, Feuchtigkeitsspendend, Antioxidativer Schutz dank Grüntee-Extrakt, Mit Squalan, ",Die Happy Barrier Gesichtscreme von Geek&Gorgeous fördert nachhaltig und kann für eine gesunde Hautbarriere sorgen. Die intensiv nährende Creme spende,Gesichtscreme parfümfrei | nicht komedogen Gesichtscreme | CeraVe Feuchtigkeitscreme | Cetaphil Feuchtigkeitscreme,dm-mcp-searchProducts,2026-09-04
5999566331336,3131974,"Gesichtscreme Sonnenschutz 101 Zero Feel LSF 50, 75 ml",Geek&Gorgeous,Tagescreme > Gesichtspflege,"12,35 €",https://www.dm.de/applink/p/d/3131974/geek-und-gorgeous-gesichtscreme-sonnenschutz-101-zero-feel-lsf-50?appPageType=productdetails&appProductId=3131974&wt_mc=dm-mcp,yes,no,no,True,False,False,True,"Mit Lichtschutzfaktor 50, Schutz vor UVA- und UVB-Strahlen, Schnell einziehend, matt, nicht fettend – kein weißer Film, ","Gesichtscreme Sunscreen Gentle Zero Feel LSF 50 von Geek & Gorgeous ist eine sanfte, breitbandige Sonnencreme mit modernen organischen Filtern, die zu",The Ordinary Azelaic,dm-mcp-searchProducts,2026-09-04
5999566330292,1459264,"Gesichtsserum 101 A-Game-10 0.1% Retinal, 30 ml",Geek&Gorgeous,Serum & Kur > Gesichtspflege,"18,35 €",https://www.dm.de/applink/p/d/1459264/geek-und-gorgeous-gesichtsserum-101-a-game-10-0-1-prozent-retinal?appPageType=productdetails&appProductId=1459264&wt_mc=dm-mcp,yes,no,no,True,True,False,True,"Retinal Serum, Kann Hautalterung entgegenwirken, Sorgt für Elastizität, Für glatte und ebenmäßige Haut",Das Retinal A-Game 10 Serum von Geek & Gorgeous kann ersten Alterungsanzeichen der Haut entgegenwirken. Das enthaltene Retinal wird aus Vitamin A gebi,The Ordinary Azelaic,dm-mcp-searchProducts,2026-09-04
5999566330797,2978218,"Gesichtsserum 101 A-Game-20 0,2% Retinal, 30 ml",Geek&Gorgeous,Serum & Kur > Gesichtspflege,"22,35 €",https://www.dm.de/applink/p/d/2978218/geek-und-gorgeous-gesichtsserum-101-a-game-20-0-2-prozent-retinal?appPageType=productdetails&appProductId=2978218&wt_mc=dm-mcp,yes,no,no,True,True,False,False,"Gesichtsserum, Fördert die Spannkraft der Haut, Mindert sichtbare Zeichen der Hautalterung, Verleiht einen frischeren, j","Das Serum 101 A-Game 0,2% Ret. von Geek&Gorgeous bietet eine innovative Lösung zur Bekämpfung der Hautalterung. Mit einer seidigen Emulsion, die 0,2% ",The Ordinary Azelaic,dm-mcp-searchProducts,2026-09-04
5999566330223,1306173,"Gesichtsserum 101 A-Game-5 0,05% Retinal, 30 ml",Geek&Gorgeous,Serum & Kur > Gesichtspflege,"12,85 €",https://www.dm.de/applink/p/d/1306173/geek-und-gorgeous-gesichtsserum-101-a-game-5-0-05-prozent-retinal?appPageType=productdetails&appProductId=1306173&wt_mc=dm-mcp,yes,no,no,True,True,False,True,"Serum mit Retinal, Reduziert Falten und mildert Pigmentflecken, Seidig-leichte Formel mit 0,05% Retinal (mittelstarke Ko","Das mittelstarke A-Game 5 Serum mit 0,05% Retinal von Geek&Gorgeous kann für die Reduzierung der Falten sowie für die Milderung von Pigmentflecken sor",The Ordinary Azelaic,dm-mcp-searchProducts,2026-09-04
5999566330162,1306172,"Gesichtsserum 101 B-Bomb 10%Niacinamide, 30 ml",Geek&Gorgeous,Serum & Kur > Gesichtspflege,"8,35 €",https://www.dm.de/applink/p/d/1306172/geek-und-gorgeous-gesichtsserum-101-b-bomb-10-prozent-niacinamide?appPageType=productdetails&appProductId=1306172&wt_mc=dm-mcp,yes,no,no,True,False,False,True,"Serum, Beruhigt die Haut und mildert Pigmentflecken, Leichte, hydratisierende Formel mit 10% Niacinamid, Mit Zink PCA un","Das B-Bomb von Geek & Gorgeous ist ein Serum für ölige und unreine Haut mit einer Konzentration von 10% Niacinamid, angereichert mit Zink PCA und Sark",Niacinamid Serum | The Ordinary Azelaic,dm-mcp-searchProducts,2026-09-04
5999566330155,1306163,"Gesichtsserum 101 C-Glow 15% Vitamin C, 30 ml",Geek&Gorgeous,Serum & Kur > Gesichtspflege,"12,35 €",https://www.dm.de/applink/p/d/1306163/geek-und-gorgeous-gesichtsserum-101-c-glow-15-prozent-vitamin-c?appPageType=productdetails&appProductId=1306163&wt_mc=dm-mcp,yes,no,no,True,False,False,True,"Serum mit 15% Vitamin C, Mit Antioxidantien (Ferulasäure und Vitamin E), Schutz vor freien Radikalen, Für einen ebenmäßi",Das C-Glow Serum von Geek&Gorgeous mit 15-prozentigem Vitamin C kann Pigmentflecken reduzieren und der Haut einen sofortigen Glow verleihen. Außerdem ,The Ordinary Azelaic,dm-mcp-searchProducts,2026-09-04
5999566330124,1459262,"Gesichtsserum 101 HA 5 Light, 30 ml",Geek&Gorgeous,Serum & Kur > Gesichtspflege,"9,35 €",https://www.dm.de/applink/p/d/1459262/geek-und-gorgeous-gesichtsserum-101-ha-5-light?appPageType=productdetails&appProductId=1459262&wt_mc=dm-mcp,yes,no,no,True,True,False,True,"Gesichtsserum, Spendet Feuchtigkeit, Sorgt für ein pralleres Hautbild, Leichte, schnell absorbierende Formel, Mit 5 Form","Das HA 5 Light Serum von Geek & Gorgeous enthält fünf Arten von Hyaluronsäure, die besonders feuchtigkeitsspendend sind. Neben der enthaltenen Hyaluro",The Ordinary Azelaic,dm-mcp-searchProducts,2026-09-04
5999566330131,1464991,"Gesichtsserum 101 HA 5 Rich, 30 ml",Geek&Gorgeous,Serum & Kur > Gesichtspflege,"9,35 €",https://www.dm.de/applink/p/d/1464991/geek-und-gorgeous-gesichtsserum-101-ha-5-rich?appPageType=productdetails&appProductId=1464991&wt_mc=dm-mcp,no,no,no,False,False,False,True,"Gesichtsserum, Für trockene und normale Haut geeignet, Enthält 5 Arten von Hyaluronsäure, Für ein pralles Hautbild",Das HA 5 Rich Serum von Geek & Gorgeous spendet trockener bis normaler Haut intensive Feuchtigkeit. Die Formel enthält fünf Arten der Hyaluronsäure mi,The Ordinary Azelaic,dm-mcp-searchProducts,2026-09-04
5999566330360,1465778,"Gesichtsserum 101 Porefectly Clear, 30 ml",Geek&Gorgeous,Serum & Kur > Gesichtspflege,"7,35 €",https://www.dm.de/applink/p/d/1465778/geek-und-gorgeous-gesichtsserum-101-porefectly-clear?appPageType=productdetails&appProductId=1465778&wt_mc=dm-mcp,no,no,no,False,True,False,True,"Gesichtsserum, Bekämpft Mitesser, Gelartige Textur mit 2% Salicylsäure und Sarkosin, Porentiefe Reinigung",Das Porefectly Clear Serum von Geek & Gorgeous wirkt überschüssiger Talgproduktion sowie den Begleiterscheinungen entgegen. Das Serum mit 2% Salicylsä,Niacinamid Serum | Salicylsäure Gesicht | The Ordinary Azelaic,dm-mcp-searchProducts,2026-09-04
5999566330148,1465001,"Gesichtsserum 101 aPAD, 30 ml",Geek&Gorgeous,Serum & Kur > Gesichtspflege,"11,35 €",https://www.dm.de/applink/p/d/1465001/geek-und-gorgeous-gesichtsserum-101-apad?appPageType=productdetails&appProductId=1465001&wt_mc=dm-mcp,yes,no,no,True,True,False,True,"Gesichtsserum, Für ölige Haut geeignet, Talgproduktion wird reguliert, Feuchtigkeitsspendend","Das aPAD Gesichtsserum von Geek & Gorgeous enthält 20% Azeclair sowie eine beruhigende Formel, die sich ideal für ölige Haut eignet. Die Talgproduktio",The Ordinary Azelaic,dm-mcp-searchProducts,2026-09-04
5999566330261,1306224,"Waschgel 101 Jelly Joker, 150 ml",Geek&Gorgeous,Gesichtsreinigung,"9,35 €",https://www.dm.de/applink/p/d/1306224/geek-und-gorgeous-waschgel-101-jelly-joker?appPageType=productdetails&appProductId=1306224&wt_mc=dm-mcp,yes,no,no,True,True,False,True,"Sanfter Cleanser, Mit Jellytextur, Intensive Reinigung der Haut, Entfernt Make-up und befreit die Haut vor Verunreinigun","Der Jelly Joker Cleanser von Geek&Gorgeous sorgt dank der Jellytextur für eine intensive Reinigung, ohne sie auszutrocknen. Die sanften Tenside entfer",Gesichtsreinigung ohne Duftstoffe,dm-mcp-searchProducts,2026-09-04
4066447986181,2486244,"Babybad Hafermilch, 200 ml",HALLOHEBAMME,"Babyshampoo, Badezusätze & Co. > Babypflege","3,95 €",https://www.dm.de/applink/p/d/2486244/hallohebamme-babybad-hafermilch?appPageType=productdetails&appProductId=2486244&wt_mc=dm-mcp,yes,no,no,True,False,False,False,"Badezusatz für Babys, Pflegendes Badevergnügen, Mit Bio-Hafermilch und Bio-Mandelöl, Reinigt mild ohne auszutrocknen, Fü",Das Babybad Hafermilch von HALLOHEBAMME reinigt die zarte Babyhaut besonders sanft und pflegt sie zugleich. Die Komposition aus Bio-Hafermilch und Bio,Baby Pflege parfümfrei | Baby Creme ohne Parfum,dm-mcp-searchProducts,2026-09-04
8806334355302,1871198,"Feuchtigkkeitspflege Aloe 99% Soothing Gel, 0,25 l",HOLIKA HOLIKA,After Sun > Sonnenpflege,"8,95 €",https://www.dm.de/applink/p/d/1871198/holika-holika-feuchtigkkeitspflege-aloe-99-prozent-soothing-gel?appPageType=productdetails&appProductId=1871198&wt_mc=dm-mcp,no,no,no,False,True,False,True,"Aloe Vera Gel, Mit 99 % fermentiertem Aloe-Vera-Saft, Intensiv feuchtigkeitsspendend, Leichte, nicht klebrige Textur, Id",Intensive Feuchtigkeit für den ganzen Körper schenkt die Feuchtigkeitspflege Aloe 99% Soothing Gel von HOLIKA HOLIKA. Das vegane Gel mit 99 % fermenti,The Ordinary Azelaic,dm-mcp-searchProducts,2026-09-04
4062300473720,3097126,"Baby Pflegebad hochverträglich, 200 ml",HiPP,"Babyshampoo, Badezusätze & Co. > Babypflege","3,45 €",https://www.dm.de/applink/p/d/3097126/hipp-baby-pflegebad-hochvertraeglich?appPageType=productdetails&appProductId=3097126&wt_mc=dm-mcp,yes,no,no,True,False,False,False,"Mit Panthenol und Bio-Mandelextrakt, Rückfettende Formulierung, Besonders mild, Für trockene, sensible oder zu Neuroderm",Das Baby Pflegebad hochverträglich von HiPP bietet eine besonders sanfte Reinigung für empfindliche Babyhaut. Die rückfettende Rezeptur mit Panthenol ,Baby Pflege parfümfrei,dm-mcp-searchProducts,2026-09-04
4062300458963,3097128,"Baby Ölbalsam hochverträglich, 150 ml",HiPP,Babyöl & Babycreme > Babypflege,"3,95 €",https://www.dm.de/applink/p/d/3097128/hipp-baby-oelbalsam-hochvertraeglich?appPageType=productdetails&appProductId=3097128&wt_mc=dm-mcp,yes,no,no,True,False,False,False,"Balsam-zu-Öl-Formulierung, Mit Sheabutter und Mandelöl, Geeignet für trockene und sensible Babyhaut, Parfümfrei",Der Baby Ölbalsam hochverträglich von HiPP pflegt und schützt zarte Babyhaut besonders sanft. Die innovative Textur verwandelt sich beim Auftragen von,Baby Creme ohne Parfum,dm-mcp-searchProducts,2026-09-04
42241249,1631852,"Sonnencreme Gesicht Kids, ultra sensitiv, LSF 50+, 30 ml",HiPP Babysanft,Sonnencreme > Sonnenpflege,"5,25 €",https://www.dm.de/applink/p/d/1631852/hipp-babysanft-sonnencreme-gesicht-kids-ultra-sensitiv-lsf-50?appPageType=productdetails&appProductId=1631852&wt_mc=dm-mcp,yes,no,no,True,False,False,False,"Sensitive Sonnencreme für das Gesicht, Besonders für zarte Kinder- und Babyhaut, Frei von korallenschädlichen Lichtschut","Zarte Babyhaut benötigt vor schädlicher Sonneneinstrahlung einen besonderen Schutz, darum ist die HiPP ultra senstitive Kids-Gesicht-Sonnencreme auf d",Sonnencreme Gesicht parfümfrei,dm-mcp-searchProducts,2026-09-04
4262401734984,2968906,"Gesichtscreme Essential LSF 30, 50 ml",Jean&Len,Tagescreme > Gesichtspflege,"9,95 €",https://www.dm.de/applink/p/d/2968906/jean-und-len-gesichtscreme-essential-lsf-30?appPageType=productdetails&appProductId=2968906&wt_mc=dm-mcp,yes,no,no,True,False,False,True,"Gesichtscreme, LSF 30, ideal für jeden Hauttyp, Optimiert die Hautfestigkeit, Verbessert die Hautelastizität, glättet & ",Die Gesichtscreme Essential mit dem Lichtschutzfaktor 30 von Jean&Len wird die Jugendlichkeit der Haut erhalten. Der 1-prozentige enthaltene Phyto-Kol,Gesichtscreme parfümfrei | nicht komedogen Gesichtscreme,dm-mcp-searchProducts,2026-09-04
4262401734953,2968944,"Gesichtscreme Ultimate Glow, 50 ml",Jean&Len,Tagescreme > Gesichtspflege,"7,95 €",https://www.dm.de/applink/p/d/2968944/jean-und-len-gesichtscreme-ultimate-glow?appPageType=productdetails&appProductId=2968944&wt_mc=dm-mcp,yes,no,no,True,False,False,True,"Gesichtscreme, Hyaluronsäure & pflanzliches Glycerin spenden 24h-Feuchtigkeit, Sheabutter & Panthenol unterstützen die h","Die Ultimate Glow Gesichtscreme von Jean&Len ist eine Tagescreme mit reichhaltiger Formulierung. Das enthaltene 4-prozentige Vitamin C sowie der 1,3-p",Gesichtscreme parfümfrei,dm-mcp-searchProducts,2026-09-04
4008233181707,3083243,"Bodylotion Derma Protect Nachtkerze, 200 ml",Kneipp,Bodylotion & Hautcreme > Körperpflege,"8,95 €",https://www.dm.de/applink/p/d/3083243/kneipp-bodylotion-derma-protect-nachtkerze?appPageType=productdetails&appProductId=3083243&wt_mc=dm-mcp,no,no,no,False,False,False,False,"Für sehr trockene Haut, auch bei Neurodermitis, Mindert Juckreiz und Spannungsgefühle, 48h intensive Feuchtigkeit","Die Bodylotion Derma Protect Nachtkerze von Kneipp bietet intensive Pflege für sehr trockene und empfindliche Haut, auch bei Neurodermitis. Mit schütz",Eucerin Dermopure,dm-mcp-searchProducts,2026-09-04
3600523183746,1449765,"Gesichtscreme Anti Falten Experte 45+, 50 ml",L'ORÉAL PARiS,Anti Aging > Tagescreme > Gesichtspflege,"4,45 €",https://www.dm.de/applink/p/d/1449765/l-oreal-paris-gesichtscreme-anti-falten-experte-45?appPageType=productdetails&appProductId=1449765&wt_mc=dm-mcp,no,no,no,False,False,False,False,,Schenkt mehr Straffheit und samtweiche Haut: L'ORÉAL PARIS Dermo Anti-Falten Experte 45+ wurde speziell für die Bedürfnisse der Haut ab 45 Jahren entw,Purito Creme,dm-mcp-searchProducts,2026-09-04
3600524069742,1678419,"Serum Revitalift Clinical Vitamin C & Vitamin E, 30 ml",L'ORÉAL PARiS REVITALIFT,Serum & Kur > Gesichtspflege,"19,95 €",https://www.dm.de/applink/p/d/1678419/l-oreal-paris-revitalift-serum-revitalift-clinical-vitamin-c-und-vitamin-e?appPageType=productdetails&appProductId=1678419&wt_mc=dm-mcp,no,no,no,False,False,False,True,"Für empfindliche & sensible Haut sowie für alle Hauttöne & -typen geeignet, Mit 12 % purem Vitamin C, Vitamin E & Salicy",Das Revitalift Clinical Vitamin C Serum von L’Oréal Paris ist formuliert mit einer puren und stabilen Form von Vitamin C in hoher Konzentration. Bei 2,Niacinamid Serum,dm-mcp-searchProducts,2026-09-04
4262459493864,3138627,"Pflegecreme, 75 ml",LILLYDOO,Babyöl & Babycreme > Babypflege,"3,95 €",https://www.dm.de/applink/p/d/3138627/lillydoo-pflegecreme?appPageType=productdetails&appProductId=3138627&wt_mc=dm-mcp,yes,no,no,True,False,True,True,"Pflegecreme für Gesicht und Körper, Versorgt empfindliche Haut intensiv mit Feuchtigkeit, Kann helfen die Haut geschmeid","Die LILLYDOO Pflegecreme versorgt empfindliche Babyhaut intensiv mit Feuchtigkeit und kann dabei helfen, die Haut geschmeidig zu halten. Ihre Formulie",Purito Creme,dm-mcp-searchProducts,2026-09-04
4262459493888,3138581,"Shampoo & Waschlotion 2in1, 150 ml",LILLYDOO,"Babyshampoo, Badezusätze & Co. > Babypflege","2,95 €",https://www.dm.de/applink/p/d/3138581/lillydoo-shampoo-und-waschlotion-2in1?appPageType=productdetails&appProductId=3138581&wt_mc=dm-mcp,yes,no,no,True,False,True,True,"2in1 Shampoo und Waschlotion, Tränenfreie und milde Reinigung, Ideal für die tägliche Pflegeroutine, Mit Bio-Aloe Vera u",Das LILLYDOO 2in1 Shampoo & Waschlotion reinigt empfindliche Babyhaut und feines Haar besonders sanft und zuverlässig. Als praktisches Kombiprodukt is,Weleda Calendula parfümfrei,dm-mcp-searchProducts,2026-09-04
3616306368286,3087957,"Nagellack Last & Shine 570 Pink Fields, 8 ml",MANHATTAN Cosmetics,Nagellack > Nägel,"2,85 €",https://www.dm.de/applink/p/d/3087957/manhattan-cosmetics-nagellack-last-und-shine-570-pink-fields?appPageType=productdetails&appProductId=3087957&wt_mc=dm-mcp,no,no,no,False,False,False,True,"Base Coat und Top Coat in einem, Glossy Finish mit leuchtenden Farben, Trocknet in nur 60 Sekunden, Langanhaltende Farbe",Strahlende Nägel im Handumdrehen – das verspricht der Last & Shine Nail Polish in der Farbe 570 Pink Fields von MANHATTAN Cosmetics. Die innovative 3-,La Roche Posay Effaclar,dm-mcp-searchProducts,2026-09-04
3616306369030,3087961,"Nagellack Last & Shine 730 Your Favorite, 8 ml",MANHATTAN Cosmetics,Nagellack > Nägel,"2,85 €",https://www.dm.de/applink/p/d/3087961/manhattan-cosmetics-nagellack-last-und-shine-730-your-favorite?appPageType=productdetails&appProductId=3087961&wt_mc=dm-mcp,no,no,no,False,False,False,True,"Base Coat und Top Coat in einem, Glossy Finish mit leuchtenden Farben, Trocknet in nur 60 Sekunden, Langanhaltende Farbe",Strahlende Nägel im Handumdrehen – das verspricht der Last & Shine Nail Polish in der Farbe 730 Your Favorite von MANHATTAN Cosmetics. Die innovative ,La Roche Posay Effaclar,dm-mcp-searchProducts,2026-09-04
3600531702717,3062626,"Nagellack Super Stay Ink Bonder 490 Hot Salsa, 12 ml",MAYBELLINE NEW YORK,Nagellack > Nägel,"6,95 €",https://www.dm.de/applink/p/d/3062626/maybelline-new-york-nagellack-super-stay-ink-bonder-490-hot-salsa?appPageType=productdetails&appProductId=3062626&wt_mc=dm-mcp,no,no,no,False,False,False,False,"Für einen starken Auftritt, Intensive Farbe und Nagelstärkung in einem, Hält bis zu 10 Tage, Innovative 3D-Bindungstechn",Ein starker und langanhaltender Look für die Nägel – mit dem Super Stay Ink Bonder Nagellack in der Farbe 078 Porcelain von MAYBELLINE NEW YORK ist di,La Roche Posay Effaclar,dm-mcp-searchProducts,2026-09-04
4262368741292,2968654,"Baby Pflegecreme, 75 ml",Mabyen,Babyöl & Babycreme > Babypflege,"4,95 €",https://www.dm.de/applink/p/d/2968654/mabyen-baby-pflegecreme?appPageType=productdetails&appProductId=2968654&wt_mc=dm-mcp,yes,no,no,True,False,True,True,"Feuchtigkeitsspendend, Hautverträglichkeit dermatologisch bestätigt, Angenehm auf der Haut, Vegane Formulierung",Die Baby Pflegecreme von Mabyen ist für Babys von Geburt an geeignet und bietet eine intensive Pflege für Gesicht und Körper. Die Creme ist mit Bio-Ma,Baby Pflege parfümfrei | Baby Creme ohne Parfum | Purito Creme,dm-mcp-searchProducts,2026-09-04
3600551187679,3109386,"Cleanser Anti-Hautstress, 150 ml",Mixa,Gesichtsreinigung,"5,95 €",https://www.dm.de/applink/p/d/3109386/mixa-cleanser-anti-hautstress?appPageType=productdetails&appProductId=3109386&wt_mc=dm-mcp,yes,no,no,True,False,False,False,"Sanfte Gesichtsreinigung für gestresste Haut, Beruhigende Formel, Mit Panthenol und Probiotika-Extrakt, Reinigt sanft un",Speziell für die Bedürfnisse gestresster Haut wurde der Cleanser Anti-Hautstress von Mixa entwickelt. Die nicht-schäumende Formel mit Panthenol und Pr,Gesichtsreinigung ohne Duftstoffe,dm-mcp-searchProducts,2026-09-04
3600551068749,1646638,"Pflegecreme 10% Urea Cica Repair, 400 ml",Mixa,Bodylotion & Hautcreme > Körperpflege,"7,95 €",https://www.dm.de/applink/p/d/1646638/mixa-pflegecreme-10-prozent-urea-cica-repair?appPageType=productdetails&appProductId=1646638&wt_mc=dm-mcp,no,no,no,False,False,False,False,"Entfernt sanft Hautschüppchen, Regt die Hauterneuerung an, Wirkt ab der ersten Anwendung, Für Gesicht, Hände & Körper, R","Die Mixa Urea Cica Repair Hauterneuernde Creme ist eine hochkonzentrierte Pflege für das Gesicht, den Körper sowie die Hände. Sie ist speziell auf die",Purito Creme,dm-mcp-searchProducts,2026-09-04
3600551101408,1669820,"Pflegecreme Ceramide Protect, 400 ml",Mixa,Bodylotion & Hautcreme > Körperpflege,"7,95 €",https://www.dm.de/applink/p/d/1669820/mixa-pflegecreme-ceramide-protect?appPageType=productdetails&appProductId=1669820&wt_mc=dm-mcp,yes,no,no,True,False,False,False,"Für trockene & beanspruchte Haut, geeignet für Erwachsene, Kinder & auch Babys, Für eine geschützte & regenerierte Hautb","Die Ceramide Deep Moisture Hautstärkende Creme von Mixa pflegt sehr trockene und beanspruchte Haut am Körper, im Gesicht sowie an den Händen. Die Crem",CeraVe Feuchtigkeitscreme,dm-mcp-searchProducts,2026-09-04
3600551156668,1713974,"Serum Anti-Unreinheiten, Niacinamide, 30 ml",Mixa,Serum & Kur > Gesichtspflege,"13,95 €",https://www.dm.de/applink/p/d/1713974/mixa-serum-anti-unreinheiten-niacinamide?appPageType=productdetails&appProductId=1713974&wt_mc=dm-mcp,no,no,no,False,False,False,False,"Hautunreinheiten-Serum, Mit Salicylsäure und Niacinamid, Verfeinerung der Poren, Ideal für zu Unreinheiten neigende Haut",Ein wahres Must-Have für die tägliche Gesichtsreinigung. Das Anti-Unreinheiten Serum von Mixa wurde speziell für zu Unreinheiten neigende Haut entwick,Akne Unreinheiten Reinigung | Niacinamid Serum | Salicylsäure Gesicht,dm-mcp-searchProducts,2026-09-04
8720828001851,1706808,"Baby & Kind Pflegecreme, 50 ml",NAIF,Babyöl & Babycreme > Babypflege,"4,95 €",https://www.dm.de/applink/p/d/1706808/naif-baby-und-kind-pflegecreme?appPageType=productdetails&appProductId=1706808&wt_mc=dm-mcp,yes,no,no,True,False,False,True,"Creme für trockene und empfindliche Haut, Geeignet für Babys, Stärkt die Hautbarriere und unterstützt die Regeneration, ","Die Baby & Kind Pflegecreme von NAIF bietet eine ideale Pflege für trockene und empfindliche Haut. Hergestellt aus Zutaten wie Mandel- und Avocadoöl, ",Baby Creme ohne Parfum,dm-mcp-searchProducts,2026-09-04
3574661655611,1626032,"Anti Pickel Peeling Cleanser AHA/PHA/BHA, 200 ml",Neutrogena,Waschgel > Gesichtsreinigung,"7,95 €",https://www.dm.de/applink/p/d/1626032/neutrogena-anti-pickel-peeling-cleanser-aha-pha-bha?appPageType=productdetails&appProductId=1626032&wt_mc=dm-mcp,no,no,no,False,True,False,True,"Anti-Pickel+ Waschgel mit Salicylsäure, Für unreine Haut, Hilft bei der Beseitigung hartnäckiger Pickel, Lässt Pickelmal","Mit dem Peeling Cleanser Anti-Pickel+ AHA/ PHA / BHA von Neutrogena zu einem reinen, angenehm weichen Hautgefühl. Das wirkungsvolle Waschgel mit kläre",Salicylsäure Gesicht,dm-mcp-searchProducts,2026-09-04
3574661554297,1487983,"Gesichtscreme Hydro Boost Aqua, 50 ml",Neutrogena,Tagescreme > Gesichtspflege,"9,45 €",https://www.dm.de/applink/p/d/1487983/neutrogena-gesichtscreme-hydro-boost-aqua?appPageType=productdetails&appProductId=1487983&wt_mc=dm-mcp,yes,no,no,True,False,False,False,"Parfümfreie Feuchtigkeitspflege für trockene Haut, Hyaluron-Gel-Komplex mit 100% pflanzlicher Trehalose, Speichert Feuch","Die Neutrogena Hydro Boost Aqua Creme ist eine pflegende, parfümfreie Feuchtigkeitspflege für trockene Haut. Die effektive Formel kombiniert den Hyalu",Gesichtscreme parfümfrei | nicht komedogen Gesichtscreme | Cetaphil Feuchtigkeitscreme,dm-mcp-searchProducts,2026-09-04
3574661750521,1457559,"Pflegecreme Deep Moisture, 200 ml",Neutrogena,Bodylotion & Hautcreme > Körperpflege,"2,95 €",https://www.dm.de/applink/p/d/1457559/neutrogena-pflegecreme-deep-moisture?appPageType=productdetails&appProductId=1457559&wt_mc=dm-mcp,no,no,no,False,False,False,False,"Feuchtigkeitscreme, Für trockene Haut geeignet, Bis zu 72h lang Feuchtigkeit, Mit Pro-Ceramide Technologie",Die Neutrogena Norwegische Formel Deep Moisture Feuchtigkeitscreme wurde speziell für trockene Haut entwickelt. Die nicht fettende Creme stärkt nachwe,CeraVe Feuchtigkeitscreme,dm-mcp-searchProducts,2026-09-04
3574661320700,1487984,"Reinigungsgel Hydro Boost Aqua, 200 ml",Neutrogena,Gesichtsreinigung,"4,95 €",https://www.dm.de/applink/p/d/1487984/neutrogena-reinigungsgel-hydro-boost-aqua?appPageType=productdetails&appProductId=1487984&wt_mc=dm-mcp,no,no,no,False,False,False,False,"Enthält Hyaluronsäure & Glycerin, Effektive Reinigung von Schmutz, Talg und Make-Up, Sanfte Gesichtsreinigung ohne auszu","Das Neutrogena Hydro Boost Aqua Reinigungsgel ist ein innovatives, leichtes Gel, das mit Wasser aktiviert wird. Es reinigt die Haut von Schmutz, Talg ",Akne Unreinheiten Reinigung,dm-mcp-searchProducts,2026-09-04
5907052819381,3087290,"UV Nagellack Lady Ferrari, 7,2 ml",NÉONAIL,UV Nagellack > Nägel,"9,95 €",https://www.dm.de/applink/p/d/3087290/neonail-uv-nagellack-lady-ferrari?appPageType=productdetails&appProductId=3087290&wt_mc=dm-mcp,no,no,no,False,False,False,False,"UV Nagellack, Bis zu 21 Tage splitter- und kratzfest, Für gepflegte, top gestylte Nägel, Sorgt für ein elegantes Finish","Mit dem UV Nagellack in der Farbe Lady Ferrari entsteht eine stilvolle Maniküre, die mit wunderschönen Farbnuancen überzeugt. Durch die spezielle Form",La Roche Posay Effaclar,dm-mcp-searchProducts,2026-09-04
5904553697593,3125420,"UV Nagellack Peachy Coral, 7,2 ml",NÉONAIL,UV Nagellack > Nägel,"10,95 €",https://www.dm.de/applink/p/d/3125420/neonail-uv-nagellack-peachy-coral?appPageType=productdetails&appProductId=3125420&wt_mc=dm-mcp,no,no,no,False,False,False,False,"UV-Nagellack, Hält bis zu 21 Tage, Splitter- und kratzfest mit Spiegelglanz","Der NÉONAIL UV Nagellack in der Farbe Peachy Coral ist frisch, lebendig und voller Sommer-Gefühl. Dieser strahlende Korallton mit einem zarten Hauch v",La Roche Posay Effaclar,dm-mcp-searchProducts,2026-09-04
4260524941210,1611085,"Feuchtigkeitscreme beruhigend, 50 ml",NØ cosmetics,Tagescreme > Gesichtspflege,"15,95 €",https://www.dm.de/applink/p/d/1611085/no-cosmetics-feuchtigkeitscreme-beruhigend?appPageType=productdetails&appProductId=1611085&wt_mc=dm-mcp,yes,no,no,True,False,False,True,"Pink Power-Formel mit Indirubin aus lokal angebauten Färberpflanzen, Pflege der Haut mit Ceramiden und Panthenol, Ohne M","Die Nø strong today Beruhigende Feuchtigkeitscreme von Nø Cosmetics ist eine spezielle Creme, die entwickelt wurde, um Ihre Hautbarriere zu stärken un",CeraVe Feuchtigkeitscreme,dm-mcp-searchProducts,2026-09-04
4260524943825,3119034,"Gesichtscreme All-In Barrier, 20 ml",NØ cosmetics,Tagescreme > Gesichtspflege,"6,95 €",https://www.dm.de/applink/p/d/3119034/no-cosmetics-gesichtscreme-all-in-barrier?appPageType=productdetails&appProductId=3119034&wt_mc=dm-mcp,yes,no,no,True,False,False,False,"Reichhaltige Barriere-Creme, Für trockene, anspruchsvolle und gereizte Haut, Kann die Haut vor dem Austrocknen schützen,","Die Celebrate Tøday All-in Barrier Cream von NØ ist eine reichhaltige Pflege für trockene, anspruchsvolle und gereizte Haut. Die parfümfreie Formel mi",Gesichtscreme parfümfrei,dm-mcp-searchProducts,2026-09-04
4260524941401,1676342,"Gesichtscreme All-In Barrier, 50 ml",NØ cosmetics,Tagescreme > Gesichtspflege,"16,95 €",https://www.dm.de/applink/p/d/1676342/no-cosmetics-gesichtscreme-all-in-barrier?appPageType=productdetails&appProductId=1676342&wt_mc=dm-mcp,yes,no,no,True,False,False,True,"Bekämpft freie Radikale, Zuverlässiger Schutz vor Austrocknung der Haut, Enthält wertvolle Inhaltsstoffe wie Arnica Mexi","Die Nø celebrate tøday ALL-In Cream ist eine reichhaltige Gesichtspflege, die die Haut mit Feuchtigkeit versorgt. Sie enthält einen 5-fachen Ceramid-K",Gesichtscreme parfümfrei | nicht komedogen Gesichtscreme,dm-mcp-searchProducts,2026-09-04
4260524942477,3108263,"Gesichtscreme Base Hydration, 125 ml",NØ cosmetics,Tagescreme > Gesichtspflege,"9,95 €",https://www.dm.de/applink/p/d/3108263/no-cosmetics-gesichtscreme-base-hydration?appPageType=productdetails&appProductId=3108263&wt_mc=dm-mcp,yes,no,no,True,False,False,False,"Leichte Feuchtigkeitscreme für Gesicht und Körper, Hydratisierend und schützend, Mit 5 % Urea, Betain und Vitamin F, Ide",Dank ihrer leichten Formel spendet die Gesichtscreme Base Hydration von Nø Cosmetics intensive Feuchtigkeit und schützt die Haut. Die Rezeptur mit 5 %,Gesichtscreme parfümfrei | nicht komedogen Gesichtscreme,dm-mcp-searchProducts,2026-09-04
4260524943917,3115994,"Gesichtscreme Gel Nø restore tøday Re-Balance, 50 ml",NØ cosmetics,Tagescreme > Gesichtspflege,"16,95 €",https://www.dm.de/applink/p/d/3115994/no-cosmetics-gesichtscreme-gel-no-restore-today-re-balance?appPageType=productdetails&appProductId=3115994&wt_mc=dm-mcp,no,no,no,False,False,False,True,"wirkt beruhigend, regenerierend und hautbarrierestärkend, reduziert Unreinheiten sowie Rötungen und reguliert die Talgpr","Die nicht-fettende Re-Balance Gel Cream von Nø cosmetics bringt sensible, ölige und unreine Haut wieder ins Gleichgewicht. Dank Adapinoid®, ein innova",nicht komedogen Gesichtscreme,dm-mcp-searchProducts,2026-09-04
4260524941111,1588394,"Peeling Cleanser AHA / PHA, 125 ml",NØ cosmetics,Gesichtspeeling > Gesichtsreinigung,"7,95 €",https://www.dm.de/applink/p/d/1588394/no-cosmetics-peeling-cleanser-aha-pha?appPageType=productdetails&appProductId=1588394&wt_mc=dm-mcp,yes,no,no,True,False,False,True,"Für die tägliche sanfte Reinigung & Hauterneuerung, Mit Phytoinulin, Panthenol + Aloe Vera, Spezielle sanfte Formulierun","Der Nø pure today AHA/PHA Peeling Cleanser von Nø Cosmetics ist ein sanft schäumender, chemischer Peeling-Reiniger, der täglich angewendet werden kann",Gesichtsreinigung ohne Duftstoffe,dm-mcp-searchProducts,2026-09-04
4260524940923,1460743,"Serum 120h Hydration & Niacinamide, 20 ml",NØ cosmetics,Serum & Kur > Gesichtspflege,"14,95 €",https://www.dm.de/applink/p/d/1460743/no-cosmetics-serum-120h-hydration-und-niacinamide?appPageType=productdetails&appProductId=1460743&wt_mc=dm-mcp,yes,no,no,True,True,False,True,"Feuchtigkeitsspender mit Amylopectin und Algenextrakt, Intensiver PhytoMoisture-Komplex, Parfumfrei und Clean Beauty, Ni","Das Produkt Nø rain tonight 120h Hydration & Niacinamide von Nø Cosmetics  ist ein leichtes und parfümfreies Serum, das die Haut mit Feuchtigkeit vers",Niacinamid Serum,dm-mcp-searchProducts,2026-09-04
4260401410778,1545814,"Baby & Kinder Badezusatz Pflegebad, 250 ml",PAEDIPROTECT,"Babyshampoo, Badezusätze & Co. > Babypflege","4,25 €",https://www.dm.de/applink/p/d/1545814/paediprotect-baby-und-kinder-badezusatz-pflegebad?appPageType=productdetails&appProductId=1545814&wt_mc=dm-mcp,yes,no,no,True,False,False,True,"Milde Waschsubstanzen auf pflanzlicher Basis, Reinigt und pflegt die Haut ohne sie auszutrocknen, Mit Sesamöl und Extrak",Das PAEDIPROTECT Pflegebad ist ein besonders hautschonender und zart aufschäumender Badezusatz. Milde Waschsubstanzen auf pflanzlicher Basis reinigen ,Baby Pflege parfümfrei,dm-mcp-searchProducts,2026-09-04
4260401413304,1625406,"Baby Pflegecreme Intensiv, 75 ml",PAEDIPROTECT,Babyöl & Babycreme > Babypflege,"3,55 €",https://www.dm.de/applink/p/d/1625406/paediprotect-baby-pflegecreme-intensiv?appPageType=productdetails&appProductId=1625406&wt_mc=dm-mcp,yes,no,no,True,False,False,True,"Mit Shea-Butter, Kokosöl, Süßholzwurzelextrakt, Vielseitig einsetzbar, Natürlich vegan, Parfümfrei, Rezeptur ohne Mikrop",Die PAEDIPROTECT Intensiv-Pflegecreme mit Shea Butter und Kokosöl versorgt besonders trockene und raue Hautstellen mit einer Extra-Portion Feuchtigkei,Baby Pflege parfümfrei | Baby Creme ohne Parfum,dm-mcp-searchProducts,2026-09-04
4260401410808,1501323,"Baby Shampoo & Waschlotion 2in1, 200 ml",PAEDIPROTECT,"Kindershampoo > Kinderduschgel > Babyshampoo, Badezusätze & Co. > Kleinkindpflege > Babypflege","3,25 €",https://www.dm.de/applink/p/d/1501323/paediprotect-baby-shampoo-und-waschlotion-2in1?appPageType=productdetails&appProductId=1501323&wt_mc=dm-mcp,yes,no,no,True,False,False,True,"Hilft der Haut ihre natürliche Schutzfunktion zu bewahren, Mit Extrakten aus Bambus und grünem Tee, Mit hautberuhigender",Die PAEDIPROTECT 2in1 Shampoo & Waschlotion reinigt Haut und Haar besonders schonend durch sehr milde Waschsubstanzen pflanzlichen Ursprungs. Die sanf,Baby Pflege parfümfrei,dm-mcp-searchProducts,2026-09-04
4260401414707,3058841,"Babyöl, 200 ml",PAEDIPROTECT,Babyöl & Babycreme > Babypflege,"3,95 €",https://www.dm.de/applink/p/d/3058841/paediprotect-babyoel?appPageType=productdetails&appProductId=3058841&wt_mc=dm-mcp,yes,no,no,True,False,False,True,"Pflegeöl für Babys, Mit Mandelöl, Für empfindliche Haut konzipiert",Das Babyöl von PAEDIPROTECT ist ein wahres Pflegewunder für die empfindliche Haut von Babys und Kleinkindern. In der praktischen Pumpflasche lässt sic,Baby Pflege parfümfrei,dm-mcp-searchProducts,2026-09-04
4260401410686,1501321,"Kinder Gesichtspflege, 75 ml",PAEDIPROTECT,Babyöl & Babycreme > Babypflege,"3,25 €",https://www.dm.de/applink/p/d/1501321/paediprotect-kinder-gesichtspflege?appPageType=productdetails&appProductId=1501321&wt_mc=dm-mcp,yes,no,no,True,False,False,True,"Mit Olivenöl und Sheabutter, Mit Extrakten aus Bambus und grünem Tee, Vegan zertifiziert, Ohne Parfüm, ohne Farbstoffe, ",Die PAEDIPROTECT Gesichtspflege für Babys und Kinder ist optimal für sensible oder gereizte Haut geeignet. Kaltgepresstes Olivenöl und Sheabutter verw,Baby Creme ohne Parfum,dm-mcp-searchProducts,2026-09-04
4260401411904,1569725,"Kinder Pflegelotion, 200 ml",PAEDIPROTECT,Babyöl & Babycreme > Babypflege,"2,95 €",https://www.dm.de/applink/p/d/1569725/paediprotect-kinder-pflegelotion?appPageType=productdetails&appProductId=1569725&wt_mc=dm-mcp,yes,no,no,True,False,False,True,"Mit Jojobaöl und Mangobutter, Mit Extrakten aus Bambus und grünem Tee, Vegan zertifiziert, Ohne Mineralöle oder Silikone",Die PAEDIPROTECT Pflegelotion spendet der Haut langanhaltende Feuchtigkeit und macht sie zart und geschmeidig. Jojobaöl und Mangobutter unterstützen d,Baby Pflege parfümfrei | Baby Creme ohne Parfum | Purito Creme,dm-mcp-searchProducts,2026-09-04
4260401414349,1679318,"Sonnencreme Familie LSF 50+, 200 ml",PAEDIPROTECT,Sonnencreme > Sonnenpflege,"14,45 €",https://www.dm.de/applink/p/d/1679318/paediprotect-sonnencreme-familie-lsf-50?appPageType=productdetails&appProductId=1679318&wt_mc=dm-mcp,yes,no,no,True,False,False,True,"Sonnencreme mit Lichtschutzfaktor 50+, Für die ganze Familie und empfindliche Haut geeignet, Lässt sich einfach verteile",Die PAEDIPROTECT Sonnencreme LSF 50+ ist ein idealer Sonnenschutz für die ganze Familie. Die Formulierung mit hautberuhigendem Panthenol und Allantoin,Sonnencreme Gesicht parfümfrei,dm-mcp-searchProducts,2026-09-04
4260401410358,1574855,"Sonnencreme Gesicht, LSF 50+, 30 ml",PAEDIPROTECT,Sonnencreme > Sonnenpflege,"7,25 €",https://www.dm.de/applink/p/d/1574855/paediprotect-sonnencreme-gesicht-lsf-50?appPageType=productdetails&appProductId=1574855&wt_mc=dm-mcp,yes,no,no,True,False,False,True,"Sonnenpflege für das Gesicht, Mit Lichtschutzfaktor 50+, Kann lichtbedingter, vorzeitiger Hautalterung vorbeugen, Mit we",Die PAEDIPROTECT Sonnencreme Gesicht LSF 50+ bietet einen speziellen Schutz für die Gesichtshaut von Groß und Klein. Ihre innovative und besonders lei,Sonnencreme Gesicht parfümfrei,dm-mcp-searchProducts,2026-09-04
4260401410846,1571014,Wind & Wetter Creme LSF 15,PAEDIPROTECT,Wundschutzcreme & Babypuder > Babypflege,"3,95 €",https://www.dm.de/applink/p/d/1571014/paediprotect-wind-und-wetter-creme-lsf-15?appPageType=productdetails&appProductId=1571014&wt_mc=dm-mcp,yes,no,no,True,False,False,True,"Lichtschutzfaktor 15 (mineralischer UV-Filter) für hochsensible Haut, Hochwertige Öle (bspw. Nachtkerzen- und Hagebutten",Die PAEDIPROTECT Wind & Wettercreme ist die einzige ihrer Art mit einem nachgewiesenen mineralischen Lichtschutzfaktor ohne Nanopartikel auf dem Markt,Baby Creme ohne Parfum,dm-mcp-searchProducts,2026-09-04
3574661606033,1469808,"Baby Pflegecreme Gesicht & Körper ultra sensitiv, 100 ml",Penaten,Babyöl & Babycreme > Babypflege,"3,95 €",https://www.dm.de/applink/p/d/1469808/penaten-baby-pflegecreme-gesicht-und-koerper-ultra-sensitiv?appPageType=productdetails&appProductId=1469808&wt_mc=dm-mcp,yes,no,no,True,False,False,False,"Pflegecreme speziell für Neugeborene entwickelt, Erhöht den Feuchtigkeitsgehalt der Haut, Parfümfreie Formel, Ohne Farbs","Die PENATEN ultra sensitiv Pflegecreme Gesicht & Körper ist eine parfümfreie Baby Gesichtscreme & Körpercreme, die speziell für Neugeborene entwickelt",Baby Creme ohne Parfum,dm-mcp-searchProducts,2026-09-04
3574661264455,1469804,"Baby Pflegelotion ultra sensitiv, 400 ml",Penaten,Babyöl & Babycreme > Babypflege,"4,95 €",https://www.dm.de/applink/p/d/1469804/penaten-baby-pflegelotion-ultra-sensitiv?appPageType=productdetails&appProductId=1469804&wt_mc=dm-mcp,yes,no,no,True,False,False,False,"Pflegelotion für Babys, Von Geburt an geeignet, Ideal für hochsensible, zu Neurodermitis neigende Haut, Erhöht gezielt d",Die Baby Pflegelotion Ultra Sensitiv von Penaten bietet eine sanfte Pflege für hochsensible Babyhaut. Diese parfümfreie Lotion ist von Geburt an geeig,Baby Creme ohne Parfum,dm-mcp-searchProducts,2026-09-04
8809563103430,3068005,"Feuchtigkeitscream Mighty Bamboo Cream, 100 ml",Purito SEOUL,Tagescreme > Koreanische Kosmetik > Gesichtspflege,"23,95 €",https://www.dm.de/applink/p/d/3068005/purito-seoul-feuchtigkeitscream-mighty-bamboo-cream?appPageType=productdetails&appProductId=3068005&wt_mc=dm-mcp,yes,no,no,True,False,False,True,"Intensiv beruhigende Gesichtscreme, Ideal für sensible trockene oder gereizte Haut, Mit 50 % Bambusextrakt und 1 % Panth",Die Seoul Mighty Panthenol Cream von Purito SEOUL ist eine intensiv beruhigende und feuchtigkeitsspendende Gesichtscreme. Mit 50 % Bambusextrakt und 1,Purito Creme,dm-mcp-searchProducts,2026-09-04
8809563101054,3068004,"Gesichtscreme Gel Oat-in Calming Gel Cream, 100 ml",Purito SEOUL,Tagescreme > Koreanische Kosmetik > Gesichtspflege,"21,95 €",https://www.dm.de/applink/p/d/3068004/purito-seoul-gesichtscreme-gel-oat-in-calming-gel-cream?appPageType=productdetails&appProductId=3068004&wt_mc=dm-mcp,yes,no,no,True,False,False,True,"Beruhigende Gel-Creme für das Gesicht, Ideal für empfindliche und trockene Haut, Mit 77 % Hafer-Samenwasser, Kann Rötung","Die Purito SEOUL Oat-in Calming Gel Cream mit pflegendem Hafer-Samenwasser beruhigt trockene sowie empfindliche Haut sofort. Die leichte, klare Gel-Te",Purito Creme,dm-mcp-searchProducts,2026-09-04
8809563100347,2628457,"Gesichtstoner Wonder Releaf Centella Toner Unscented, 200 ml",Purito SEOUL,Toner fürs Gesicht > Gesichtswasser > Koreanische Kosmetik > Gesichtsreinigung,"22,95 €",https://www.dm.de/applink/p/d/2628457/purito-seoul-gesichtstoner-wonder-releaf-centella-toner-unscented?appPageType=productdetails&appProductId=2628457&wt_mc=dm-mcp,yes,no,no,True,True,False,True,"Beruhigendes Gesichtswasser, Kann die Hautbarriere unterstützen, Mit Tigergras und Hyaluronsäure, Ideal für empfindliche","Der Purito SEOUL Wonder Releaf Centella Toner Unscented ist ein schonender Toner, der speziell für die Bedürfnisse empfindlicher Haut entwickelt wurde",Purito Creme,dm-mcp-searchProducts,2026-09-04
8809782551814,3043116,Feuchtigkeitscreme Birch Juice Moisturizing Sunscreen LSF 50,ROUND LAB,Tagescreme > Koreanische Kosmetik > Gesichtspflege,"14,95 €",https://www.dm.de/applink/p/d/3043116/round-lab-feuchtigkeitscreme-birch-juice-moisturizing-sunscreen-lsf-50?appPageType=productdetails&appProductId=3043116&wt_mc=dm-mcp,no,no,no,False,False,False,False,"Feuchtigkeitsspendende Sonnencreme, Hoher Sonnenschutz mit SPF 50 PA++++, Kann vorzeitiger lichtbedingter Hautalterung v","Der ROUND LAB Birch Juice Moisturizing Sunscreen ist ein feuchtigkeitsspendender Sonnenschutz mit einer leichten, essenzähnlichen Textur. Mit einem ho",CeraVe Feuchtigkeitscreme,dm-mcp-searchProducts,2026-09-04
4066447787108,1301928,"Sonnencreme Kids MED ultra sensitiv, LSF 50+, 100 ml",SUNDANCE,Sonnencreme > Sonnenpflege,"4,25 €",https://www.dm.de/applink/p/d/1301928/sundance-sonnencreme-kids-med-ultra-sensitiv-lsf-50?appPageType=productdetails&appProductId=1301928&wt_mc=dm-mcp,yes,no,no,True,True,False,True,"Geeignet für empfindliche Baby- und Kinderhaut, Feuchtigkeitsspendend, Getestet & empfohlen vom Deutschen Allergie- & As",Die Kids MED  sensitiv Sonnencreme mit LSF 50+ von SUNDANCE eignet sich besonders für sonnenempfindliche und ungebräunnte Haut. Auch für die spezielle,Sonnencreme Gesicht parfümfrei,dm-mcp-searchProducts,2026-09-04
4067796257472,1678934,"Sonnencreme sensitiv LSF 50, 100 ml",SUNDANCE,Sonnencreme > Sonnenpflege,"3,95 €",https://www.dm.de/applink/p/d/1678934/sundance-sonnencreme-sensitiv-lsf-50?appPageType=productdetails&appProductId=1678934&wt_mc=dm-mcp,yes,no,no,True,False,False,True,"Sonnencreme für empfindliche Haut, Hoher Lichtschutzfaktor 50, Wasserfester* Sofortschutz, Spendet Feuchtigkeit, Ohne UV",Die Sonnencreme sensitiv LSF 50 von SUNDANCE ist speziell für die Bedürfnisse empfindlicher Haut entwickelt worden. Ihr UVA- und UVB-Breitbandfiltersy,Sonnencreme Gesicht parfümfrei,dm-mcp-searchProducts,2026-09-04
4067796257595,1367850,"Sonnenfluid Gesicht MED ultra sensitiv, LSF 50+, 50 ml",SUNDANCE,"Sonnenfluide, -sticks & Co. > Sonnenpflege","5,25 €",https://www.dm.de/applink/p/d/1367850/sundance-sonnenfluid-gesicht-med-ultra-sensitiv-lsf-50?appPageType=productdetails&appProductId=1367850&wt_mc=dm-mcp,yes,no,no,True,False,False,True,"Sonnenschutzfluid für empfindliche Haut, Mit Lichtschutzfaktor 50+, Bei Neigung zu Sonnenallergie und Mallorca-Akne**, O","Für besonders empfindliche Haut, die zu Allergien neigt, ist das Sonnenfluid MED mit Lichtschutzfaktor 50+ von SUNDANCE die ideale Wahl. Die leichte F",Balea Med unparfümiert Gesicht | Salicylsäure Gesicht,dm-mcp-searchProducts,2026-09-04
4067796279528,3122059,"Sonnenfluid Gesicht cera guard face fluid, LSF 50, 50 ml",SUNDANCE,Sonnencreme > Sonnenpflege,"5,25 €",https://www.dm.de/applink/p/d/3122059/sundance-sonnenfluid-gesicht-cera-guard-face-fluid-lsf-50?appPageType=productdetails&appProductId=3122059&wt_mc=dm-mcp,yes,no,no,True,False,False,True,"Gesichtssonnenfluid mit Lichtschutzfaktor 50, Mit 5-fach Ceramiden und Vitamin E, Leichte und nicht klebende Textur, Ohn","Speziell für die Gesichtshaut entwickelt, bietet das Sonnenfluid Gesicht cera guard mit Lichtschutzfaktor 50 von SUNDANCE zuverlässigen Schutz und Pfl",Sonnencreme Gesicht parfümfrei,dm-mcp-searchProducts,2026-09-04
4067796279504,3122056,"Sonnenfluid Gesicht hydra calm face fluid, LSF 50, 50 ml",SUNDANCE,Sonnencreme > Sonnenpflege,"5,25 €",https://www.dm.de/applink/p/d/3122056/sundance-sonnenfluid-gesicht-hydra-calm-face-fluid-lsf-50?appPageType=productdetails&appProductId=3122056&wt_mc=dm-mcp,no,no,no,False,False,False,True,"Feuchtigkeitsspendendes Sonnenfluid für das Gesicht, Leichte Textur mit LSF 50, Mit 3-fach Hyaluronsäure und Vitamin E, ",Einen hohen Sonnenschutz und eine intensive Feuchtigkeitspflege für das Gesicht vereint das Sonnenfluid Gesicht hydra calm mit Lichtschutzfaktor 50 vo,Salicylsäure Gesicht,dm-mcp-searchProducts,2026-09-04
4003573021850,1308037,"Anti Pickel Patches unreine Haut, 12 St",Schaebens,Anti Pickel & Mitesser > Gesichtspflege,"1,25 €",https://www.dm.de/applink/p/d/1308037/schaebens-anti-pickel-patches-unreine-haut?appPageType=productdetails&appProductId=1308037&wt_mc=dm-mcp,no,no,no,False,False,False,False,"Transparente Patches, Trocknen Pickel und Unreinheiten aus, Antibakterielle Wirkung, Mit Salicylsäure, Frei von Mikropla",<p>Die Reine Haut Anti-Pickel-Patches von Schaebens sind die ideale Soforthilfe bei Pickel. Mithilfe der antibakteriellen Rezeptur mit Salicylsäure we,Akne Unreinheiten Reinigung,dm-mcp-searchProducts,2026-09-04
8436585432141,3046018,"Feuchtigkeitsserum Ceramide Repair Moisturizer, 30 ml",Transparent Lab,Serum & Kur > Anti Aging > Gesichtspflege,"17,95 €",https://www.dm.de/applink/p/d/3046018/transparent-lab-feuchtigkeitsserum-ceramide-repair-moisturizer?appPageType=productdetails&appProductId=3046018&wt_mc=dm-mcp,yes,no,no,True,False,False,False,"Pflanzliche Ceramide für optimale Feuchtigkeit, Intensiv hydratisierende Formel, Fördert die Kollagenproduktion, Ideal f",Das Transparent Lab Feuchtigkeitsserum Ceramide Repair Moistrizer ist die Geheimwaffe für eine strahlend hydratisierte Haut. Angereichert mit pflanzli,CeraVe Feuchtigkeitscreme,dm-mcp-searchProducts,2026-09-04
8436585434015,1916275,"Gesichtscreme Barrier Restoring Hydrating, 50 ml",Transparent Lab,Tagescreme > Gesichtspflege,"17,95 €",https://www.dm.de/applink/p/d/1916275/transparent-lab-gesichtscreme-barrier-restoring-hydrating?appPageType=productdetails&appProductId=1916275&wt_mc=dm-mcp,no,no,no,False,False,False,False,"Intensive Feuchtigkeit für trockene Haut, Hochwirksame Hyaluronsäure, Mit Vitaminen A, C und E, Stärkt die Hautbarriere",Die Gesichtscreme Barrier Restoring Hydrating von Transparent Lab ist ideal für trockene und empfindliche Haut. Diese Gesichtscreme bietet eine außerg,Cetaphil Feuchtigkeitscreme | Purito Creme,dm-mcp-searchProducts,2026-09-04
4260672140138,1640523,"Sonnencreme Gesicht, 'catch the sun' sensitiv, LSF 50, 75 ml",V.SUN,Sonnencreme > Sonnenpflege,"14,95 €",https://www.dm.de/applink/p/d/1640523/v-sun-sonnencreme-gesicht-catch-the-sun-sensitiv-lsf-50?appPageType=productdetails&appProductId=1640523&wt_mc=dm-mcp,yes,no,no,True,False,False,True,"Hoher Schutz vor Sonnenbrand, UV-A, UV-B & Infrarot-Strahlen, Hautverträglichkeit dermatologisch bestätigt, Vegan & kora","Der schnell einziehende Premium Sonnenschutz 'catch the sun' mit LSF 50 von V.SUN für das Gesicht ist besonders sensitiv, frei von Duftstoffen aber da",Sonnencreme Gesicht parfümfrei,dm-mcp-searchProducts,2026-09-04
4260672140558,1493846,"Sonnenfluid Gesicht sensitive ""little Sunshine"" LSF 50, 30 m",V.SUN,Sonnencreme > Sonnenpflege,"12,95 €",https://www.dm.de/applink/p/d/1493846/v-sun-sonnenfluid-gesicht-sensitive-little-sunshine-lsf-50?appPageType=productdetails&appProductId=1493846&wt_mc=dm-mcp,yes,no,no,True,False,False,True,"Sonnenfluid, Lichtschutzfaktor 50, Mit Nicinamid, Hyaluronsäure und Glycerin, Feuchtigkeitsspendend",Das Premium Sonnenschutz Fluid mit dem Lichtschutzfaktor 50 von V.Sun sorgt für eine Verbesserung der Hautbarriere durch das enthaltene Niacinamid. Da,Sonnencreme Gesicht parfümfrei,dm-mcp-searchProducts,2026-09-04
4001638590792,3126480,"Fluid UV Glow LSF 30, 30 ml",WELEDA,Sonnencreme > Tagescreme > Sonnenpflege > Gesichtspflege,"12,95 €",https://www.dm.de/applink/p/d/3126480/weleda-fluid-uv-glow-lsf-30?appPageType=productdetails&appProductId=3126480&wt_mc=dm-mcp,yes,no,no,True,False,True,True,"Sonnenschutzfluid für das Gesicht, Mit Lichtschutzfaktor 30, Für sensible Haut geeignet, Verleiht einen natürlichen Glow",Das Weleda Sonnenfluid UV Glow mit Lichtschutzfaktor 30 bietet sofortigen Schutz vor UVA- und UVB-Strahlen und verleiht der Haut einen natürlichen Glo,Sonnencreme Gesicht parfümfrei,dm-mcp-searchProducts,2026-09-04
4001638590679,3092396,"Baby Gesichtscreme Calendula, parfümfrei, 50 ml",WELEDA baby,Babyöl & Babycreme > Babypflege,"4,75 €",https://www.dm.de/applink/p/d/3092396/weleda-baby-baby-gesichtscreme-calendula-parfuemfrei?appPageType=productdetails&appProductId=3092396&wt_mc=dm-mcp,yes,no,no,True,False,True,False,"Feuchtigkeitsspendende Gesichtscreme mit Bio-Calendula, Für Babys und empfindliche Erwachsenenhaut, Zertifizierte Naturk",Die Baby Gesichtscreme Calendula von WELEDA baby bietet sanfte Pflege für zarte Haut. Mit Mandelöl und hautverwandtem Wollwachs schützt sie die Haut v,Baby Pflege parfümfrei | Baby Creme ohne Parfum | Weleda Calendula parfümfrei,dm-mcp-searchProducts,2026-09-04
4001638096829,1385771,"Baby Pflegelotion Derma Weiße Malve, 200 ml",WELEDA baby,Babyöl & Babycreme > Babypflege,"12,95 €",https://www.dm.de/applink/p/d/1385771/weleda-baby-baby-pflegelotion-derma-weisse-malve?appPageType=productdetails&appProductId=1385771&wt_mc=dm-mcp,yes,no,no,True,False,True,False,"Spendet intensiv  Feuchtigkeit, Pflegt und beruhigt die Haut, Lindert den Juckreiz","Die Weleda Weiße Malve Pflegelotion ist besonders für hochsensible Haut geeignet. Sie wirkt wohltuend, spendet Feuchtigkeit und kühlt die Haut angeneh",Weleda Calendula parfümfrei,dm-mcp-searchProducts,2026-09-04
4001638590402,3092397,"Baby Wundschutzcreme Med 3in1 Malve, 50 ml",WELEDA baby,Wundschutzcreme & Babypuder > Babypflege,"8,45 €",https://www.dm.de/applink/p/d/3092397/weleda-baby-baby-wundschutzcreme-med-3in1-malve?appPageType=productdetails&appProductId=3092397&wt_mc=dm-mcp,yes,no,no,True,False,False,True,"Sanfte Pflege von Geburt an, Unterstützt die Regeneration der Hautbarriere, Beruhigt gereizte Haut im Windelbereich, Par",Mit der Med 3in1 Malve Baby Wundschutzcreme von WELEDA baby kann die empfindliche Haut ab dem ersten Lebenstag sanft gepflegt werden. Dank der parfümf,Weleda Calendula parfümfrei,dm-mcp-searchProducts,2026-09-04
4001638530248,1662134,"Baby Zauberbalsam Calendula, 25 g",WELEDA baby,Babyöl & Babycreme > Babypflege,"7,75 €",https://www.dm.de/applink/p/d/1662134/weleda-baby-baby-zauberbalsam-calendula?appPageType=productdetails&appProductId=1662134&wt_mc=dm-mcp,yes,no,no,True,False,True,True,"Pflegt intensiv, beruhigt & schützt sensible Haut, Hautverträglichkeit dermatologisch getestet, Mit hochwertigen Wachsen",Mit dem Baby Calendula Zauberbalsam von WELEDA kann die sensible Babyhaut im Gesicht und am Körper intensiv gepflegt werden. Trockene Hautstellen und ,Baby Pflege parfümfrei | Baby Creme ohne Parfum | Weleda Calendula parfümfrei,dm-mcp-searchProducts,2026-09-04
4001638096560,1168091,"Babyöl Calendula parfümfrei, 200 ml",WELEDA baby,"Babyöl & Babycreme > Babyshampoo, Badezusätze & Co. > Babypflege","8,45 €",https://www.dm.de/applink/p/d/1168091/weleda-baby-babyoel-calendula-parfuemfrei?appPageType=productdetails&appProductId=1168091&wt_mc=dm-mcp,yes,no,no,True,False,True,True,"Für die tägliche  Hautpflege, zur Reinigung und zur Massage, Beugt Hautreizungen und Wundsein vor, Unterstützt die natür",Das Weleda Baby Calendula Pflegeöl Parfümfrei ist ideal für die tägliche Hautpflege Ihres Babys und die milde Reinigung im Windelbereich. Die Rezeptur,Baby Pflege parfümfrei | Weleda Calendula parfümfrei,dm-mcp-searchProducts,2026-09-04
4001638590235,2486777,"Calendula Wundschutzcreme parfümfrei, 75 ml",WELEDA baby,Babyöl & Babycreme > Babypflege,"5,75 €",https://www.dm.de/applink/p/d/2486777/weleda-baby-calendula-wundschutzcreme-parfuemfrei?appPageType=productdetails&appProductId=2486777&wt_mc=dm-mcp,yes,no,no,True,False,True,False,"Milde Pflegecreme für Babys von Geburt an, Mit Bio-Calendula, Mandelöl und Bio-Kamille, Fördert die Hautregeneration, Pf","Mit der milden Calendula Wundschutzcreme von Weleda baby wird die Hautregeneration gefördert und gereizte, sowie gerötete Haut gepflegt. Dank der sanf",Baby Pflege parfümfrei | Weleda Calendula parfümfrei,dm-mcp-searchProducts,2026-09-04
4001638531146,3096831,"Geschenkset Babypflege 4tlg., 1 St",WELEDA baby,Babypflege > Geschenksets,"24,95 €",https://www.dm.de/applink/p/d/3096831/weleda-baby-geschenkset-babypflege-4tlg?appPageType=productdetails&appProductId=3096831&wt_mc=dm-mcp,yes,no,no,True,False,True,False,"Set beinhaltet: Wundschutzcreme, Pflegeöl, Zauberbalsam, Wickelunterlage, Ideal für unterwegs, Ohne Parfum, Waschbare Wi",Das Geschenkset Babypflege von WELEDA baby vereint praktische Funktionalität mit sanfter Pflege. Es enthält parfümfreie Produkte aus der Bio-Calendula,Weleda Calendula parfümfrei,dm-mcp-searchProducts,2026-09-04
4066447921939,1626847,"Feste Gesichtsreinigung Aprikose & Mango, 75 g",alverde NATURKOSMETIK,Gesichtsreinigung,"3,95 €",https://www.dm.de/applink/p/d/1626847/alverde-naturkosmetik-feste-gesichtsreinigung-aprikose-und-mango?appPageType=productdetails&appProductId=1626847&wt_mc=dm-mcp,no,no,no,False,False,True,True,"Pro Climate, ökobilanziert – renaturiert*, Mit Mangobutter und Bio-Aprikosenkern-Öl, Zertifizierte Naturkosmetik, Sanft ",Die Feste Gesichtsreinigung von alverde NATURKOSMETIK befreit die Haut sanft und schonend von Make-up-Resten sowie Schmutzpartikeln. Ihre Formulierung,alverde unparfümiert Gesicht,dm-mcp-searchProducts,2026-09-04
4066447915402,1705451,"Festes Shampoo Mandarine-Basilikum Duft, 60 g",alverde NATURKOSMETIK,"Haarseife, festes Shampoo & Conditioner > Haarpflege","3,45 €",https://www.dm.de/applink/p/d/1705451/alverde-naturkosmetik-festes-shampoo-mandarine-basilikum-duft?appPageType=productdetails&appProductId=1705451&wt_mc=dm-mcp,no,no,no,False,False,True,True,"Pro Climate, ökobilanziert – renaturiert*, Zertifizierte Naturkosmetik, Enthält Bio-Olivenöl & Bio-Sheabutter, Für norma",Das alverde NATURKOSMETIK Feste Shampoo Mandarine-Basilikum pflegt normales bis trockenes Haar intensiv und verleiht einen natürlichen Glanz. Die reic,Bioderma Sebium,dm-mcp-searchProducts,2026-09-04
4066447911336,1467712,"Gesichtscreme Anti-Falten Vital reife Haut, 50 ml",alverde NATURKOSMETIK,Anti Aging > Tagescreme > Gesichtspflege,"3,85 €",https://www.dm.de/applink/p/d/1467712/alverde-naturkosmetik-gesichtscreme-anti-falten-vital-reife-haut?appPageType=productdetails&appProductId=1467712&wt_mc=dm-mcp,no,no,no,False,False,True,True,"Tagespflege für reife Haut, Mit Bio-Lupinen-Peptiden und Bio-Mandel-Öl, Zertifizierte Naturkosmetik, Enthält Vitamin E","Für eine gestärkte Haut sorgt die Gesichtscreme Vital von alverde NATURKOSMETIK. Die Pflegeformel mit Bio-Lupinen-Peptiden, Hyaluronsäure und Bio-Mand",alverde unparfümiert Gesicht,dm-mcp-searchProducts,2026-09-04
4066447911428,1397138,"Gesichtscreme Gel Hydro feuchtigkeitsspendend, 50 ml",alverde NATURKOSMETIK,Tagescreme > Gesichtspflege,"3,25 €",https://www.dm.de/applink/p/d/1397138/alverde-naturkosmetik-gesichtscreme-gel-hydro-feuchtigkeitsspendend?appPageType=productdetails&appProductId=1397138&wt_mc=dm-mcp,no,no,no,False,False,True,True,"Feuchtigkeitsspendendes Gesichtscreme-Gel, Mit Bio-Aloe Vera und Algenextrakt, Zertifizierte Naturkosmetik, Erfrischende",Das Gesichtscreme Gel Hydro von alverde NATURKOSMETIK mit Hydro Komplex kann feuchtigkeitsarme Haut auf natürliche Weise wieder ins Gleichgewicht brin,alverde unparfümiert Gesicht,dm-mcp-searchProducts,2026-09-04
4070765012484,3125071,"Gesichtscreme Kollagen Boost, 50 ml",alverde NATURKOSMETIK,Anti Aging > Tagescreme > Gesichtspflege,"5,95 €",https://www.dm.de/applink/p/d/3125071/alverde-naturkosmetik-gesichtscreme-kollagen-boost?appPageType=productdetails&appProductId=3125071&wt_mc=dm-mcp,no,no,no,False,False,True,True,"Straffende Gesichtspflege, Mit pflanzlichem Kollagen-Extrakt und Bakuchiol, Zertifizierte Naturkosmetik, Kann die Spannk","Die Kollagen straffende Tagescreme von alverde NATURKOSMETIK pflegt die Haut und kann ihre Spannkraft erhöhen. Die Rezeptur mit Bakuchiol, einer pflan",alverde unparfümiert Gesicht,dm-mcp-searchProducts,2026-09-04
4066447910476,3121096,"Gesichtscreme Natural Expert LSF30, 50 ml",alverde NATURKOSMETIK,Tagescreme > Gesichtspflege,"6,45 €",https://www.dm.de/applink/p/d/3121096/alverde-naturkosmetik-gesichtscreme-natural-expert-lsf30?appPageType=productdetails&appProductId=3121096&wt_mc=dm-mcp,no,no,no,False,False,True,True,"Schützende Tagespflege, Mildert Spannungsgefühle, Stärkt die Hautbarriere, Mit Ceramid-Komplex und Cica, Mit Bio-Rosmari","Eine reichhaltige und parfümfreie Pflege bietet die alverde NATURKOSMETIK Natural Expert Tagescreme LSF 30, die die Hautbarriere stärkt und vor vorzei",alverde unparfümiert Gesicht,dm-mcp-searchProducts,2026-09-04
4066447910346,1559373,"Gesichtscreme Q10 Haut ab 30, 50 ml",alverde NATURKOSMETIK,Tagescreme > Gesichtspflege,"3,25 €",https://www.dm.de/applink/p/d/1559373/alverde-naturkosmetik-gesichtscreme-q10-haut-ab-30?appPageType=productdetails&appProductId=1559373&wt_mc=dm-mcp,no,no,no,False,False,True,False,"Pflegende Tagescreme für die Haut ab 30, Mit Coenzym Q10 und Vitamin C, Zertifizierte Naturkosmetik, Glättende Textur, F","Die Gesichtscreme Q10 für die Haut ab 30 von alverde NATURKOSMETIK ist eine Pflege, die ersten Linien und Fältchen entgegenwirken kann. Die zertifizie",alverde unparfümiert Gesicht,dm-mcp-searchProducts,2026-09-04
4066447910513,1470237,"Gesichtscreme Sensitiv 24h Creme, 50 ml",alverde NATURKOSMETIK,Tagescreme > Gesichtspflege,"2,15 €",https://www.dm.de/applink/p/d/1470237/alverde-naturkosmetik-gesichtscreme-sensitiv-24h-creme?appPageType=productdetails&appProductId=1470237&wt_mc=dm-mcp,no,no,no,False,False,True,True,"24h-Pflegecreme für sensible Haut, Mit Bio-Hamamelis und Bio-Kamille, Zertifizierte Naturkosmetik, Feuchtigkeitsspendend",Verwöhnt sensible Haut mit einer sanften Pflege: die Gesichtscreme Sensitiv 24h Creme von alverde NATURKOSMETIK. Die zertifizierte Naturkosmetik mit E,nicht komedogen Gesichtscreme | alverde unparfümiert Gesicht,dm-mcp-searchProducts,2026-09-04
4066447911480,1234685,"Gesichtscreme Ultra Sensitiv, 50 ml",alverde NATURKOSMETIK,Tagescreme > Gesichtspflege,"3,25 €",https://www.dm.de/applink/p/d/1234685/alverde-naturkosmetik-gesichtscreme-ultra-sensitiv?appPageType=productdetails&appProductId=1234685&wt_mc=dm-mcp,yes,no,no,True,False,True,True,"Gesichtspflege für sensible Haut, Besonders sanft und verträglich, Ohne Parfum und Farbstoffe",Speziell für die Bedürfnisse sensibler Haut wurde die Gesichtscreme Ultra Sensitive von alverde NATURKOSMETIK entwickelt. Die milde Rezeptur mit Jojob,Gesichtscreme parfümfrei | nicht komedogen Gesichtscreme | alverde unparfümiert Gesicht,dm-mcp-searchProducts,2026-09-04
4066447910759,1234577,"Gesichtscreme Wildrose, 50 ml",alverde NATURKOSMETIK,Tagescreme > Gesichtspflege,"2,85 €",https://www.dm.de/applink/p/d/1234577/alverde-naturkosmetik-gesichtscreme-wildrose?appPageType=productdetails&appProductId=1234577&wt_mc=dm-mcp,no,no,no,False,False,True,True,"Tagespflege mit Bio-Wildrose, Mit Bio-Hyaluronsäure, Zertifizierte Naturkosmetik, Intensiv pflegend, Spendet langanhalte",Die Gesichtscreme BIO-Wildrose von alverde NATURKOSMETIK verwöhnt die Haut mit einer sorgfältig abgestimmten Komposition aus Wildrosen- sowie Sonnenbl,nicht komedogen Gesichtscreme | alverde unparfümiert Gesicht,dm-mcp-searchProducts,2026-09-04
4066447911596,1516809,"Gesichtswasser Rosenblüte, 100 ml",alverde NATURKOSMETIK,Gesichtswasser > Gesichtsreinigung,"2,65 €",https://www.dm.de/applink/p/d/1516809/alverde-naturkosmetik-gesichtswasser-rosenbluete?appPageType=productdetails&appProductId=1516809&wt_mc=dm-mcp,no,no,no,False,False,True,False,"Tonisierendes Gesichtswasser mit Rosenduft, Zertifizierte Naturkosmetik, Erfrischend und ausgleichend, Ideal für trocken",Erfrischt und klärt die Haut: Das Gesichtswasser Rosenblüte von alverde NATURKOSMETIK ist ein angenehmer Abschluss der täglichen Reinigung. Die Rezept,alverde unparfümiert Gesicht,dm-mcp-searchProducts,2026-09-04
4066447910490,3078622,"Gesichtsöl Bio-Karotte, 30 ml",alverde NATURKOSMETIK,Serum & Kur > Gesichtspflege,"4,45 €",https://www.dm.de/applink/p/d/3078622/alverde-naturkosmetik-gesichtsoel-bio-karotte?appPageType=productdetails&appProductId=3078622&wt_mc=dm-mcp,no,no,no,False,False,True,True,"Gesichtspflegeöl mit Karottenextrakt, Reichhaltige Pflegeformel, Zertifizierte Naturkosmetik, Verleiht eine zarte, natür",Für einen strahlenden Teint sorgt das Karottenöl von alverde NATURKOSMETIK. Die reichhaltige Formel mit Beta-Carotin kann die natürliche Regeneration ,alverde unparfümiert Gesicht,dm-mcp-searchProducts,2026-09-04
4066447315851,1316560,"Gesichtsöl Overnight mit 5% Squalan, 25 ml",alverde NATURKOSMETIK,Serum & Kur > Gesichtspflege,"3,45 €",https://www.dm.de/applink/p/d/1316560/alverde-naturkosmetik-gesichtsoel-overnight-mit-5-prozent-squalan?appPageType=productdetails&appProductId=1316560&wt_mc=dm-mcp,no,no,no,False,False,True,True,"Gesichtsöl für die Nacht, Beruhigt die Haut, Für ein weiches und gepflegtes Hautgefühl am Morgen, Hilft, kleine Fältchen",Das parfümfreie Overnight Gesichtsöl von alverde NATURKOSMETIK mit 5 % Squalan beruhigt die Haut. Die Formulierung polstert sie sichtbar auf und kann ,alverde unparfümiert Gesicht,dm-mcp-searchProducts,2026-09-04
4066447910810,1316321,"Gesichtsöl Wildrose, 15 ml",alverde NATURKOSMETIK,Serum & Kur > Tagescreme > Gesichtspflege,"3,45 €",https://www.dm.de/applink/p/d/1316321/alverde-naturkosmetik-gesichtsoel-wildrose?appPageType=productdetails&appProductId=1316321&wt_mc=dm-mcp,no,no,no,False,False,True,True,"Reichhaltige Formel für geschmeidige Haut, Mit natürlichen Ölen und Apfelkern-Extrakt, Zertifizierte Naturkosmetik, Für ","Das Gesichtsöl Wildrose von alverde NATURKOSMETIK vereint Pflanzenöle wie Mandel-, Pfirsichkern-, Jojoba- und Wildrosenöl zu einer pflegenden Komposit",alverde unparfümiert Gesicht,dm-mcp-searchProducts,2026-09-04
4066447970074,3129733,"Reinigungsgel Overnight, 100 ml",alverde NATURKOSMETIK,Gesichtsreinigung,"3,95 €",https://www.dm.de/applink/p/d/3129733/alverde-naturkosmetik-reinigungsgel-overnight?appPageType=productdetails&appProductId=3129733&wt_mc=dm-mcp,no,no,no,False,False,True,True,"Sanftes Reinigungsgel für die Nacht, Milde Formulierung, Zertifizierte Naturkosmetik, Entfernt Schmutz und Rückstände, F",Das Reinigungsgel Overnight von alverde NATURKOSMETIK befreit die Haut am Abend sanft von den Spuren des Tages. Dank der milden Formulierung mit feuch,Akne Unreinheiten Reinigung,dm-mcp-searchProducts,2026-09-04
4066447912630,2477001,"Seifenstück Cremeseife mit Sheabutter & Mandelmilch, 100 g",alverde NATURKOSMETIK,Feste Seife > Seife,"0,85 €",https://www.dm.de/applink/p/d/2477001/alverde-naturkosmetik-seifenstueck-cremeseife-mit-sheabutter-und-mandelmilch?appPageType=productdetails&appProductId=2477001&wt_mc=dm-mcp,no,no,no,False,False,True,True,"Feste Cremeseife, Reinigt sanft und pflegend, Schützt die Hände vor dem Austrocknen, Mit Bio-Sheabutter und Bio-Kokos-Öl","Die alverde NATURKOSMETIK Cremeseife mit Bio-Sheabutter und Mandelmilch eignet sich ideal für die tägliche, sanfte Reinigung der Hände. Ihre milde For",Bioderma Sebium,dm-mcp-searchProducts,2026-09-04
4066447786828,1626107,"Sonnencreme sensitiv LSF 50, 75 ml",alverde NATURKOSMETIK,Sonnencreme > Sonnenpflege,"5,25 €",https://www.dm.de/applink/p/d/1626107/alverde-naturkosmetik-sonnencreme-sensitiv-lsf-50?appPageType=productdetails&appProductId=1626107&wt_mc=dm-mcp,yes,no,no,True,False,True,True,"Mit Vitamin E und natürlichen Ölen, Für sensible Haut geeignet, Mineralischer UVA- und UVB-Schutz, Zertifizierte Naturko",Die sensitiv Sonnencreme mit LSF 50 von alverde SUN bietet effektiven Sonnenschutz und ist ideal für empfindliche Hauttypen. Mit mineralischem UVA- un,Sonnencreme Gesicht parfümfrei,dm-mcp-searchProducts,2026-09-04
4067796306323,3111453,"Sonnenfluid Gesicht sensitiv, LSF 30, 50 ml",alverde NATURKOSMETIK,"Sonnenfluide, -sticks & Co. > Sonnenpflege","6,25 €",https://www.dm.de/applink/p/d/3111453/alverde-naturkosmetik-sonnenfluid-gesicht-sensitiv-lsf-30?appPageType=productdetails&appProductId=3111453&wt_mc=dm-mcp,yes,no,no,True,False,True,True,"Mineralischer UVB- und UVA-Schutz, Mit Lichtschutzfaktor 30, Angereichert mit Bio-Mandel-Öl und Vitamin E, Spendet 24 St",Das alverde Sun Sonnenfluid Sensitiv mit Lichtschutzfaktor 30 bietet zuverlässigen Schutz für empfindliche und sensible Haut. Die mineralische Formel ,alverde unparfümiert Gesicht,dm-mcp-searchProducts,2026-09-04
4066447911534,1679668,"Waschgel Ultra Sensitiv, 150 ml",alverde NATURKOSMETIK,Waschgel > Gesichtsreinigung,"3,25 €",https://www.dm.de/applink/p/d/1679668/alverde-naturkosmetik-waschgel-ultra-sensitiv?appPageType=productdetails&appProductId=1679668&wt_mc=dm-mcp,yes,no,no,True,False,True,True,"Sanftes Reinigungsgel für das Gesicht, Besonders milde Formel, Zertifizierte Naturkosmetik, Bewahrt die natürliche Hautf","Das Waschgel Ultra Sensitiv von alverde NATURKOSMETIK reinigt empfindliche Haut besonders sanft und befreit sie schonend von Schmutzpartikeln, Make-up",Gesichtsreinigung ohne Duftstoffe | alverde unparfümiert Gesicht,dm-mcp-searchProducts,2026-09-04
4066447888768,1318250,"Baby Bad & Shampoo ultra sensitive, 250 ml",babylove,"Kindershampoo > Kinderduschgel > Babyshampoo, Badezusätze & Co. > Kleinkindpflege > Babypflege","1,45 €",https://www.dm.de/applink/p/d/1318250/babylove-baby-bad-und-shampoo-ultra-sensitive?appPageType=productdetails&appProductId=1318250&wt_mc=dm-mcp,yes,no,no,True,False,False,True,"2in1 Bad & Shampoo für Haut und Haar, Besonders sanfte Rezeptur, Mit pflegendem Panthenol, Kein Brennen in den Augen, Oh","Für eine besonders sanfte Reinigung von Haut und Haar sorgt das babylove Ultra Sensitive 2in1 Bad & Shampoo. Die milde, parfümfreie Rezeptur mit Panth",Baby Pflege parfümfrei,dm-mcp-searchProducts,2026-09-04
4066447888720,1587543,"Baby Körperlotion ultra sensitive, 250 ml",babylove,Babyöl & Babycreme > Babypflege,"2,45 €",https://www.dm.de/applink/p/d/1587543/babylove-baby-koerperlotion-ultra-sensitive?appPageType=productdetails&appProductId=1587543&wt_mc=dm-mcp,yes,no,no,True,False,False,True,"Pflegelotion für den Körper, Besonders reichhaltige Rezeptur, Mit Mandelöl, Panthenol und Sheabutter, Stärkt die natürli",Für eine intensive Pflege von trockener und besonders empfindlicher Haut sorgt die babylove Ultra Sensitive Körperlotion. Die reichhaltige Rezeptur mi,Baby Pflege parfümfrei | Baby Creme ohne Parfum | Eucerin Dermopure | Purito Creme,dm-mcp-searchProducts,2026-09-04
4066447888706,1446986,"Baby Pflegemilch leicht sensitive, 250 ml",babylove,Babyöl & Babycreme > Babypflege,"1,45 €",https://www.dm.de/applink/p/d/1446986/babylove-baby-pflegemilch-leicht-sensitive?appPageType=productdetails&appProductId=1446986&wt_mc=dm-mcp,no,no,no,False,False,False,True,"Pflegemilch für Babys, Mit Kamille und Sonnenblumenöl, Ab der Geburt geeignet, Zieht schnell ein und klebt nicht",Mit der leichten Baby Pflegemilch von babylove wird empfindliche Haut von Anfang an sanft umsorgt. Die milde Formel spendet Feuchtigkeit und unterstüt,Purito Creme,dm-mcp-searchProducts,2026-09-04
4070765061543,1586117,"Milchpulver-Portinierer, 1 St",babylove,Babynahrungszubereitung > Ausstattung für Baby & Kind,"2,95 €",https://www.dm.de/applink/p/d/1586117/babylove-milchpulver-portinierer?appPageType=productdetails&appProductId=1586117&wt_mc=dm-mcp,no,no,no,False,False,False,True,"Praktischer Milchpulver-Dosierer, Ideal für unterwegs und zu Hause, Erleichtert die Zubereitung von Milchnahrung, Aus st",Der babylove Milchpulver-Portionierer ist ein nützlicher Helfer im Alltag mit Baby. Er ermöglicht das einfache und schnelle Vorportionieren von Milchn,Purito Creme,dm-mcp-searchProducts,2026-09-04
4067796258059,3042952,"Sonnencreme Baby sensitiv, LSF 50+, 75 ml",babylove,Sonnencreme > Sonnenpflege,"3,95 €",https://www.dm.de/applink/p/d/3042952/babylove-sonnencreme-baby-sensitiv-lsf-50?appPageType=productdetails&appProductId=3042952&wt_mc=dm-mcp,yes,no,no,True,False,False,True,"Sonnencreme für empfindliche Haut, Mit Lichtschutzfaktor 50+, Sanft zur zarten Babyhaut, Bietet sofortigen UVA- und UVB-",Die Sonnencreme Baby sensitiv mit Lichtschutzfaktor 50+ von babylove bietet einen zuverlässigen Schutz für die besonders empfindliche Haut von Babys. ,Sonnencreme Gesicht parfümfrei,dm-mcp-searchProducts,2026-09-04
4066447888829,1700604,"Waschbalsam Kopf bis Fuß ultra sensitive, 500 ml",babylove,"Babyshampoo, Badezusätze & Co. > Babypflege","1,95 €",https://www.dm.de/applink/p/d/1700604/babylove-waschbalsam-kopf-bis-fuss-ultra-sensitive?appPageType=productdetails&appProductId=1700604&wt_mc=dm-mcp,yes,no,no,True,False,False,True,"Waschbalsam für Haut und Haar, Besonders pflegende Rezeptur, Mit Mandelöl und Panthenol, Spendet intensiv Feuchtigkeit",Der babylove Ultra Sensitive Kopf bis Fuß Waschbalsam reinigt die zarte Babyhaut von Geburt an mit einer Extraportion Pflege. Seine besonders milde Re,Eucerin Dermopure,dm-mcp-searchProducts,2026-09-04
4066447890808,1458998,"Wundschutzcreme ultra sensitive, 75 ml",babylove,Wundschutzcreme & Babypuder > Babypflege,"1,45 €",https://www.dm.de/applink/p/d/1458998/babylove-wundschutzcreme-ultra-sensitive?appPageType=productdetails&appProductId=1458998&wt_mc=dm-mcp,yes,no,no,True,False,False,False,"Schützende Pflege für den Windelbereich, Für trockene, empfindliche und zu Allergien neigende Haut, Geeignet von Geburt ",Die Wundschutzcreme ultra sensitive von babylove wurde speziell für die Pflege im Windelbereich entwickelt und ist bereits von Geburt an geeignet. Ihr,Baby Creme ohne Parfum | Purito Creme,dm-mcp-searchProducts,2026-09-04
4067796017090,1477385,"Kürbis pur ab dem 5. Monat, 125 g",dmBio,Babygläschen & Co. > Babynahrung & Getränke,"0,75 €",https://www.dm.de/applink/p/d/1477385/dmbio-kuerbis-pur-ab-dem-5-monat?appPageType=productdetails&appProductId=1477385&wt_mc=dm-mcp,no,no,no,False,False,False,True,"Bio Kürbispüree, Ab dem 5. Monat geeignet, Ohne Salzzusatz (Enthält von Natur aus Salz), Glutenfrei",Das schmackhafte dmBio Gemüse Gläschen Kürbis pur stammt aus biologisch-dynamischer Landwirtschaft eignet sich für Babys ab dem 5. Monat. Das Kürbispü,Purito Creme,dm-mcp-searchProducts,2026-09-04
609332811799,3137263,"Fixing Spray Power Grip Rose, 80 ml",e.l.f. Cosmetics,Teint Fixing > Teint,"9,95 €",https://www.dm.de/applink/p/d/3137263/e-l-f-cosmetics-fixing-spray-power-grip-rose?appPageType=productdetails&appProductId=3137263&wt_mc=dm-mcp,yes,no,no,True,False,False,True,"Fixierendes Spray für das Gesicht, Mit erfrischendem Rosenwasser, Fixiert das Make-up und verleiht einen schimmernden Gl","Das e.l.f. Cosmetics Fixing Spray Power Grip Rose ist ein Zwei-Phasen-Spray, das dem Teint ein strahlendes Aussehen verleiht und das Make-up langanhal",La Roche Posay Effaclar,dm-mcp-searchProducts,2026-09-04
4059729585462,3116758,"Gel Nagellack 06 Happily Ever After, 8 ml",essence,Nagellack > Nägel,"1,75 €",https://www.dm.de/applink/p/d/3116758/essence-gel-nagellack-06-happily-ever-after?appPageType=productdetails&appProductId=3116758&wt_mc=dm-mcp,yes,no,no,True,True,False,True,"Gel-Nagellack, Langanhaltendes Finish, Für perfektionierte Nägel mit Gel-Effekt, Trocknet schnell und ohne UV-Lampe",Für ein strahlendes und perfektioniertes Nageldesign sorgt der essence gel nail polish 06 HAPPILY EVER AFTER. Der schöne Lack verleiht den Nägeln ein ,La Roche Posay Effaclar,dm-mcp-searchProducts,2026-09-04
4059729585479,3116784,"Gel Nagellack 07 Fairy Floss, 8 ml",essence,Nagellack > Nägel,"1,75 €",https://www.dm.de/applink/p/d/3116784/essence-gel-nagellack-07-fairy-floss?appPageType=productdetails&appProductId=3116784&wt_mc=dm-mcp,yes,no,no,True,True,False,True,"Gel-Nagellack, Langanhaltendes Finish, Für perfektionierte Nägel mit Gel-Effekt, Trocknet schnell und ohne UV-Lampe",Für ein strahlendes und perfektioniertes Nageldesign sorgt der essence gel nail polish 07 FAIRY FLOSS. Der schöne Lack verleiht den Nägeln ein hochglä,La Roche Posay Effaclar,dm-mcp-searchProducts,2026-09-04
4059729585486,3116805,"Gel Nagellack 08 The Final Rose, 8 ml",essence,Nagellack > Nägel,"1,75 €",https://www.dm.de/applink/p/d/3116805/essence-gel-nagellack-08-the-final-rose?appPageType=productdetails&appProductId=3116805&wt_mc=dm-mcp,yes,no,no,True,True,False,True,"Gel-Nagellack, Langanhaltendes Finish, Für perfektionierte Nägel mit Gel-Effekt, Trocknet schnell und ohne UV-Lampe",Für ein strahlendes und perfektioniertes Nageldesign sorgt der essence gel nail polish 08 THE FINAL ROSE. Der schöne Lack verleiht den Nägeln ein hoch,La Roche Posay Effaclar,dm-mcp-searchProducts,2026-09-04
4059729585578,3116777,"Gel Nagellack 17 Faux Pearl, 8 ml",essence,Nagellack > Nägel,"1,75 €",https://www.dm.de/applink/p/d/3116777/essence-gel-nagellack-17-faux-pearl?appPageType=productdetails&appProductId=3116777&wt_mc=dm-mcp,yes,no,no,True,True,False,True,"Gel-Nagellack, Langanhaltendes Finish, Für perfektionierte Nägel mit Gel-Effekt, Trocknet schnell und ohne UV-Lampe",Für ein strahlendes und perfektioniertes Nageldesign sorgt der essence gel nail polish 17 FAUX PEARL. Der schöne Lack verleiht den Nägeln ein hochglän,La Roche Posay Effaclar,dm-mcp-searchProducts,2026-09-04
4059729636331,3149043,"UV Gel Nagellack Easy Off 104 Rosy Rose, 5 ml",essence,UV Nagellack > Nägel,"2,95 €",https://www.dm.de/applink/p/d/3149043/essence-uv-gel-nagellack-easy-off-104-rosy-rose?appPageType=productdetails&appProductId=3149043&wt_mc=dm-mcp,yes,no,no,True,True,False,True,"UV-Gel-Nagellack, Intensiv glänzendes Finish, Härtet unter einer UV- oder LED-Lampe aus, Einfaches Entfernen dank EASY O",Der essence UV Gel Nagellack Easy Off in der Farbnummer 104 Rosy Rose verleiht den Nägeln ein langanhaltendes und intensiv glänzendes Finish. Die Nuan,La Roche Posay Effaclar,dm-mcp-searchProducts,2026-09-04
4059729619303,3150126,"UV Gel Nagellack UV Gel Easy Off 09 Lady In Red, 5 ml",essence,UV Nagellack > Nägel,"2,95 €",https://www.dm.de/applink/p/d/3150126/essence-uv-gel-nagellack-uv-gel-easy-off-09-lady-in-red?appPageType=productdetails&appProductId=3150126&wt_mc=dm-mcp,yes,no,no,True,True,False,True,"UV-Gel-Nagellack, Glänzendes Finish mit farbintensiver Deckkraft, Einfaches Entfernen mit Öl und Seifenwasser, Hochpigme","Der essence UV Gel Nagellack UV Gel Easy Off in der Farbnummer 09 Lady In Red verleiht den Nägeln ein gepflegtes Aussehen mit einem glänzenden, farbin",La Roche Posay Effaclar,dm-mcp-searchProducts,2026-09-04
4001998400946,3080796,"Schmusetuch Igel, grün, 1 St",fehn,Kuscheltiere & Schmusetücher > Spielzeug,"5,90 €",https://www.dm.de/applink/p/d/3080796/fehn-schmusetuch-igel-gruen?appPageType=productdetails&appProductId=3080796&wt_mc=dm-mcp,no,no,no,False,False,False,False,"Schmusetuch Igel von Fehn aus kuscheligem Musselin in schönem Dunkelgrün, Große Freude für kleine Kuschelfreunde: Schnuf","Das niedliche Schmusetuch Igel von Fehn begleitet Babys von Geburt an als Tröster, Einschlafhelfer und Kuschelfreund in einem. Der braune Igel aus kus",Mustela Stelatopia,dm-mcp-searchProducts,2026-09-04
4070765030440,2479795,"Gesichtscreme hautverfeinernd LSF 50+, 50 ml",hautsache,Tagescreme > Gesichtspflege,"8,95 €",https://www.dm.de/applink/p/d/2479795/hautsache-gesichtscreme-hautverfeinernd-lsf-50?appPageType=productdetails&appProductId=2479795&wt_mc=dm-mcp,yes,no,no,True,False,False,True,"Tagespflege mit Lichtschutzfaktor 50+, Mit 0,5 % Ceramid-Komplex, Schützt vor UVA- und UVB-Strahlen, Zieht schnell ein u","Die Tagescreme von hautsache bietet mit einem Lichtschutzfaktor von 50+ einen hohen Schutz vor UVA- und UVB-Strahlen. Ihre beruhigende, parfümfreie Fo",Gesichtscreme parfümfrei,dm-mcp-searchProducts,2026-09-04
4067796173819,2479800,"Reinigungsöl, 100 ml",hautsache,Reinigungsöl > Gesichtsreinigung,"4,95 €",https://www.dm.de/applink/p/d/2479800/hautsache-reinigungsoel?appPageType=productdetails&appProductId=2479800&wt_mc=dm-mcp,yes,no,no,True,False,False,True,"Mit 7 % Squalan, Entfernt wasserfestes Make-up, Befreit die Haut von öllöslichen Rückständen, Vegan und parfumfrei",Das hautsache Reinigungsöl von fraubeauty und dm reinigt die Haut gründlich und zuverlässig von öllöslichen Rückständen und entfernt wasserfestes Make,Gesichtsreinigung ohne Duftstoffe | Akne Unreinheiten Reinigung,dm-mcp-searchProducts,2026-09-04
4021457649945,1562936,"Gesichtscreme Basis Sensitiv feuchtigkeitsspendend, 50 ml",lavera NATURKOSMETIK,Gesichtspflege,"7,95 €",https://www.dm.de/applink/p/d/1562936/lavera-naturkosmetik-gesichtscreme-basis-sensitiv-feuchtigkeitsspendend?appPageType=productdetails&appProductId=1562936&wt_mc=dm-mcp,no,no,no,False,False,True,True,"Verträglichkeit dermatologisch bestätigt, Biologisch abbaubare Rezeptur ohne Mineralöle & ohne künstliche Duft-, Farb- &",Mit der lavera Feuchtigkeitscreme Basis Sensitiv erleben Sie ein Gefühl von natürlicher Pflege. Die Creme enthält Bio-Aloe Vera sowie Bio-Jojoba und v,CeraVe Feuchtigkeitscreme,dm-mcp-searchProducts,2026-09-04
4021457649976,1562937,"Gesichtscreme Basis Sensitiv trockene Haut, 50 ml",lavera NATURKOSMETIK,Gesichtspflege,"7,95 €",https://www.dm.de/applink/p/d/1562937/lavera-naturkosmetik-gesichtscreme-basis-sensitiv-trockene-haut?appPageType=productdetails&appProductId=1562937&wt_mc=dm-mcp,no,no,no,False,False,True,True,"Verträglichkeit dermatologisch bestätigt, Biologisch abbaubare Rezeptur ohne Mineralöle & ohne künstliche Duft-, Farb- &",Mit der reichhaltigen lavera Feuchtigkeitscreme Basis Sensitiv erleben Sie ein Gefühl von natürlicher Pflege. Die Creme enthält Bio-Aloe Vera sowie Bi,CeraVe Feuchtigkeitscreme,dm-mcp-searchProducts,2026-09-04
4021457661015,3062115,"Gesichtsreinigung 3in1 Pure Beauty, 125 ml",lavera NATURKOSMETIK,Gesichtsreinigung,"5,95 €",https://www.dm.de/applink/p/d/3062115/lavera-naturkosmetik-gesichtsreinigung-3in1-pure-beauty?appPageType=productdetails&appProductId=3062115&wt_mc=dm-mcp,no,no,no,False,False,True,False,"Multifunktionale Gesichtsreinigung, Dreifachwirkung für die Gesichtspflege, Mit Salicylsäure und Bio-Minze, Befreit die ",Als wahres Multitalent für die tägliche Pflegeroutine erweist sich die 3in1 Pure Beauty Gesichtsreinigung von lavera. Diese innovative Formel vereint ,Salicylsäure Gesicht,dm-mcp-searchProducts,2026-09-04
5999862080204,3125400,"Gesichtsserum 10% Azelaic Acid, 30 ml",nerds.,Serum & Kur > Gesichtspflege,"13,85 €",https://www.dm.de/applink/p/d/3125400/nerds-gesichtsserum-10-prozent-azelaic-acid?appPageType=productdetails&appProductId=3125400&wt_mc=dm-mcp,yes,no,no,True,False,False,True,"Gesichtsserum mit 10 % Azelainsäure, Ausgleichend und hautbildverfeinernd, Kann bei Unreinheiten und Rötungen helfen, Le","Das nerds. Gesichtsserum 10% Azelaic Acid ist eine ausgleichende Pflege, die für ein sichtbar glatteres und ebenmäßigeres Hautbild sorgen kann. Die Fo",The Ordinary Azelaic,dm-mcp-searchProducts,2026-09-04
4103040049100,1312736,"Reinigungsschaum unreine, fettende Haut, 150 ml",sebamed,Medizinische Pflege > Gesichtsreinigung,"6,95 €",https://www.dm.de/applink/p/d/1312736/sebamed-reinigungsschaum-unreine-fettende-haut?appPageType=productdetails&appProductId=1312736&wt_mc=dm-mcp,no,no,no,False,False,False,False,"Antibakterieller Reinigungsschaum, Mit Panthenol und dem Wirkstoff Montaline C40, Wirkt der Bildung von Pickeln und Mite",Der sebamed Reinigungsschaum unreine Haut bietet eine sanfte und zugleich effektive Reinigung für zu Unreinheiten neigende Haut. Dank des pH-Wertes vo,Akne Unreinheiten Reinigung,dm-mcp-searchProducts,2026-09-04
4070765063141,3112575,"UV Nagellack 105, 9 ml",trend !t up,UV Nagellack > Nägel,"2,95 €",https://www.dm.de/applink/p/d/3112575/trend-t-up-uv-nagellack-105?appPageType=productdetails&appProductId=3112575&wt_mc=dm-mcp,no,no,no,False,False,False,True,"UV Nagellack für ein Gel-Finish, Bis zu 15 Tage Halt, Für eine perfekte UV-Gel-Maniküre, Einfache Anwendung",Der trend !t up UV Nagellack in der Farbnummer 105 hellrosa sorgt für ein professionelles Nageldesign wie aus dem Studio. Die spezielle Formulierung e,La Roche Posay Effaclar,dm-mcp-searchProducts,2026-09-04
