ean,name,brand,age_band,category_slot,eu_countries,flag_fragrance_free,flag_under3_intended,flag_cf,flag_nc,fragrance_basis,under3_basis,cf_basis,nc_basis,spf_note,source_url,notes
5060447948674,Face cream Fragrance Free,Childs cream,baby_0_36m,creme,PL,yes,yes,yes,no,name-claim,obf-category-or-name,cfi,,,https://world.openbeautyfacts.org/product/5060447948674/face-cream-fragrance-free-childs-cream,
20231460,Crème solaire enfant FPS50+,Cien,kind_3_11,spf,FR;NL;ES,yes,yes,yes,no,obf-label,obf-category-or-name,cfi,,AAP/AAD: unter 6 Monaten SPF nicht first-line,https://world.openbeautyfacts.org/product/20231460/cien-sun,"SAFETY NOTE unter 6 Mon.: Schatten/Kleidung first-line, kein SPF-First für Neonaten in App-Copy."
3560071348069,Gel lavant 2 in 1,Carrefour,baby_0_36m,bad,FR,yes,yes,no,no,obf-label,obf-category-or-name,,,,https://world.openbeautyfacts.org/product/3560071348069/gel-lavant-2-in-1-carrefour-bebe,
3282779300551,Crème au Cold Cream Avène Pédiatril,Avène Eau Thermale,baby_0_36m,creme,FR,yes,yes,no,no,brand-page,brand-page+obf,,,,https://www.eau-thermale-avene.de/alle-produktfamilien/babypflege,Avène Babypflege-Charter: Hygiene parfüm-/seifenfrei (DE Markenseite).
3282770074307,Crème Hydratante Avène Pédiatril Sterile Cosmetics,Avène Eau Thermale,baby_0_36m,creme,FR,yes,yes,no,no,brand-page,brand-page+obf,,,,https://www.eau-thermale-avene.de/alle-produktfamilien/babypflege,Avène Babypflege-Charter: Hygiene parfüm-/seifenfrei (DE Markenseite).
0062600452306,"Baby Lotion - Coconut Oil Body Moisturizer - Dry Skin - Baby Skin Care Product, Fragrance Free",Johnson’s,baby_0_36m,creme,FR,yes,yes,no,no,name-claim,obf-category-or-name,,,,https://world.openbeautyfacts.org/product/0062600452306/baby-lotion-coconut-oil-body-moisturizer-dry-skin-baby-skin-care-product-fragrance-free-johnson-s,"OBF-Name endet mit „Fragrance Free“; Coconut Oil = Inhaltsstoff, nicht Duftclaim. EU-countries laut OBF prüfen."
3337872412998,Lipikar Baume AP+M,La Roche-Posay,baby_0_36m,creme,FR;DE;AT;EU,yes,yes,no,no,brand-page,brand-page,,,,https://centrethermal.laroche-posay.fr/fr-FR/SPA-Source,LRP Thermal Center: Lipikar Baume AP+M „Sans parfum“; bébé/enfant/adulte. DE-Seite JS-shell. Keine Therapie. CFI: nein.
,Crème émolliente visage Stelatopia,Mustela,baby_0_36m,creme,FR;EU,yes,yes,no,no,brand-page,brand-page,,,,https://www.mustela.fr/products/creme-emolliente-visage-stelatopia,Markenseite: sans parfum / 0% PARFUM; dès la naissance. Keine Therapie. CFI: nein.
3504105028947,Stelatopia,Mustela,baby_0_36m,creme,FR,yes,yes,no,no,brand-page-inci-no-parfum,brand-page,,,,https://www.mustela.com/products/baume-emollient-stelatopia,Mustela Stelatopia Baume: dès la naissance (hors néonatologie); INCI Markenseite ohne Parfum.
,Calendula Gesichtscreme parfümfrei,Weleda,baby_0_36m,creme,DE;AT,yes,yes,no,no,brand-page,brand-page,,,,https://www.weleda.de/produkt/calendula-gesichtscreme-parfuemfrei-g004246,Markenseite: parfümfreie Calendula Gesichtscreme Weleda Baby. CFI: nein.
,Calendula Pflegeöl parfümfrei,Weleda,baby_0_36m,creme,DE;AT,yes,yes,no,no,brand-page,brand-page,,,,https://www.weleda.de/produkt/calendula-pflegeoel-parfuemfrei-g007528,Markenseite: unparfümiertes Calendula-Pflegeöl für Babypflege. CFI: nein.
3574660536522,First Touch Shampoo,Natusan,baby_0_36m,haar,FR,yes,yes,no,no,obf-label,obf-category-or-name,,,,https://world.openbeautyfacts.org/product/3574660536522/first-touch-shampoo-natusan,
3560071275075,Lait de toilette,Carrefour,baby_0_36m,reiniger,FR,yes,yes,no,no,obf-label,obf-category-or-name,,,,https://world.openbeautyfacts.org/product/3560071275075/lait-de-toilette-carrefour-baby-bio,
3760075074227,Spray solaire bébé 100 % naturel* haute protection - 50 sensible,Alphanova Sun,baby_0_36m,spf,FR,yes,yes,no,no,obf-label,obf-category-or-name,,,AAP/AAD: unter 6 Monaten SPF nicht first-line,https://world.openbeautyfacts.org/product/3760075074227/spray-solaire-bebe-100-naturel-haute-protection-50-sensible-alphanova-sun,"SAFETY NOTE unter 6 Mon.: Schatten/Kleidung first-line, kein SPF-First für Neonaten in App-Copy."
3286011092310,Crème change,Biolane,baby_0_36m,windel,FR,yes,yes,no,no,obf-label,obf-category-or-name,,,,https://world.openbeautyfacts.org/product/3286011092310/creme-change-biolane,
3560070311453,Lingettes bébé sans parfum 100% coton,Carrefour,baby_0_36m,windel,FR,yes,yes,no,no,name-claim,obf-category-or-name,,,,https://world.openbeautyfacts.org/product/3560070311453/lingettes-bebe-sans-parfum-100-coton-carrefour,
26028071,Lingettes bébé très douces sensitive,Chérubin,baby_0_36m,windel,FR,yes,yes,no,no,obf-label,obf-category-or-name,,,,https://world.openbeautyfacts.org/product/26028071/lingettes-bebe-tres-douces-sensitive-cherubin,
5028270004752,Baby wipes fragrance free,Dimple,baby_0_36m,windel,FR,yes,yes,no,no,obf-label,obf-category-or-name,,,,https://world.openbeautyfacts.org/product/5028270004752/baby-wipes-fragrance-free-dimple,
8690510115145,baby pure fragrance free wipes,hops,baby_0_36m,windel,PL,yes,yes,no,no,name-claim,obf-category-or-name,,,,https://world.openbeautyfacts.org/product/8690510115145/baby-pure-fragrance-free-wipes-hops,
3450601052316,Liniment oléo-calcaire,L'arbre vert,baby_0_36m,windel,FR,yes,yes,no,no,obf-label,obf-category-or-name,,,,https://world.openbeautyfacts.org/product/3450601052316/liniment-oleo-calcaire-l-arbre-vert-bebe,
4015400622413,Natural clean,P&G,baby_0_36m,windel,FR,yes,yes,no,no,obf-label,obf-category-or-name,,,,https://world.openbeautyfacts.org/product/4015400622413/natural-clean-p-g,
4015400621966,Sensitive,P&G,baby_0_36m,windel,FR,yes,yes,no,no,obf-label,obf-category-or-name,,,,https://world.openbeautyfacts.org/product/4015400621966/sensitive-p-g,
,Calendula Wundschutzcreme parfümfrei,Weleda,baby_0_36m,windel,DE;AT,yes,yes,no,no,brand-page,brand-page,,,,https://www.weleda.de/baby,Weleda Baby: Wundschutzcreme auch parfümfrei; von Geburt. Nicht Rx. CFI: nein.
3506770302001,Spray protecteur hydratant SPF 30 haute protection,Lovea,kind_3_11,spf,FR,no,yes,no,no,,obf-category-or-name,,,AAP/AAD: unter 6 Monaten SPF nicht first-line,https://world.openbeautyfacts.org/product/3506770302001/spray-protecteur-hydratant-spf-30-haute-protection-lovea,"SAFETY NOTE unter 6 Mon.: Schatten/Kleidung first-line, kein SPF-First für Neonaten in App-Copy. Lovea: nur synthetic-scent-free (schwach) — FF für Baby-Katalog nicht gesetzt."
4061459916355,Baby & Kids Sensitive Sun Lotion,Lacura,baby_0_36m,creme,IE,no,yes,yes,no,,obf-category-or-name,cfi,,,https://world.openbeautyfacts.org/product/4061459916355/baby-kids-sensitive-sun-lotion-lacura,
4335619041042,Lingettes bébé,Lupilu,baby_0_36m,windel,FR,no,yes,yes,no,,obf-category-or-name,cfi,,,https://world.openbeautyfacts.org/product/4335619041042/lingettes-bebe-lupilu,
40879918,Lingettes pour bébés,Lupilu sensitive,baby_0_36m,windel,FR,no,yes,yes,no,,obf-category-or-name,cfi,,,https://world.openbeautyfacts.org/product/40879918/lingettes-pour-bebes-lupilu-sensitive,
4056489564300,Shampooing douche extra doux pêche-abricot,CIEN,kind_3_11,bad,FR,no,yes,yes,no,,obf-category-or-name,cfi,,,https://world.openbeautyfacts.org/product/4056489564300/shampooing-douche-extra-doux-peche-abricot-cien,
3282779309110,Aderma - Primalba Bébé Gel Lavant Douceur,,baby_0_36m,bad,FR,no,yes,no,no,,obf-category-or-name,,,,https://world.openbeautyfacts.org/product/3282779309110/aderma-primalba-bebe-gel-lavant-douceur,
8713769500293,Dermo Care L.O.L. Surprise! Bad & Douche,,baby_0_36m,bad,NL,no,yes,no,no,,obf-category-or-name,,,,https://world.openbeautyfacts.org/product/8713769500293/dermo-care-l-o-l-surprise-bad-douche,
8713769500743,Dermo Care My Little Pony Bad & Douche,,baby_0_36m,bad,NL,no,yes,no,no,,obf-category-or-name,,,,https://world.openbeautyfacts.org/product/8713769500743/dermo-care-my-little-pony-bad-douche,
3574669908535,John's,,baby_0_36m,bad,DK,no,yes,no,no,,obf-category-or-name,,,,https://world.openbeautyfacts.org/product/3574669908535/john-s,
3574661172484,JOHNSONS Baby Bath 500ml,,baby_0_36m,bad,CY,no,yes,no,no,,obf-category-or-name,,,,https://world.openbeautyfacts.org/product/3574661172484/johnsons-baby-bath-500ml,
8720181537851,"Neutral 0% Baby Bath, Wash & Shampoo",,baby_0_36m,bad,NL,no,yes,no,no,,obf-category-or-name,,,,https://world.openbeautyfacts.org/product/8720181537851/neutral-0-baby-bath-wash-shampoo,
5410091778620,Schwarzkopf Kids Shampoo & Douchegel,,baby_0_36m,bad,NL,no,yes,no,no,,obf-category-or-name,,,,https://world.openbeautyfacts.org/product/5410091778620/schwarzkopf-kids-shampoo-douchegel,
4066447524062,Alverde Baby njrgujuća kupka,Alverde,baby_0_36m,bad,HR,no,yes,no,no,,obf-category-or-name,,,,https://world.openbeautyfacts.org/product/4066447524062/alverde-baby-njrgujuća-kupka,
3596710313389,Gel lavant corps & cheveux Camomille,Auchan,baby_0_36m,bad,FR,no,yes,no,no,,obf-category-or-name,,,,https://world.openbeautyfacts.org/product/3596710313389/gel-lavant-corps-cheveux-camomille-auchan,
3245678704332,Gel lavant corps et cheveux aux extraits de calendula et de camomille,Auchan,baby_0_36m,bad,FR,no,yes,no,no,,obf-category-or-name,,,,https://world.openbeautyfacts.org/product/3245678704332/gel-lavant-corps-et-cheveux-aux-extraits-de-calendula-et-de-camomille-auchan,
3245678041277,Gel lavant doux corps et cheveux à l'extrait d'aloe vera bio,Auchan Baby Bio,baby_0_36m,bad,FR,no,yes,no,no,,obf-category-or-name,,,,https://world.openbeautyfacts.org/product/3245678041277/gel-lavant-doux-corps-et-cheveux-a-l-extrait-d-aloe-vera-bio-auchan-baby-bio,
3574661523521,Power Shower,bebe,baby_0_36m,bad,DE,no,yes,no,no,,obf-category-or-name,,,,https://world.openbeautyfacts.org/product/3574661523521/power-shower-bebe,
5900516653170,Bain moussant,Bella Baby Happy,baby_0_36m,bad,FR,no,yes,no,no,,obf-category-or-name,,,,https://world.openbeautyfacts.org/product/5900516653170/bain-moussant-bella-baby,
3286010097064,Solide lavant douceur,Biolane,baby_0_36m,bad,FR,no,yes,no,no,,obf-category-or-name,,,,https://world.openbeautyfacts.org/product/3286010097064/solide-lavant-douceur-biolane,
5900931033083,Bar Soap,Bobini Baby,baby_0_36m,bad,PL,no,yes,no,no,,obf-category-or-name,,,,https://world.openbeautyfacts.org/product/5900931033083/bar-soap-bobini-baby,
3350033362147,Gel lavant corps et cheveux,Bout'chou,baby_0_36m,bad,FR,no,yes,no,no,,obf-category-or-name,,,,https://world.openbeautyfacts.org/product/3350033362147/gel-lavant-corps-et-cheveux-bout-chou,
3350033186309,gel lavant corps et cheveux pour bébé,Bout'chou,baby_0_36m,bad,FR,no,yes,no,no,,obf-category-or-name,,,,https://world.openbeautyfacts.org/product/3350033186309/gel-lavant-corps-et-cheveux-pour-bebe-bout-chou,
3600550300628,Thermal Peaux Sensibles Gel lavant hydratant,Bébé Cadum,baby_0_36m,bad,FR,no,yes,no,no,,obf-category-or-name,,,,https://world.openbeautyfacts.org/product/3600550300628/thermal-peaux-sensibles-gel-lavant-hydratant-bebe-cadum,
3600550976700,bébé Cadillac gel lavant,Cadum,baby_0_36m,bad,FR,no,yes,no,no,,obf-category-or-name,,,,https://world.openbeautyfacts.org/product/3600550976700/bebe-cadillac-gel-lavant-cadum,
3560071319731,Gel lavant 2 in 1,Carrefour,baby_0_36m,bad,FR,no,yes,no,no,,obf-category-or-name,,,,https://world.openbeautyfacts.org/product/3560071319731/gel-lavant-2-in-1-carrefour,
3245411903237,Gel lavant Corps et Cheveux,Carrefour,baby_0_36m,bad,FR,no,yes,no,no,,obf-category-or-name,,,,https://world.openbeautyfacts.org/product/3245411903237/gel-lavant-corps-et-cheveux-carrefour,
3560071276911,Huile lavante 2 in 1,Carrefour,baby_0_36m,bad,FR,no,yes,no,no,,obf-category-or-name,,,,https://world.openbeautyfacts.org/product/3560071276911/huile-lavante-2-in-1-carrefour,
5407005691625,Gel lavant corps & cheveux,Ceres Pharma,baby_0_36m,bad,FR,no,yes,no,no,,obf-category-or-name,,,,https://world.openbeautyfacts.org/product/5407005691625/gel-lavant-corps-cheveux-nosko,
8058664129386,Bath and shower gel Baby Moments Kids,chicco,baby_0_36m,bad,IT,no,yes,no,no,,obf-category-or-name,,,,https://world.openbeautyfacts.org/product/8058664129386/bath-and-shower-gel-baby-moments-kids-chicco,
3010351760123,savon bébé,cigalbio,baby_0_36m,bad,FR,no,yes,no,no,,obf-category-or-name,,,,https://world.openbeautyfacts.org/product/3010351760123/savon-bebe-cigalbio,
3468080080027,Corine de Farme Amandelbloesem Wasgel,Corine,baby_0_36m,bad,NL,no,yes,no,no,,obf-category-or-name,,,,https://world.openbeautyfacts.org/product/3468080080027/corine-de-farme-amandelbloesem-wasgel,
3468080083387,Corine de Farme Hair & Body Cleansing Gel,Corine,baby_0_36m,bad,NL,no,yes,no,no,,obf-category-or-name,,,,https://world.openbeautyfacts.org/product/3468080083387/corine-de-farme-hair-body-cleansing-gel,
3468080150874,Corine de Farme Vaiana 3-in-1 Douchegel,Corine de Farme,baby_0_36m,bad,NL,no,yes,no,no,,obf-category-or-name,,,,https://world.openbeautyfacts.org/product/3468080150874/gel-douche-3-en-1-corine-de-farme,
3468080082533,Gel douche bébé Micellaire Corps et Cheveux Bio,Corine de farme,baby_0_36m,bad,FR,no,yes,no,no,,obf-category-or-name,,,,https://world.openbeautyfacts.org/product/3468080082533/gel-douche-bebe-micellaire-corps-et-cheveux-bio-corine-de-farme,
3468080115934,Gel lavant douceur,Corine de Farme,baby_0_36m,bad,FR,no,yes,no,no,,obf-category-or-name,,,,https://world.openbeautyfacts.org/product/3468080115934/gel-lavant-douceur-corine-de-farme,
3468080082007,Savon Surgras extra-doux bio,Corine de Farme Baby,baby_0_36m,bad,FR,no,yes,no,no,,obf-category-or-name,,,,https://world.openbeautyfacts.org/product/3468080082007/savon-surgras-extra-doux-bio-corine-de-farme-baby,
3468080150973,Corine de Farme Lilo & Stitch 3-in-1 Douchegel,Corinne de Farme,baby_0_36m,bad,NL,no,yes,no,no,,obf-category-or-name,,,,https://world.openbeautyfacts.org/product/3468080150973/corine-de-farme-lilo-stitch-3-in-1-douchegel-corinne-de-farme,
5709954024333,Baby Shampoo/Bath,Derma,baby_0_36m,bad,PL,no,yes,no,no,,obf-category-or-name,,,,https://world.openbeautyfacts.org/product/5709954024333/baby-shampoo-bath-derma,
4062300419346,Gel douche corps cheveux famille,Hipp Babysanft,baby_0_36m,bad,FR;PL,no,yes,no,no,,obf-category-or-name,,,,https://world.openbeautyfacts.org/product/4062300419346/gel-douche-corps-cheveux-famille-hipp-babysanft,HiPP Babysanft oft ab 1. Lebenstag; viele SKUs mit Parfum in INCI → FF nur bei Label.
3250391966806,Gel lavant corps & cheveux,Intermarché,baby_0_36m,bad,FR,no,yes,no,no,,obf-category-or-name,,,,https://world.openbeautyfacts.org/product/3250391966806/gel-lavant-corps-cheveux-intermarche,
6291100760442,Baby soap,Johnson & Johnson,baby_0_36m,bad,FR,no,yes,no,no,,obf-category-or-name,,,,https://world.openbeautyfacts.org/product/6291100760442/baby-soap-johnson-johnson,
3282779338721,Klorane Bebe Gentle Foaming Gel Body And Hair 2X500ML (bath),Klorane,baby_0_36m,bad,FR,no,yes,no,no,,obf-category-or-name,,,,https://world.openbeautyfacts.org/product/3282779338721/klorane-bebe-gentle-foaming-gel-body-and-hair-2x500ml-bath,
3282779326919,Klorane Bébé Savon surgras très doux,Klorane,baby_0_36m,bad,FR,no,yes,no,no,,obf-category-or-name,,,,https://world.openbeautyfacts.org/product/3282779326919/klorane-bebe-savon-surgras-tres-doux,
3282779326834,Gel douceur moussant,Klorane Bébé,baby_0_36m,bad,FR,no,yes,no,no,,obf-category-or-name,,,,https://world.openbeautyfacts.org/product/3282779326834/gel-douceur-moussant-klorane-bebe,
3450601052330,Gel lavant Corps & Cheveux,L'arbre vert,baby_0_36m,bad,FR,no,yes,no,no,,obf-category-or-name,,,,https://world.openbeautyfacts.org/product/3450601052330/gel-lavant-corps-cheveux-l-arbre-vert-bebe,
3600550806847,Crème lavante protectrice bain & douche,LASCAD,baby_0_36m,bad,FR,no,yes,no,no,,obf-category-or-name,,,,https://world.openbeautyfacts.org/product/3600550806847/creme-lavante-protectrice-bain-douche-l-oreal,
3770012829797,Poudre Soin Végetale 2 En 1 Recharge,Le Bébé Français Bio,baby_0_36m,bad,FR,no,yes,no,no,,obf-category-or-name,,,,https://world.openbeautyfacts.org/product/3770012829797/poudre-soin-vegetale-2-en-1-recharge-le-bebe-francais-bio,
3549620080001,Gel lavant douceur Corps & Cheveux,Le Petit Olivier,baby_0_36m,bad,FR,no,yes,no,no,,obf-category-or-name,,,,https://world.openbeautyfacts.org/product/3549620080001/gel-lavant-douceur-corps-cheveux-le-petit-olivier,
3574661870175,Gel lavant doux Amande douce,Le tout petit marseillais bébé,baby_0_36m,bad,FR,no,yes,no,no,,obf-category-or-name,,,,https://world.openbeautyfacts.org/product/3574661870175/gel-lavant-doux-amande-douce-le-tout-petit-marseillais-bebe,
3574661870168,Gel lavant doux Calendula,Le tout petit marseillais bébé,baby_0_36m,bad,FR,no,yes,no,no,,obf-category-or-name,,,,https://world.openbeautyfacts.org/product/3574661870168/gel-lavant-doux-calendula-le-tout-petit-marseillais-bebe,
3263855776217,Bébé Gel lavant,Leader Price,baby_0_36m,bad,FR,no,yes,no,no,,obf-category-or-name,,,,https://world.openbeautyfacts.org/product/3263855776217/bebe-gel-lavant-leader-price,
3263855774114,Bébé Gel lavant corps & cheveux,Leader Price,baby_0_36m,bad,FR,no,yes,no,no,,obf-category-or-name,,,,https://world.openbeautyfacts.org/product/3263855774114/bebe-gel-lavant-corps-cheveux-leader-price,
3517360000269,So'Bio Etic Baby' Gel Lavant,Léa Nature,baby_0_36m,bad,FR,no,yes,no,no,,obf-category-or-name,,,,https://world.openbeautyfacts.org/product/3517360000269/so-bio-etic-baby-gel-lavant-lea-nature,
3564700701096,Gel lavant 2 en 1 Bio,Marque Repère,baby_0_36m,bad,FR,no,yes,no,no,,obf-category-or-name,,,,https://world.openbeautyfacts.org/product/3564700701096/gel-lavant-2-en-1-bio-marque-repere,
3600550806281,Bain de confort lavant Cold Cream,Mixa,baby_0_36m,bad,FR,no,yes,no,no,,obf-category-or-name,,,,https://world.openbeautyfacts.org/product/3600550806281/bain-de-confort-lavant-cold-cream-mixa,
3600551039848,Bébé - Gel lavant corps et cheveux,Mixa,baby_0_36m,bad,FR,no,yes,no,no,,obf-category-or-name,,,,https://world.openbeautyfacts.org/product/3600551039848/bebe-gel-lavant-corps-et-cheveux-mixa,
3350033527065,Le gel lavant sans savon,Monoprix,baby_0_36m,bad,FR,no,yes,no,no,,obf-category-or-name,,,,https://world.openbeautyfacts.org/product/3350033527065/le-gel-lavant-sans-savon-monoprix-bebe,
3504105028374,Gel lavant doux,Mustela,baby_0_36m,bad,FR,no,yes,no,no,,brand-line+obf,,,,https://world.openbeautyfacts.org/product/3504105028374/gel-lavant-doux-mustela,Mustela Kernlinie oft parfümiert; Stelatopia für FF priorisieren.
3504105024567,Savon surgras au Cold Cream nutri-protecteur,Mustela,baby_0_36m,bad,FR,no,yes,no,no,,brand-line+obf,,,,https://world.openbeautyfacts.org/product/3504105024567/savon-surgras-au-cold-cream-nutri-protecteur-mustela,Mustela Kernlinie oft parfümiert; Stelatopia für FF priorisieren.
80058045,Baby shampoo & bath,Nivea,baby_0_36m,bad,AT,no,yes,no,no,,obf-category-or-name,,,,https://world.openbeautyfacts.org/product/80058045/baby-shampoo-bath-nivea,
42236498,Gel lavant douceur corps & cheveux baby,Nivea,baby_0_36m,bad,FR,no,yes,no,no,,obf-category-or-name,,,,https://world.openbeautyfacts.org/product/42236498/gel-lavant-douceur-corps-cheveux-baby-nivea,
4005808805648,Gel lavant douceur corps & cheveux Nourisson et bébés,Nivea,baby_0_36m,bad,FR,no,yes,no,no,,obf-category-or-name,,,,https://world.openbeautyfacts.org/product/4005808805648/gel-lavant-douceur-corps-cheveux-nourisson-et-bebes-nivea,
4005808361182,SHAMPOOING & BAIN HAPPY BATH,Nivea Baby,baby_0_36m,bad,FR,no,yes,no,no,,obf-category-or-name,,,,https://world.openbeautyfacts.org/product/4005808361182/shampooing-bain-happy-bath-nivea-baby,
4005808379828,SHAMPOOING & BAIN HAPPY BATH,Nivea Baby,baby_0_36m,bad,FR,no,yes,no,no,,obf-category-or-name,,,,https://world.openbeautyfacts.org/product/4005808379828/shampooing-bain-happy-bath-nivea-baby,
3700593603875,Lessive bébé,Persadon,baby_0_36m,bad,FR,no,yes,no,no,,obf-category-or-name,,,,https://world.openbeautyfacts.org/product/3700593603875/lessive-bebe-persadon,
3256221674286,Gel lavant corps et cheveux,U,baby_0_36m,bad,FR,no,yes,no,no,,obf-category-or-name,,,,https://world.openbeautyfacts.org/product/3256221674286/gel-lavant-corps-et-cheveux-u,
3596209937119,Weleda Bébé Calendula - Bain Crème,Weleda,baby_0_36m,bad,FR,no,yes,no,no,,brand-line+obf,,,,https://world.openbeautyfacts.org/product/3596209937119/weleda-bebe-calendula-bain-creme,Weleda Calendula Standard oft mit Duft/ätherischen Ölen — FF nur parfümfrei-SKU.
8721317738180,Zwitsal Baby & Kids Bath Care Set,Zwitsal,baby_0_36m,bad,NL,no,yes,no,no,,obf-category-or-name,,,,https://world.openbeautyfacts.org/product/8721317738180/zwitsal-baby-kids-bath-care-set,
8002849914175,Baby dentifricio,,baby_0_36m,creme,IT,no,yes,no,no,,obf-category-or-name,,,,https://world.openbeautyfacts.org/product/8002849914175/baby-dentifricio,
3663395018141,Crème nuit bebe,,baby_0_36m,creme,FR,no,yes,no,no,,obf-category-or-name,,,,https://world.openbeautyfacts.org/product/3663395018141/creme-nuit-bebe,
3574660420951,Johnson's baby lotion,,baby_0_36m,creme,NL,no,yes,no,no,,obf-category-or-name,,,,https://world.openbeautyfacts.org/product/3574660420951/johnson-s-baby-lotion,
4021457612956,Lavera Baby u. Kinder Pflegecreme,,baby_0_36m,creme,FR;DE,no,yes,no,no,,obf-category-or-name,,,,https://world.openbeautyfacts.org/product/4021457612956/lavera-baby-u-kinder-pflegecreme,
4021457604975,Lavera Baby u. Kinder Windschutzcreme,,baby_0_36m,creme,FR;DE,no,yes,no,no,,obf-category-or-name,,,,https://world.openbeautyfacts.org/product/4021457604975/lavera-baby-u-kinder-windschutzcreme,
4005900190369,nivea baby,,baby_0_36m,creme,IT,no,yes,no,no,,obf-category-or-name,,,,https://world.openbeautyfacts.org/product/4005900190369/nivea-baby,
8011502005747,Salviettine Baby Laura Baumer Ricar.72 PZ.,,baby_0_36m,creme,FR,no,yes,no,no,,obf-category-or-name,,,,https://world.openbeautyfacts.org/product/8011502005747/salviettine-baby-laura-baumer-ricar-72-pz,
8711218979102,Sudocrem Multi-Expert Zinkzalf,,baby_0_36m,creme,NL,no,yes,no,no,,obf-category-or-name,,,,https://world.openbeautyfacts.org/product/8711218979102/sudocrem-multi-expert-zinkzalf,
8711218979133,Sudocrem Multi-Expert Zinkzalf,,baby_0_36m,creme,NL,no,yes,no,no,,obf-category-or-name,,,,https://world.openbeautyfacts.org/product/8711218979133/sudocrem-multi-expert-zinkzalf,
3596710519507,Carrés à langer x10,Auchan Baby,baby_0_36m,creme,FR,no,yes,no,no,,obf-category-or-name,,,,https://world.openbeautyfacts.org/product/3596710519507/carres-a-langer-x10-auchan-baby,
3596710421084,Gant de toilette jetable,Auchan Baby,baby_0_36m,creme,FR,no,yes,no,no,,obf-category-or-name,,,,https://world.openbeautyfacts.org/product/3596710421084/gant-de-toilette-jetable-auchan-baby,
3245678041284,Crème hydratante visage et corps à l'extrait de calendula bio,Auchan Baby Bio,baby_0_36m,creme,FR,no,yes,no,no,,obf-category-or-name,,,,https://world.openbeautyfacts.org/product/3245678041284/creme-hydratante-visage-et-corps-a-l-extrait-de-calendula-bio-auchan-baby-bio,
0381371019410,daily moisture lotion,Aveeno baby,baby_0_36m,creme,DE,no,yes,no,no,,obf-category-or-name,,,,https://world.openbeautyfacts.org/product/0381371019410/daily-moisture-lotion-aveeno-baby,
5391510478072,Baby Pure Moisturising Lotion,Baby Pure,baby_0_36m,creme,IE,no,yes,no,no,,obf-category-or-name,,,,https://world.openbeautyfacts.org/product/5391510478072/baby-pure-moisturising-lotion,
4047196066232,Powder with jojoba oil & alantoin,Babydream,baby_0_36m,creme,PL,no,yes,no,no,,obf-category-or-name,,,,https://world.openbeautyfacts.org/product/4047196066232/powder-with-jojoba-oil-alantoin-babydream,
4068134030948,Wind- und Wetterbalsam,Babydream,baby_0_36m,creme,DE,no,yes,no,no,,obf-category-or-name,,,,https://world.openbeautyfacts.org/product/4068134030948/wind-und-wetterbalsam-babydream,
5900017097961,Oliwka hipoalergiczna,Bambino,baby_0_36m,creme,PL,no,yes,no,no,,obf-category-or-name,,,,https://world.openbeautyfacts.org/product/5900017097961/oliwka-hipoalergiczna-bambino,
4270002383401,Baby Lotion,Baybies Pure Green Cosmetics,baby_0_36m,creme,DE,no,yes,no,no,,obf-category-or-name,,,,https://world.openbeautyfacts.org/product/4270002383401/baby-lotion-baybies-pure-green-cosmetics,
4064273150059,Bepanthen cream,Bayer,baby_0_36m,creme,PL,no,yes,no,no,,obf-category-or-name,,,,https://world.openbeautyfacts.org/product/4064273150059/bepanthen-cream-bayer,
3574660401523,3in1 shake and clean augen make-up entferner lotion,bebe,baby_0_36m,creme,DE,no,yes,no,no,,obf-category-or-name,,,,https://world.openbeautyfacts.org/product/3574660401523/3in1-shake-and-clean-augen-make-up-entferner-lotion-bebe,
3574661690513,gesichtscreme,bebe,baby_0_36m,creme,DE,no,yes,no,no,,obf-category-or-name,,,,https://world.openbeautyfacts.org/product/3574661690513/gesichtscreme-bebe,
3574661604145,Handcreme,bebe,baby_0_36m,creme,DE,no,yes,no,no,,obf-category-or-name,,,,https://world.openbeautyfacts.org/product/3574661604145/handcreme-bebe,
3574660653533,Baume hydratant protecteur,Bebe Biafine,baby_0_36m,creme,FR,no,yes,no,no,,obf-category-or-name,,,,https://world.openbeautyfacts.org/product/3574660653533/baume-hydratant-protecteur-bebe-biafine,
3574660618488,Crème lavante cheveux et corps,Bebe Biafine,baby_0_36m,creme,FR,no,yes,no,no,,obf-category-or-name,,,,https://world.openbeautyfacts.org/product/3574660618488/creme-lavante-cheveux-et-corps-bebe-biafine,
8715342041261,Body Milk Calendula,Bebilild,baby_0_36m,creme,FR,no,yes,no,no,,obf-category-or-name,,,,https://world.openbeautyfacts.org/product/8715342041261/body-milk-calendula-bebilild,
3401528543739,Crème Minérale bébé,Bepanthen Soleil,baby_0_36m,creme,FR,no,yes,no,no,,obf-category-or-name,,,,https://world.openbeautyfacts.org/product/3401528543739/creme-minerale-bebe-bepanthen-soleil,
4337185820649,Baby soft cream,bevola,baby_0_36m,creme,RO,no,yes,no,no,,obf-category-or-name,,,,https://world.openbeautyfacts.org/product/4337185820649/baby-soft-cream-bevola,
4011609011904,Baby oil,Bevola baby,baby_0_36m,creme,PL,no,yes,no,no,,obf-category-or-name,,,,https://world.openbeautyfacts.org/product/4011609011904/baby-oil-bevola-baby,
3401347169653,ABCDerm crème raffermissante,Bioderma,baby_0_36m,creme,FR,no,yes,no,no,,brand-line+obf,,,,https://world.openbeautyfacts.org/product/3401347169653/abcderm-creme-raffermissante-bioderma,ABCDerm Baby/Kind ab Geburt; mehrere SKUs mit Parfum in INCI.
3401396935889,Bioderma Cold Cream - Crème corps nourrissante ABCDerm,Bioderma,baby_0_36m,creme,FR,no,yes,no,no,,brand-line+obf,,,,https://world.openbeautyfacts.org/product/3401396935889/bioderma-cold-cream-creme-corps-nourrissante-abcderm,ABCDerm Baby/Kind ab Geburt; mehrere SKUs mit Parfum in INCI.
3401397163847,Bioderma Cold Cream - Crème lavante ABCDerm,Bioderma,baby_0_36m,creme,FR,no,yes,no,no,,brand-line+obf,,,,https://world.openbeautyfacts.org/product/3401397163847/bioderma-cold-cream-creme-lavante-abcderm,ABCDerm Baby/Kind ab Geburt; mehrere SKUs mit Parfum in INCI.
3401396935711,Bioderma Cold Cream - Crème Visage ABCDerm,Bioderma,baby_0_36m,creme,FR,no,yes,no,no,,brand-line+obf,,,,https://world.openbeautyfacts.org/product/3401396935711/bioderma-cold-cream-creme-visage-abcderm,ABCDerm Baby/Kind ab Geburt; mehrere SKUs mit Parfum in INCI.
3401396936480,Bioderma Huile Douceur ABCDerm,Bioderma,baby_0_36m,creme,FR,no,yes,no,no,,brand-line+obf,,,,https://world.openbeautyfacts.org/product/3401396936480/bioderma-huile-douceur-abcderm,ABCDerm Baby/Kind ab Geburt; mehrere SKUs mit Parfum in INCI.
3401345569585,Bioderma Hydratant - Lait Douceur ABCDerm,Bioderma,baby_0_36m,creme,FR,no,yes,no,no,,brand-line+obf,,,,https://world.openbeautyfacts.org/product/3401345569585/bioderma-hydratant-lait-douceur-abcderm,ABCDerm Baby/Kind ab Geburt; mehrere SKUs mit Parfum in INCI.
3401577538663,Bioderma Péri-Oral ABCDerm,Bioderma,baby_0_36m,creme,FR,no,yes,no,no,,brand-line+obf,,,,https://world.openbeautyfacts.org/product/3401577538663/bioderma-peri-oral-abcderm,ABCDerm Baby/Kind ab Geburt; mehrere SKUs mit Parfum in INCI.
4311596611461,Baby Pflegecreme,Blütezeit,baby_0_36m,creme,DE,no,yes,no,no,,obf-category-or-name,,,,https://world.openbeautyfacts.org/product/4311596611461/baby-pflegecreme-blutezeit,
7613035379978,Baby Öl,Bübchen,baby_0_36m,creme,DE,no,yes,no,no,,obf-category-or-name,,,,https://world.openbeautyfacts.org/product/7613035379978/baby-ol-bubchen,Bübchen häufig parfümiert.
3560071276942,Huile d'amande douce 100% naturelle,Carrefour,baby_0_36m,creme,BE;FR,no,yes,no,no,,obf-category-or-name,,,,https://world.openbeautyfacts.org/product/3560071276942/huile-d-amande-douce-100-naturelle-carrefour,
3560070276202,Huile d’amande douce,Carrefour,baby_0_36m,creme,FR,no,yes,no,no,,obf-category-or-name,,,,https://world.openbeautyfacts.org/product/3560070276202/huile-d-amande-douce-carrefour,
8431876279597,Crema cambio pañal my baby,Carrefour Baby,baby_0_36m,creme,ES,no,yes,no,no,,obf-category-or-name,,,,https://world.openbeautyfacts.org/product/8431876279597/crema-cambio-panal-my-baby-carrefour-baby,
8431876279627,Leche emoliente para pieles con tendencia atopica my baby,Carrefour Baby,baby_0_36m,creme,ES,no,yes,no,no,,obf-category-or-name,,,,https://world.openbeautyfacts.org/product/8431876279627/leche-emoliente-para-pieles-con-tendencia-atopica-my-baby-carrefour-baby,
8431876279573,Locion hidratante cara y cuerpo con aceite de almendra my baby,Carrefour Baby,baby_0_36m,creme,ES,no,yes,no,no,,obf-category-or-name,,,,https://world.openbeautyfacts.org/product/8431876279573/locion-hidratante-cara-y-cuerpo-con-aceite-de-almendra-my-baby-carrefour-baby,
3283950919203,Cattier Bébé Crème Hydratante Hypoallergénique,Cattier,baby_0_36m,creme,FR,no,yes,no,no,,obf-category-or-name,,,,https://world.openbeautyfacts.org/product/3283950919203/cattier-bebe-creme-hydratante-hypoallergenique,
3298839232083,Eau de senteur pour bébé,Christine Arbel,baby_0_36m,creme,FR,no,yes,no,no,,obf-category-or-name,,,,https://world.openbeautyfacts.org/product/3298839232083/eau-de-senteur-pour-bebe-christine-arbel,
3760123181549,Lait Hydratant Bébé Miel De Manuka - 200 ML - Comptoirs & Compagnies,Comptoirs et compagnies,baby_0_36m,creme,FR,no,yes,no,no,,obf-category-or-name,,,,https://world.openbeautyfacts.org/product/3760123181549/lait-hydratant-bebe-miel-de-manuka-200-ml-comptoirs-compagnies-comptoirs-et-compagnies,
8001120829894,Dentifricio anticarie,Coop,baby_0_36m,creme,IT,no,yes,no,no,,obf-category-or-name,,,,https://world.openbeautyfacts.org/product/8001120829894/dentifricio-anticarie-coop,
3245678703892,Cosmia b - lait corps et massage - pour une douce nuit avec de l'extrait de camomille hydratant - bébé - 500 ml,Cosmia Baby,baby_0_36m,creme,FR,no,yes,no,no,,obf-category-or-name,,,,https://world.openbeautyfacts.org/product/3245678703892/cosmia-b-lait-corps-et-massage-pour-une-douce-nuit-avec-de-l-extrait-de-camomille-hydratant-bebe-500-ml-cosmia-baby,
3245678704479,Huile nourrissante de massage,Cosmia Baby,baby_0_36m,creme,FR,no,yes,no,no,,obf-category-or-name,,,,https://world.openbeautyfacts.org/product/3245678704479/huile-nourrissante-de-massage-cosmia-baby,
3245678704431,Lait nettoyant,Cosmia Baby,baby_0_36m,creme,FR,no,yes,no,no,,obf-category-or-name,,,,https://world.openbeautyfacts.org/product/3245678704431/lait-nettoyant-cosmia-baby,
5709954024371,Body Baby oil,Derma Eco,baby_0_36m,creme,PL,no,yes,no,no,,obf-category-or-name,,,,https://world.openbeautyfacts.org/product/5709954024371/body-baby-oil-derma-eco,
8710447362945,Sensitive Skin Care Lotion,Dove,baby_0_36m,creme,FR,no,yes,no,no,,obf-category-or-name,,,,https://world.openbeautyfacts.org/product/8710447362945/sensitive-skin-care-lotion-unilever,
8002330128357,baby salviettine sensitive,Esselunga,baby_0_36m,creme,IT,no,yes,no,no,,obf-category-or-name,,,,https://world.openbeautyfacts.org/product/8002330128357/baby-salviettine-sensitive-esselunga,
8017596119001,hello Baby,eurospin,baby_0_36m,creme,IT,no,yes,no,no,,obf-category-or-name,,,,https://world.openbeautyfacts.org/product/8017596119001/hello-baby-eurospin,
3504108012950,Cold cream bébé,Expanscience,baby_0_36m,creme,FR,no,yes,no,no,,obf-category-or-name,,,,https://world.openbeautyfacts.org/product/3504108012950/cold-cream-bebe-expanscience,
3504105035501,Hydra Bebe Lotion,Expanscience,baby_0_36m,creme,PL;ES,no,yes,no,no,,obf-category-or-name,,,,https://world.openbeautyfacts.org/product/3504105035501/hydra-bebe-lotion-expanscience,
3504108012936,Hydra Bébé Crème visage,Expanscience,baby_0_36m,creme,FR,no,yes,no,no,,obf-category-or-name,,,,https://world.openbeautyfacts.org/product/3504108012936/hydra-bebe-creme-visage-expanscience,
3401528521096,Baume pectoral bébé,Gifrer,baby_0_36m,creme,FR,no,yes,no,no,,obf-category-or-name,,,,https://world.openbeautyfacts.org/product/3401528521096/gifrer-baume-pectoral,
5904006380232,Face & body Hypoallergenic Cream,Hagi baby,baby_0_36m,creme,PL,no,yes,no,no,,obf-category-or-name,,,,https://world.openbeautyfacts.org/product/5904006380232/face-body-hypoallergenic-cream-hagi-baby,
4062300422537,Baby Oil,Hipp,baby_0_36m,creme,PL,no,yes,no,no,,obf-category-or-name,,,,https://world.openbeautyfacts.org/product/4062300422537/baby-oil-hipp,HiPP Babysanft oft ab 1. Lebenstag; viele SKUs mit Parfum in INCI → FF nur bei Label.
44562300422544,Cream,Hipp Babysanft,baby_0_36m,creme,PL,no,yes,no,no,,obf-category-or-name,,,,https://world.openbeautyfacts.org/product/44562300422544/cream-hipp-babysanft,HiPP Babysanft oft ab 1. Lebenstag; viele SKUs mit Parfum in INCI → FF nur bei Label.
7318690137542,Baby Zinksalva,ICA,baby_0_36m,creme,SE,no,yes,no,no,,obf-category-or-name,,,,https://world.openbeautyfacts.org/product/7318690137542/baby-zinksalva-ica,
3574660057706,Johnson baby oil,Johnson,baby_0_36m,creme,IT,no,yes,no,no,,obf-category-or-name,,,,https://world.openbeautyfacts.org/product/3574660057706/johnson-baby-oil,
53574660291162,Baby Oil,Johnson & Johnson,baby_0_36m,creme,PL,no,yes,no,no,,obf-category-or-name,,,,https://world.openbeautyfacts.org/product/53574660291162/baby-oil-johnson-johnson,
3574661198514,anti-pickel Feuchtigkeitscreme,Johnson & Johnson SBF,baby_0_36m,creme,DE,no,yes,no,no,,obf-category-or-name,,,,https://world.openbeautyfacts.org/product/3574661198514/anti-pickel-feuchtigkeitscreme-johnson-johnson-sbf,
3574660587524,Baby oil,Johnson’s,baby_0_36m,creme,PL,no,yes,no,no,,obf-category-or-name,,,,https://world.openbeautyfacts.org/product/3574660587524/baby-oil-johnson-s,
3574661428093,Face & body lotion,Johnson’s,baby_0_36m,creme,PL,no,yes,no,no,,obf-category-or-name,,,,https://world.openbeautyfacts.org/product/3574661428093/face-body-lotion-johnson-s,
3282779327046,Klorane Bébé Baume apaisant et réparateur,Klorane,baby_0_36m,creme,FR,no,yes,no,no,,obf-category-or-name,,,,https://world.openbeautyfacts.org/product/3282779327046/klorane-bebe-baume-apaisant-et-reparateur,
3282770055023,Klorane Bébé Crème hydratante Physio Calenduline,Klorane,baby_0_36m,creme,FR,no,yes,no,no,,obf-category-or-name,,,,https://world.openbeautyfacts.org/product/3282770055023/klorane-bebe-creme-hydratante-physio-calenduline,
3282779393232,Klorane Bébé Moisturizing Lotion 500 Ml.,Klorane,baby_0_36m,creme,FR,no,yes,no,no,,obf-category-or-name,,,,https://world.openbeautyfacts.org/product/3282779393232/klorane-bebe-moisturizing-lotion-500-ml,
3282770038798,Crème lavante nourrissante cold cream,Klorane Bébé,baby_0_36m,creme,FR,no,yes,no,no,,obf-category-or-name,,,,https://world.openbeautyfacts.org/product/3282770038798/creme-lavante-nourrissante-cold-cream-klorane-bebe,
3282779005623,L'eau de bébé,Klorane Bébé,baby_0_36m,creme,FR,no,yes,no,no,,obf-category-or-name,,,,https://world.openbeautyfacts.org/product/3282779005623/l-eau-de-bebe-klorane-bebe,
3282779326988,Poudre de toilette protectrice,Klorane Bébé,baby_0_36m,creme,FR,no,yes,no,no,,obf-category-or-name,,,,https://world.openbeautyfacts.org/product/3282779326988/poudre-de-toilette-protectrice-klorane-bebe,
8717931600149,Lala's Baby Regular Vaseline,Lala's,baby_0_36m,creme,NL,no,yes,no,no,,obf-category-or-name,,,,https://world.openbeautyfacts.org/product/8717931600149/lala-s-baby-regular-vaseline,
3058325050054,Crème hydratante protectrice,LASCAD,baby_0_36m,creme,FR,no,yes,no,no,,obf-category-or-name,,,,https://world.openbeautyfacts.org/product/3058325050054/creme-hydratante-protectrice-l-oreal,
3600550848359,Crème hydratante protectrice pour le visage et le corps,LASCAD,baby_0_36m,creme,FR,no,yes,no,no,,obf-category-or-name,,,,https://world.openbeautyfacts.org/product/3600550848359/creme-hydratante-protectrice-pour-le-visage-et-le-corps-l-oreal,
3564700685211,Crème hydratante visage & corps,Marque Repère,baby_0_36m,creme,FR,no,yes,no,no,,obf-category-or-name,,,,https://world.openbeautyfacts.org/product/3564700685211/creme-hydratante-visage-corps-marque-repere,
3564700701058,Crème hydratante visage et corps,Marque Repère,baby_0_36m,creme,FR,no,yes,no,no,,obf-category-or-name,,,,https://world.openbeautyfacts.org/product/3564700701058/creme-hydratante-visage-corps-marque-repere,
3600531070281,Baby Lips Electro Strike a Rose,Maybelline,baby_0_36m,creme,FR,no,yes,no,no,,obf-category-or-name,,,,https://world.openbeautyfacts.org/product/3600531070281/baby-lips-electro-strike-a-rose-l-oreal,
3600551153254,Mixa Panthenol Comfort Kalmerende Bodylotion,Mixa,baby_0_36m,creme,NL,no,yes,no,no,,obf-category-or-name,,,,https://world.openbeautyfacts.org/product/3600551153254/mixa-panthenol-comfort-kalmerende-bodylotion,
3600550921045,Mixa Bébé Huile lavante apaisante Atopiance,mixa bébé,baby_0_36m,creme,FR,no,yes,no,no,,obf-category-or-name,,,,https://world.openbeautyfacts.org/product/3600550921045/mixa-bebe-huile-lavante-apaisante-atopiance,
3350034013659,Crème hydratante visage & corps bio,Monoprix,baby_0_36m,creme,FR,no,yes,no,no,,obf-category-or-name,,,,https://world.openbeautyfacts.org/product/3350034013659/creme-hydratante-visage-corps-bio-monoprix-bebe,
3350033527089,La crème hydratante,Monoprix,baby_0_36m,creme,FR,no,yes,no,no,,obf-category-or-name,,,,https://world.openbeautyfacts.org/product/3350033527089/la-creme-hydratante-monoprix-bebe,
3504105029982,Crème hydratante apaisante visage,Mustela,baby_0_36m,creme,FR,no,yes,no,no,,brand-line+obf,,,,https://world.openbeautyfacts.org/product/3504105029982/creme-hydratante-apaisante-visage-mustela,Mustela Kernlinie oft parfümiert; Stelatopia für FF priorisieren.
3504105028671,Crème nourrissante au cold cream,Mustela,baby_0_36m,creme,FR,no,yes,no,no,,brand-line+obf,,,,https://world.openbeautyfacts.org/product/3504105028671/creme-nourrissante-au-cold-cream-mustela,Mustela Kernlinie oft parfümiert; Stelatopia für FF priorisieren.
3504105035969,Crème visage bébé Mustela,Mustela,baby_0_36m,creme,FR,no,yes,no,no,,brand-line+obf,,,,https://world.openbeautyfacts.org/product/3504105035969/creme-visage-bebe-mustela,Mustela Kernlinie oft parfümiert; Stelatopia für FF priorisieren.
3504105028527,Hydra Bébé Lait Corps,Mustela,baby_0_36m,creme,FR,no,yes,no,no,,brand-line+obf,,,,https://world.openbeautyfacts.org/product/3504105028527/hydra-bebe-lait-corps-mustela,Mustela Kernlinie oft parfümiert; Stelatopia für FF priorisieren.
3504105035631,Mustela hydra,Mustela,baby_0_36m,creme,FR;PL;PT,no,yes,no,no,,brand-line+obf,,,,https://world.openbeautyfacts.org/product/3504105035631/mustela-hydra,Mustela Kernlinie oft parfümiert; Stelatopia für FF priorisieren.
3504105028282,Mustela Hydra Bébé Crème Visage,Mustela,baby_0_36m,creme,FR,no,yes,no,no,,brand-line+obf,,,,https://world.openbeautyfacts.org/product/3504105028282/mustela-hydra-bebe-creme-visage,Mustela Kernlinie oft parfümiert; Stelatopia für FF priorisieren.
3504105034412,Soin Croûtes de lait,Mustela,baby_0_36m,creme,FR,no,yes,no,no,,brand-line+obf,,,,https://world.openbeautyfacts.org/product/3504105034412/soin-croutes-de-lait-mustela,Mustela Kernlinie oft parfümiert; Stelatopia für FF priorisieren.
3504105028312,Stick nourrissant au cold cream,Mustela,baby_0_36m,creme,FR,no,yes,no,no,,brand-line+obf,,,,https://world.openbeautyfacts.org/product/3504105028312/stick-nourrissant-au-cold-cream-mustela,Mustela Kernlinie oft parfümiert; Stelatopia für FF priorisieren.
8717953117328,Naïf Baby & Kids Verzachtende Bodylotion,Naïf,baby_0_36m,creme,NL,no,yes,no,no,,obf-category-or-name,,,,https://world.openbeautyfacts.org/product/8717953117328/naif-baby-kids-verzachtende-bodylotion,
4005808705276,Nivea Baby Eau Douce Nettoyante,Nivea,baby_0_36m,creme,FR,no,yes,no,no,,obf-category-or-name,,,,https://world.openbeautyfacts.org/product/4005808705276/nivea-baby-eau-douce-nettoyante,
0590017090542,Baby Oil,Nivea Baby,baby_0_36m,creme,PL,no,yes,no,no,,obf-category-or-name,,,,https://world.openbeautyfacts.org/product/0590017090542/baby-oil-nivea-baby,
9005800369549,Face & body soft cream,Nivea baby,baby_0_36m,creme,PL,no,yes,no,no,,obf-category-or-name,,,,https://world.openbeautyfacts.org/product/9005800369549/face-body-soft-cream-nivea-baby,
4006000034249,Gute Nacht Lotion,Nivea Baby,baby_0_36m,creme,DE,no,yes,no,no,,obf-category-or-name,,,,https://world.openbeautyfacts.org/product/4006000034249/gute-nacht-lotion-nivea-baby,
5900017090344,Moisturizing lotion,Nivea baby,baby_0_36m,creme,PL,no,yes,no,no,,obf-category-or-name,,,,https://world.openbeautyfacts.org/product/5900017090344/moisturizing-lotion-nivea-baby,
4005808364190,Huile douceur,Nivéa baby,baby_0_36m,creme,FR,no,yes,no,no,,obf-category-or-name,,,,https://world.openbeautyfacts.org/product/4005808364190/huile-douceur-nivea-baby,
8011502007390,Baby naturali,O-PAC,baby_0_36m,creme,IT,no,yes,no,no,,obf-category-or-name,,,,https://world.openbeautyfacts.org/product/8011502007390/baby-naturali-o-pac,
5900116093215,Cream for cradle cap,Oillan baby,baby_0_36m,creme,PL,no,yes,no,no,,obf-category-or-name,,,,https://world.openbeautyfacts.org/product/5900116093215/cream-for-cradle-cap-oillan-baby,
3574661491066,Penaten Creme,Penaten,baby_0_36m,creme,DE,no,yes,no,no,,obf-category-or-name,,,,https://world.openbeautyfacts.org/product/3574661491066/penaten-creme,Penaten: Markenseite Ultra Sensitiv/Sensible Haut = parfümfrei; Klassik oft parfümiert.
3574661691626,natursanft Massage- & Pflegeöl,Penaten (Johnson & Johnson),baby_0_36m,creme,AT;DE,no,yes,no,no,,obf-category-or-name,,,,https://world.openbeautyfacts.org/product/3574661691626/natursanft-massage-pflegeol-penaten-johnson-johnson,Penaten: Markenseite Ultra Sensitiv/Sensible Haut = parfümfrei; Klassik oft parfümiert.
3251241047584,Huile pour bébé idéale massage,Prim'age,baby_0_36m,creme,FR,no,yes,no,no,,obf-category-or-name,,,,https://world.openbeautyfacts.org/product/3251241047584/huile-pour-bebe-ideale-massage-prim-age,
9782253122111,Doliprane bebe,Sanofi,baby_0_36m,creme,FR,no,yes,no,no,,obf-category-or-name,,,,https://world.openbeautyfacts.org/product/9782253122111/doliprane-bebe-sanofi,
8710522350256,Signal Dentifrice Enfants Baby 0-3 Ans Fraise 3x50ml,Signal,baby_0_36m,creme,FR,no,yes,no,no,,obf-category-or-name,,,,https://world.openbeautyfacts.org/product/8710522350256/signal-dentifrice-enfants-baby-0-3-ans-fraise-3x50ml-unilever,
3517360019476,crème hydratante protectrice bio,so'bio,baby_0_36m,creme,FR,no,yes,no,no,,obf-category-or-name,,,,https://world.openbeautyfacts.org/product/3517360019476/creme-hydratante-protectrice-bio-so-bio,
8711218979126,Sudocrem Multi expert,Sudocrem,baby_0_36m,creme,NL,no,yes,no,no,,obf-category-or-name,,,,https://world.openbeautyfacts.org/product/8711218979126/sudocrem-multi-expert,
20294786,Toujours - Sensitive Baby - Feuchttücher FüR Lidl,Toujours,baby_0_36m,creme,FR,no,yes,no,no,,obf-category-or-name,,,,https://world.openbeautyfacts.org/product/20294786/toujours-sensitive-baby-feuchttucher-fur-lidl,
4001638096539,Baby Body Lotion,Weleda,baby_0_36m,creme,IE,no,yes,no,no,,brand-line+obf,,,,https://world.openbeautyfacts.org/product/4001638096539/baby-body-lotion-weleda,Weleda Calendula Standard oft mit Duft/ätherischen Ölen — FF nur parfümfrei-SKU.
4001638096829,Baby body lotion,Weleda,baby_0_36m,creme,ES,no,yes,no,no,,brand-line+obf,,,,https://world.openbeautyfacts.org/product/4001638096829/baby-body-lotion-weleda,Weleda Calendula Standard oft mit Duft/ätherischen Ölen — FF nur parfümfrei-SKU.
3596204358506,Weleda Baby Calendula Bodymilk,Weleda,baby_0_36m,creme,NL,no,yes,no,no,,brand-line+obf,,,,https://world.openbeautyfacts.org/product/3596204358506/weleda-baby-calendula-bodymilk,Weleda Calendula Standard oft mit Duft/ätherischen Ölen — FF nur parfümfrei-SKU.
4001638096614,Weleda Baby calendula gezichtscrème,Weleda,baby_0_36m,creme,NL,no,yes,no,no,,brand-line+obf,,,,https://world.openbeautyfacts.org/product/4001638096614/weleda-baby-calendula-gezichtscreme,Weleda Calendula Standard oft mit Duft/ätherischen Ölen — FF nur parfümfrei-SKU.
3596204358520,Weleda Bébé Calendula - Crème protectrice Visage,Weleda,baby_0_36m,creme,FR,no,yes,no,no,,brand-line+obf,,,,https://world.openbeautyfacts.org/product/3596204358520/weleda-bebe-calendula-creme-protectrice-visage,Weleda Calendula Standard oft mit Duft/ätherischen Ölen — FF nur parfümfrei-SKU.
3596204519990,Weleda Bébé Huile de Massage Ventre de Bébé,Weleda,baby_0_36m,creme,FR,no,yes,no,no,,brand-line+obf,,,,https://world.openbeautyfacts.org/product/3596204519990/weleda-bebe-huile-de-massage-ventre-de-bebe,Weleda Calendula Standard oft mit Duft/ätherischen Ölen — FF nur parfümfrei-SKU.
3596209656003,Weleda Bébé Huile de toilette au Calendula,Weleda,baby_0_36m,creme,FR,no,yes,no,no,,brand-line+obf,,,,https://world.openbeautyfacts.org/product/3596209656003/weleda-bebe-huile-de-toilette-au-calendula,Weleda Calendula Standard oft mit Duft/ätherischen Ölen — FF nur parfümfrei-SKU.
4001638096560,Weleda Calendula verzorgende olie,Weleda,baby_0_36m,creme,NL,no,yes,no,no,,brand-line+obf,,,,https://world.openbeautyfacts.org/product/4001638096560/weleda-calendula-verzorgende-olie,Weleda Calendula Standard oft mit Duft/ätherischen Ölen — FF nur parfümfrei-SKU.
8720181649646,Zwitsal Baby zachte crème,Zwitsal,baby_0_36m,creme,NL,no,yes,no,no,,obf-category-or-name,,,,https://world.openbeautyfacts.org/product/8720181649646/zwitsal-baby-zachte-creme,
8720181649196,Zwitsal Conditioner,Zwitsal,baby_0_36m,creme,NL,no,yes,no,no,,obf-category-or-name,,,,https://world.openbeautyfacts.org/product/8720181649196/zwitsal-conditioner,
7501022103173,baby shampoo,,baby_0_36m,haar,ES,no,yes,no,no,,obf-category-or-name,,,,https://world.openbeautyfacts.org/product/7501022103173/baby-shampoo,
8713769500286,Dermo Care L.O.L. Surprise! Shampoo,,baby_0_36m,haar,NL,no,yes,no,no,,obf-category-or-name,,,,https://world.openbeautyfacts.org/product/8713769500286/dermo-care-l-o-l-surprise-shampoo,
8713769500729,Dermo Care My Little Pony Shampoo,,baby_0_36m,haar,NL,no,yes,no,no,,obf-category-or-name,,,,https://world.openbeautyfacts.org/product/8713769500729/dermo-care-my-little-pony-shampoo,
3600542460439,Garnier Loving Blends Kids Abrikoos 2-in-1 Shampoo & Conditioner,,baby_0_36m,haar,NL,no,yes,no,no,,obf-category-or-name,,,,https://world.openbeautyfacts.org/product/3600542460439/garnier-loving-blends-kids-abrikoos-2-in-1-shampoo-conditioner,
3600542463379,Garnier Loving Blends Kids Milde Haver 2-in-1 Shampoo & Conditioner,,baby_0_36m,haar,NL,no,yes,no,no,,obf-category-or-name,,,,https://world.openbeautyfacts.org/product/3600542463379/garnier-loving-blends-kids-milde-haver-2-in-1-shampoo-conditioner,
7790010915199,Gohmso's baby shampoo,,baby_0_36m,haar,FR,no,yes,no,no,,obf-category-or-name,,,,https://world.openbeautyfacts.org/product/7790010915199/gohmso-s-baby-shampoo,
3574661069456,johnsons baby shampo,,baby_0_36m,haar,FR,no,yes,no,no,,obf-category-or-name,,,,https://world.openbeautyfacts.org/product/3574661069456/johnsons-baby-shampo,
3574660500837,JOHNSONS Baby Shampoo 300ml,,baby_0_36m,haar,CY,no,yes,no,no,,obf-category-or-name,,,,https://world.openbeautyfacts.org/product/3574660500837/johnsons-baby-shampoo-300ml,
3574660520286,Penaten Baby Bad&Shampoo,,baby_0_36m,haar,FR;DE,no,yes,no,no,,obf-category-or-name,,,,https://world.openbeautyfacts.org/product/3574660520286/penaten-baby-bad-shampoo,
3574661790442,petite marseillais,,baby_0_36m,haar,DE,no,yes,no,no,,obf-category-or-name,,,,https://world.openbeautyfacts.org/product/3574661790442/petite-marseillais,
5410091778606,Schwarzkopf Kids Shampoo & Conditioner,,baby_0_36m,haar,NL,no,yes,no,no,,obf-category-or-name,,,,https://world.openbeautyfacts.org/product/5410091778606/schwarzkopf-kids-shampoo-conditioner,
7702277074663,shampoo bebe cuidado,,baby_0_36m,haar,ES,no,yes,no,no,,obf-category-or-name,,,,https://world.openbeautyfacts.org/product/7702277074663/shampoo-bebe-cuidado,
3596710313419,Shampooing très doux,Auchan,baby_0_36m,haar,FR,no,yes,no,no,,obf-category-or-name,,,,https://world.openbeautyfacts.org/product/3596710313419/shampooing-tres-doux-auchan,
4047196052631,Szampon do włosów,Babydream,baby_0_36m,haar,PL,no,yes,no,no,,obf-category-or-name,,,,https://world.openbeautyfacts.org/product/4047196052631/szampon-do-włosow-babydream,
5900057010166,Shampoo for children,Bambi,baby_0_36m,haar,PL,no,yes,no,no,,obf-category-or-name,,,,https://world.openbeautyfacts.org/product/5900057010166/shampoo-for-children-bambi,
3401396936541,Bioderma Shampooing ABCDerm,Bioderma,baby_0_36m,haar,FR,no,yes,no,no,,brand-line+obf,,,,https://world.openbeautyfacts.org/product/3401396936541/bioderma-shampooing-abcderm,ABCDerm Baby/Kind ab Geburt; mehrere SKUs mit Parfum in INCI.
3286010097057,Shampooing croûtes de lait à l'avoine apaisant,Biolane,baby_0_36m,haar,FR,no,yes,no,no,,obf-category-or-name,,,,https://world.openbeautyfacts.org/product/3286010097057/shampooing-croutes-de-lait-a-l-avoine-apaisant-biolane,
8710624289799,Bonbébé shampoo baby,Bonbébé,baby_0_36m,haar,NL,no,yes,no,no,,obf-category-or-name,,,,https://world.openbeautyfacts.org/product/8710624289799/bonbebe-shampoo-baby,
4065331000064,Baby Shampoo,Bübchen,baby_0_36m,haar,DE,no,yes,no,no,,obf-category-or-name,,,,https://world.openbeautyfacts.org/product/4065331000064/baby-shampoo-bubchen,Bübchen häufig parfümiert.
3560071277093,Shampooing très doux,Carrefour,baby_0_36m,haar,FR,no,yes,no,no,,obf-category-or-name,,,,https://world.openbeautyfacts.org/product/3560071277093/shampooing-tres-doux-carrefour,
8431876279559,Champu camomila my baby,Carrefour Baby,baby_0_36m,haar,ES,no,yes,no,no,,obf-category-or-name,,,,https://world.openbeautyfacts.org/product/8431876279559/champu-camomila-my-baby-carrefour-baby,
3257980578938,"Shampooing très doux, extra doux",Cora,baby_0_36m,haar,FR,no,yes,no,no,,obf-category-or-name,,,,https://world.openbeautyfacts.org/product/3257980578938/shampooing-tres-doux-extra-doux-cora,
3468080081444,Baby bio organic shampoo,Corine de Farme,baby_0_36m,haar,ES,no,yes,no,no,,obf-category-or-name,,,,https://world.openbeautyfacts.org/product/3468080081444/baby-bio-organic-shampoo-corine-de-farme,
3600542503136,Botanic Therapy Shampoo & Detangler,Garnier,baby_0_36m,haar,PL,no,yes,no,no,,obf-category-or-name,,,,https://world.openbeautyfacts.org/product/3600542503136/botanic-therapy-shampoo-detangler-garnier,
4062300373211,Baby Shampoo,Hipp,baby_0_36m,haar,DE,no,yes,no,no,,obf-category-or-name,,,,https://world.openbeautyfacts.org/product/4062300373211/baby-shampoo-hipp,HiPP Babysanft oft ab 1. Lebenstag; viele SKUs mit Parfum in INCI → FF nur bei Label.
3574661213187,Baby shampoo gotas de brillo,Johnson's,baby_0_36m,haar,ES,no,yes,no,no,,obf-category-or-name,,,,https://world.openbeautyfacts.org/product/3574661213187/baby-shampoo-gotas-de-brillo-johnson-s,
5601182015001,Shampoo,Johnson's Baby,baby_0_36m,haar,ES,no,yes,no,no,,obf-category-or-name,,,,https://world.openbeautyfacts.org/product/5601182015001/shampoo-johnson-s-baby,
3574669907866,Baby Shampoo,Johnson’s,baby_0_36m,haar,PL,no,yes,no,no,,obf-category-or-name,,,,https://world.openbeautyfacts.org/product/3574669907866/baby-shampoo-johnson-s,
3574669907385,Johnson’s baby shampoo,Johnson’s,baby_0_36m,haar,PL,no,yes,no,no,,obf-category-or-name,,,,https://world.openbeautyfacts.org/product/3574669907385/johnson-s-baby-shampoo,
8718452724307,Jumbo Baby Shampoo 300 ml,JUMBO,baby_0_36m,haar,NL,no,yes,no,no,,obf-category-or-name,,,,https://world.openbeautyfacts.org/product/8718452724307/jumbo-baby-shampoo-300-ml,
4335896491806,Baby mildes Shampoo,K Classic,baby_0_36m,haar,DE,no,yes,no,no,,obf-category-or-name,,,,https://world.openbeautyfacts.org/product/4335896491806/baby-mildes-shampoo-k-classic,
3282779326865,Klorane Bébé Shampooing doux démêlant,Klorane,baby_0_36m,haar,FR,no,yes,no,no,,obf-category-or-name,,,,https://world.openbeautyfacts.org/product/3282779326865/klorane-bebe-shampooing-doux-demelant,
8720674306209,shampoo baby's,Kruidvat,baby_0_36m,haar,NL,no,yes,no,no,,obf-category-or-name,,,,https://world.openbeautyfacts.org/product/8720674306209/shampoo-baby-s-kruidvat,
3263855774213,Bébé Shampooing très doux,Leader Price,baby_0_36m,haar,FR,no,yes,no,no,,obf-category-or-name,,,,https://world.openbeautyfacts.org/product/3263855774213/bebe-shampooing-tres-doux-leader-price,
3600550079227,Shampooing très doux (+20% gratuit),Mixa,baby_0_36m,haar,FR,no,yes,no,no,,obf-category-or-name,,,,https://world.openbeautyfacts.org/product/3600550079227/shampooing-tres-doux-20-gratuit-mixa,
5600551154459,Micellar Shampoo,Mixa Baby,baby_0_36m,haar,PL,no,yes,no,no,,obf-category-or-name,,,,https://world.openbeautyfacts.org/product/5600551154459/micellar-shampoo-mixa-baby,
3600550367188,Soap-free Surgras,Mixa Baby,baby_0_36m,haar,PL,no,yes,no,no,,obf-category-or-name,,,,https://world.openbeautyfacts.org/product/3600550367188/soap-free-surgras-mixa-baby,
3600550136401,"Mixa Bébé Shampoing Tres Doux, Ne Pique Pas Les Yeux",Mixa bébé,baby_0_36m,haar,FR,no,yes,no,no,,obf-category-or-name,,,,https://world.openbeautyfacts.org/product/3600550136401/mixa-bebe-shampoing-tres-doux-ne-pique-pas-les-yeux,
3600550235784,Shampoing - cheveux fragiles,Mixa bébé,baby_0_36m,haar,FR,no,yes,no,no,,obf-category-or-name,,,,https://world.openbeautyfacts.org/product/3600550235784/shampoing-cheveux-fragiles-mixa-bebe,
3600551119915,Shampoing très doux,Mixa bébé,baby_0_36m,haar,FR,no,yes,no,no,,obf-category-or-name,,,,https://world.openbeautyfacts.org/product/3600551119915/shampoing-tres-doux-mixa-bebe,
3600551119816,Shampoing très doux démêlant karité pur + huile de jojoba,Mixa Bébé,baby_0_36m,haar,FR,no,yes,no,no,,obf-category-or-name,,,,https://world.openbeautyfacts.org/product/3600551119816/shampoing-tres-doux-demelant-karite-pur-huile-de-jojoba-mixa-bebe,
3600551119809,Shampooing très doux,Mixa Bébé,baby_0_36m,haar,FR,no,yes,no,no,,obf-category-or-name,,,,https://world.openbeautyfacts.org/product/3600551119809/shampooing-tres-doux-mixa-bebe,
8720254710556,Naïf Baby & kids nourishing shampoo,Naïf,baby_0_36m,haar,NL,no,yes,no,no,,obf-category-or-name,,,,https://world.openbeautyfacts.org/product/8720254710556/naif-baby-kids-nourishing-shampoo,
8720254710594,Naïf Baby & kids nourishing shampoo refill,Naïf,baby_0_36m,haar,NL,no,yes,no,no,,obf-category-or-name,,,,https://world.openbeautyfacts.org/product/8720254710594/naif-baby-kids-nourishing-shampoo-refill,
3250391906611,Shampooing doux,Netto,baby_0_36m,haar,FR,no,yes,no,no,,obf-category-or-name,,,,https://world.openbeautyfacts.org/product/3250391906611/shampooing-doux-netto,
4005900260857,Baby Shampooing Extra Doux,Nivea,baby_0_36m,haar,FR,no,yes,no,no,,obf-category-or-name,,,,https://world.openbeautyfacts.org/product/4005900260857/baby-shampooing-extra-doux-nivea,
4006000034201,Kopf bis Fuß Bad & Shampoo,Nivea Baby,baby_0_36m,haar,DE,no,yes,no,no,,obf-category-or-name,,,,https://world.openbeautyfacts.org/product/4006000034201/kopf-bis-fuss-bad-shampoo-nivea-baby,
3574661474915,Baby Shampoo,Penaten,baby_0_36m,haar,DE,no,yes,no,no,,obf-category-or-name,,,,https://world.openbeautyfacts.org/product/3574661474915/baby-shampoo-penaten,Penaten: Markenseite Ultra Sensitiv/Sensible Haut = parfümfrei; Klassik oft parfümiert.
3250392927189,Gel lavant corps et cheveux,Pommette,baby_0_36m,haar,FR,no,yes,no,no,,obf-category-or-name,,,,https://world.openbeautyfacts.org/product/3250392927189/gel-lavant-corps-et-cheveux-pommette,
6009523601811,Special Baby Shampoo,Purity,baby_0_36m,haar,FR,no,yes,no,no,,obf-category-or-name,,,,https://world.openbeautyfacts.org/product/6009523601811/special-baby-shampoo-purity,
3256224043997,Shampooing doux,U,baby_0_36m,haar,FR,no,yes,no,no,,obf-category-or-name,,,,https://world.openbeautyfacts.org/product/3256224043997/shampooing-doux-u,
3661434002076,1er Shampoing Extra Doux,Uriage,baby_0_36m,haar,FR,no,yes,no,no,,obf-category-or-name,,,,https://world.openbeautyfacts.org/product/3661434002076/uriage-1er-shampooing,Uriage Bébé 1ère Crème laut Marke parfümiert — FF=no.
4001638096515,Weleda Baby calendula haar- en bodyshampoo,Weleda,baby_0_36m,haar,NL,no,yes,no,no,,brand-line+obf,,,,https://world.openbeautyfacts.org/product/4001638096515/baby-calendula-waschlotion-shampoo-weleda,Weleda Calendula Standard oft mit Duft/ätherischen Ölen — FF nur parfümfrei-SKU.
3800232739757,Natural baby shampoo & body wash,Wooden spoon,baby_0_36m,haar,BG;HU,no,yes,no,no,,obf-category-or-name,,,,https://world.openbeautyfacts.org/product/3800232739757/natural-baby-shampoo-body-wash-wooden-spoon,
8712561405737,Baby shampoo,Zwitsal,baby_0_36m,haar,NL,no,yes,no,no,,obf-category-or-name,,,,https://world.openbeautyfacts.org/product/8712561405737/baby-shampoo-zwitsal,
3760075070045,Alphanova Bébé Eau Nettoyante,Alphanova,baby_0_36m,reiniger,FR,no,yes,no,no,,obf-category-or-name,,,,https://world.openbeautyfacts.org/product/3760075070045/alphanova-bebe-eau-nettoyante,
3596710368280,Lait de toilette baby camomille,Auchan,baby_0_36m,reiniger,FR,no,yes,no,no,,obf-category-or-name,,,,https://world.openbeautyfacts.org/product/3596710368280/lait-de-toilette-baby-camomille-auchan,
3245678704400,Eau nettoyante,Auchan Baby,baby_0_36m,reiniger,FR,no,yes,no,no,,obf-category-or-name,,,,https://world.openbeautyfacts.org/product/3245678704400/eau-nettoyante-auchan-baby,
3596710510979,Eau nettoyante visage et corps à l'extrait de calendula,Auchan Baby,baby_0_36m,reiniger,FR,no,yes,no,no,,obf-category-or-name,,,,https://world.openbeautyfacts.org/product/3596710510979/eau-nettoyante-visage-et-corps-a-l-extrait-de-calendula-auchan-baby,
3245678041314,Auchan baby cosmos bio - eau nettoyante micellaire - sans rincage visage et corps - bébé - 492 ml,Auchan Baby Bio,baby_0_36m,reiniger,FR,no,yes,no,no,,obf-category-or-name,,,,https://world.openbeautyfacts.org/product/3245678041314/auchan-baby-cosmos-bio-eau-nettoyante-micellaire-sans-rincage-visage-et-corps-bebe-492-ml-auchan-baby-bio,
3574660618440,Eau nettoyante,Bebe Biafine,baby_0_36m,reiniger,FR,no,yes,no,no,,obf-category-or-name,,,,https://world.openbeautyfacts.org/product/3574660618440/eau-nettoyante-bebe-biafine,
3574660651249,Lait de toilette,Bebe Biafine,baby_0_36m,reiniger,FR,no,yes,no,no,,obf-category-or-name,,,,https://world.openbeautyfacts.org/product/3574660651249/lait-de-toilette-bebe-biafine,
3401396936190,Bioderma Lait de toilette ABCDerm,Bioderma,baby_0_36m,reiniger,FR,no,yes,no,no,,brand-line+obf,,,,https://world.openbeautyfacts.org/product/3401396936190/bioderma-lait-de-toilette-abcderm,ABCDerm Baby/Kind ab Geburt; mehrere SKUs mit Parfum in INCI.
3350033362123,Eau nettoyante,Bout'chou,baby_0_36m,reiniger,FR,no,yes,no,no,,obf-category-or-name,,,,https://world.openbeautyfacts.org/product/3350033362123/eau-nettoyante-bout-chou,
3600551055022,Eau nettoyante,Bébé Cadum,baby_0_36m,reiniger,FR,no,yes,no,no,,obf-category-or-name,,,,https://world.openbeautyfacts.org/product/3600551055022/eau-nettoyante-bebe-cadum,
3760099594367,Bébé Cadum Lait de Toilette Nettoyant et Hydratant,Cadum,baby_0_36m,reiniger,FR,no,yes,no,no,,obf-category-or-name,,,,https://world.openbeautyfacts.org/product/3760099594367/bebe-cadum-lait-de-toilette-nettoyant-et-hydratant,
3760099593216,Cadum Bebe Lait De Toilette Hydratant Bio Sans Rinçage. FL Pompe,Cadum,baby_0_36m,reiniger,FR,no,yes,no,no,,obf-category-or-name,,,,https://world.openbeautyfacts.org/product/3760099593216/cadum-bebe-lait-de-toilette-hydratant-bio-sans-rincage-fl-pompe,
3560071277000,Eau nettoyante micellaire,Carrefour,baby_0_36m,reiniger,FR,no,yes,no,no,,obf-category-or-name,,,,https://world.openbeautyfacts.org/product/3560071277000/eau-nettoyante-micellaire-carrefour,
3560071277062,Lait de toilette hydratant,Carrefour,baby_0_36m,reiniger,FR,no,yes,no,no,,obf-category-or-name,,,,https://world.openbeautyfacts.org/product/3560071277062/lait-de-toilette-hydratant-carrefour-baby,
3245411903114,Lait de toilette hydratant,Carrefour,baby_0_36m,reiniger,FR,no,yes,no,no,,obf-category-or-name,,,,https://world.openbeautyfacts.org/product/3245411903114/lait-de-toilette-hydratant-carrefour,
3245678704394,Cosmia b - eau nettoyante - à l'huile d'amande douce - bébé - 250ml,Cosmia Baby,baby_0_36m,reiniger,FR,no,yes,no,no,,obf-category-or-name,,,,https://world.openbeautyfacts.org/product/3245678704394/cosmia-b-eau-nettoyante-a-l-huile-d-amande-douce-bebe-250ml-cosmia-baby,
3450970024600,Lait de toilette bébé,Eco+,baby_0_36m,reiniger,FR,no,yes,no,no,,obf-category-or-name,,,,https://world.openbeautyfacts.org/product/3450970024600/lait-de-toilette-bebe-eco,
3504108010574,Lait de toilette,Expanscience,baby_0_36m,reiniger,FR,no,yes,no,no,,obf-category-or-name,,,,https://world.openbeautyfacts.org/product/3504108010574/lait-de-toilette-expanscience,
3282770023855,Lait de toilette protecteur sans rinçage,Klorane Bébé,baby_0_36m,reiniger,FR,no,yes,no,no,,obf-category-or-name,,,,https://world.openbeautyfacts.org/product/3282770023855/lait-de-toilette-protecteur-sans-rincage-klorane-bebe,
3770000717143,Mon petit La Rosée Lait de toilette nettoyant huile amande bébé,LA ROSEE,baby_0_36m,reiniger,FR,no,yes,no,no,,obf-category-or-name,,,,https://world.openbeautyfacts.org/product/3770000717143/mon-petit-la-rosee-lait-de-toilette-nettoyant-huile-amande-bebe,
3700668700225,Eau nettoyante hypoallergénique,Love & Green,baby_0_36m,reiniger,FR,no,yes,no,no,,obf-category-or-name,,,,https://world.openbeautyfacts.org/product/3700668700225/eau-nettoyante-hypoallergenique-love-green,
3517360000320,So'Bio Etic Baby' Eau Nettoyante Visage & Corps,Léa Nature,baby_0_36m,reiniger,FR,no,yes,no,no,,obf-category-or-name,,,,https://world.openbeautyfacts.org/product/3517360000320/so-bio-etic-baby-eau-nettoyante-visage-corps-lea-nature,
3600551119922,Lait de toilette très doux,Mixa,baby_0_36m,reiniger,FR,no,yes,no,no,,obf-category-or-name,,,,https://world.openbeautyfacts.org/product/3600551119922/lait-de-toilette-tres-doux-mixa,
3600551136806,Mixa bébé au lait de toilette,MIXA,baby_0_36m,reiniger,FR,no,yes,no,no,,obf-category-or-name,,,,https://world.openbeautyfacts.org/product/3600551136806/mixa-bebe-au-lait-de-toilette,
3058320006001,Lait de toilette très doux Vitamine E Huile d'amande douce,Mixa Bébé,baby_0_36m,reiniger,FR,no,yes,no,no,,obf-category-or-name,,,,https://world.openbeautyfacts.org/product/3058320006001/lait-de-toilette-tres-doux-vitamine-e-huile-d-amande-douce-mixa-bebe,
3600550454147,Mixa Bébé Lait de Toilette très Doux,Mixa Bébé,baby_0_36m,reiniger,FR,no,yes,no,no,,obf-category-or-name,,,,https://world.openbeautyfacts.org/product/3600550454147/mixa-bebe-lait-de-toilette-tres-doux,
3350033527041,L'eau nettoyante,Monoprix,baby_0_36m,reiniger,FR,no,yes,no,no,,obf-category-or-name,,,,https://world.openbeautyfacts.org/product/3350033527041/l-eau-nettoyante-monoprix-bebe,
3350033527027,Le lait de toilette Douceur à l'extrait de fleur de coton,Monoprix,baby_0_36m,reiniger,FR,no,yes,no,no,,obf-category-or-name,,,,https://world.openbeautyfacts.org/product/3350033527027/le-lait-de-toilette-douceur-a-l-extrait-de-fleur-de-coton-monoprix-bebe,
4005808244416,Lait de toilette nourrissant Pure & sensitive,Nivea,baby_0_36m,reiniger,FR,no,yes,no,no,,obf-category-or-name,,,,https://world.openbeautyfacts.org/product/4005808244416/lait-de-toilette-nourrissant-pure-sensitive-nivea,
4005808364077,Nivea Baby Lait de toilette sans rinçage,Nivea,baby_0_36m,reiniger,FR,no,yes,no,no,,obf-category-or-name,,,,https://world.openbeautyfacts.org/product/4005808364077/nivea-baby-lait-de-toilette-sans-rincage,
4005900488404,Eau micellaire nettoyante,Nivea baby,baby_0_36m,reiniger,FR,no,yes,no,no,,obf-category-or-name,,,,https://world.openbeautyfacts.org/product/4005900488404/eau-micellaire-nettoyante-nivea-baby,
3250391966950,Lait de toilette bebe,Pommette,baby_0_36m,reiniger,FR,no,yes,no,no,,obf-category-or-name,,,,https://world.openbeautyfacts.org/product/3250391966950/lait-de-toilette-bebe-pommette,
3661434000416,Uriage Bébé - 1ère Eau Nettoyante,Uriage,baby_0_36m,reiniger,FR,no,yes,no,no,,obf-category-or-name,,,,https://world.openbeautyfacts.org/product/3661434000416/uriage-bebe-1ere-eau-nettoyante,Uriage Bébé 1ère Crème laut Marke parfümiert — FF=no.
4305615968766,baby duschgel,,baby_0_36m,sonst,DE,no,yes,no,no,,obf-category-or-name,,,,https://world.openbeautyfacts.org/product/4305615968766/baby-duschgel,
4533213040984,Baby Foot Masque Chaussette Pour Les Pieds Liberta,,baby_0_36m,sonst,FR,no,yes,no,no,,obf-category-or-name,,,,https://world.openbeautyfacts.org/product/4533213040984/baby-foot-masque-chaussette-pour-les-pieds-liberta,
5310001200398,baby powder,,baby_0_36m,sonst,SI,no,yes,no,no,,obf-category-or-name,,,,https://world.openbeautyfacts.org/product/5310001200398/baby-powder,
3574661322018,Bebe,,baby_0_36m,sonst,DE,no,yes,no,no,,obf-category-or-name,,,,https://world.openbeautyfacts.org/product/3574661322018/bebe,
3574661155586,Bebe classic,,baby_0_36m,sonst,DE,no,yes,no,no,,obf-category-or-name,,,,https://world.openbeautyfacts.org/product/3574661155586/bebe-classic,
3574661690483,bebe Waschgel,,baby_0_36m,sonst,DE,no,yes,no,no,,obf-category-or-name,,,,https://world.openbeautyfacts.org/product/3574661690483/bebe-waschgel,
00634200,bebe young care Traube Smoothie duschgel,,baby_0_36m,sonst,DE,no,yes,no,no,,obf-category-or-name,,,,https://world.openbeautyfacts.org/product/00634200/bebe-young-care-traube-smoothie-duschgel,
7702661491007,colonia cero de bebe,,baby_0_36m,sonst,ES,no,yes,no,no,,obf-category-or-name,,,,https://world.openbeautyfacts.org/product/7702661491007/colonia-cero-de-bebe,
5010622008518,Dentifrice fluoré bébé 0-2 ans,,baby_0_36m,sonst,FR,no,yes,no,no,,obf-category-or-name,,,,https://world.openbeautyfacts.org/product/5010622008518/dentifrice-fluore-bebe-0-2-ans,
8431876272420,esponja Bebe Dermo,,baby_0_36m,sonst,ES,no,yes,no,no,,obf-category-or-name,,,,https://world.openbeautyfacts.org/product/8431876272420/esponja-bebe-dermo,
4059729447371,Essence Baby Got Blush 20 Blushin' Berry Liquid Blush,,baby_0_36m,sonst,NL,no,yes,no,no,,obf-category-or-name,,,,https://world.openbeautyfacts.org/product/4059729447371/essence-baby-got-blush-20-blushin-berry-liquid-blush,
3574660025415,gohnsons baby powder,,baby_0_36m,sonst,FR,no,yes,no,no,,obf-category-or-name,,,,https://world.openbeautyfacts.org/product/3574660025415/gohnsons-baby-powder,
4062300445543,HiPP ULTRA HYGIENE SENSITIV BABYSANFT SIEGEL FEUCHTTÜCHER,,baby_0_36m,sonst,DE,no,yes,no,no,,obf-category-or-name,,,,https://world.openbeautyfacts.org/product/4062300445543/hipp-ultra-hygiene-sensitiv-babysanft-siegel-feuchttucher,
4262401739750,Jean &Len OHNE GEDØNS* Sensitiver Sofortschutz für sehr empfindliche Haut BABY& KIDS NNE 50+ — E,,baby_0_36m,sonst,DE,no,yes,no,no,,obf-category-or-name,,,,https://world.openbeautyfacts.org/product/4262401739750/jean-len-ohne-gedøns-sensitiver-sofortschutz-fur-sehr-empfindliche-haut-baby-kids-nne-50-e,
8410207116008,johnson's baby,,baby_0_36m,sonst,ES,no,yes,no,no,,obf-category-or-name,,,,https://world.openbeautyfacts.org/product/8410207116008/johnson-s-baby,
3574660711929,JOHNSONS Baby Conditioner 500ml,,baby_0_36m,sonst,CY,no,yes,no,no,,obf-category-or-name,,,,https://world.openbeautyfacts.org/product/3574660711929/johnsons-baby-conditioner-500ml,
8717333639174,Kruidvat Mama Protection Kraamverband,,baby_0_36m,sonst,NL,no,yes,no,no,,obf-category-or-name,,,,https://world.openbeautyfacts.org/product/8717333639174/kruidvat-mama-protection-kraamverband,
8594008876573,Linteo Baby,,baby_0_36m,sonst,DE,no,yes,no,no,,obf-category-or-name,,,,https://world.openbeautyfacts.org/product/8594008876573/linteo-baby,
4770001003008,margarita baby,,baby_0_36m,sonst,LT,no,yes,no,no,,obf-category-or-name,,,,https://world.openbeautyfacts.org/product/4770001003008/margarita-baby,
6135150000373,Maxi bébé,,baby_0_36m,sonst,FR,no,yes,no,no,,obf-category-or-name,,,,https://world.openbeautyfacts.org/product/6135150000373/maxi-bebe,
30146754,Maybelline New York SuperStay Teddy Tint 25 Baby Tee Lippenstift,,baby_0_36m,sonst,NL,no,yes,no,no,,obf-category-or-name,,,,https://world.openbeautyfacts.org/product/30146754/maybelline-new-york-superstay-teddy-tint-25-baby-tee-lippenstift,
7501044205381,olormax talco hipoalergenico baby,,baby_0_36m,sonst,ES,no,yes,no,no,,obf-category-or-name,,,,https://world.openbeautyfacts.org/product/7501044205381/olormax-talco-hipoalergenico-baby,
4820023360075,Seife baby,,baby_0_36m,sonst,DE,no,yes,no,no,,obf-category-or-name,,,,https://world.openbeautyfacts.org/product/4820023360075/seife-baby,
8029408103412,Baby gel de baño,Aqua Farma,baby_0_36m,sonst,ES,no,yes,no,no,,obf-category-or-name,,,,https://world.openbeautyfacts.org/product/8029408103412/baby-gel-de-bano-aqua-farma,
8001841119946,Baby Ariel,Ariel,baby_0_36m,sonst,AT,no,yes,no,no,,obf-category-or-name,,,,https://world.openbeautyfacts.org/product/8001841119946/baby-ariel,
8411582230549,Suavizante hipoalergénico baby,Asevi,baby_0_36m,sonst,ES,no,yes,no,no,,obf-category-or-name,,,,https://world.openbeautyfacts.org/product/8411582230549/suavizante-hipoalergenico-baby-asevi,
3596710421138,Gel gingival première dent,Auchan,baby_0_36m,sonst,FR,no,yes,no,no,,obf-category-or-name,,,,https://world.openbeautyfacts.org/product/3596710421138/gel-gingival-premiere-dent-auchan,
3596710313891,Talc baby peaux délicates,Auchan,baby_0_36m,sonst,FR,no,yes,no,no,,obf-category-or-name,,,,https://world.openbeautyfacts.org/product/3596710313891/talc-baby-peaux-delicates-auchan,
3596710329571,Auchan Batonnets Baby X50,Auchan Baby,baby_0_36m,sonst,FR,no,yes,no,no,,obf-category-or-name,,,,https://world.openbeautyfacts.org/product/3596710329571/auchan-batonnets-baby-x50-auchan-baby,
4066447710281,Duschgel Baby,balea,baby_0_36m,sonst,DE,no,yes,no,no,,obf-category-or-name,,,,https://world.openbeautyfacts.org/product/4066447710281/duschgel-baby-balea,
3400935940179,Bepanthen Pommade,Bayer,baby_0_36m,sonst,FR,no,yes,no,no,,obf-category-or-name,,,,https://world.openbeautyfacts.org/product/3400935940179/bepanthen-pommade-bayer,
3574661407227,bebe 5in1 Erfrischende Reinigungstücher,bebe,baby_0_36m,sonst,AT;DE,no,yes,no,no,,obf-category-or-name,,,,https://world.openbeautyfacts.org/product/3574661407227/bebe-5in1-erfrischende-reinigungstucher,
3574661340623,bebe Lupenrein,bebe,baby_0_36m,sonst,DE,no,yes,no,no,,obf-category-or-name,,,,https://world.openbeautyfacts.org/product/3574661340623/bebe-lupenrein,
3574661384344,bebe Vollgeschmeidig,bebe,baby_0_36m,sonst,DE,no,yes,no,no,,obf-category-or-name,,,,https://world.openbeautyfacts.org/product/3574661384344/bebe-vollgeschmeidig,
3574661671741,Kosmetik Reinigungstücher extra sanft,bebe,baby_0_36m,sonst,DE,no,yes,no,no,,obf-category-or-name,,,,https://world.openbeautyfacts.org/product/3574661671741/kosmetik-reinigungstucher-extra-sanft-bebe,
3574661824390,milde Reinigungstücher,bebe,baby_0_36m,sonst,DE,no,yes,no,no,,obf-category-or-name,,,,https://world.openbeautyfacts.org/product/3574661824390/milde-reinigungstucher-bebe,
3574661406497,Reinigungstücher,Bebe,baby_0_36m,sonst,DE,no,yes,no,no,,obf-category-or-name,,,,https://world.openbeautyfacts.org/product/3574661406497/reinigungstucher-bebe,
3574661407258,Reinigungstücher,Bebe,baby_0_36m,sonst,DE,no,yes,no,no,,obf-category-or-name,,,,https://world.openbeautyfacts.org/product/3574661407258/reinigungstucher-bebe,
3574661261096,Soft & lovely,Bebe Young Care,baby_0_36m,sonst,DE,no,yes,no,no,,obf-category-or-name,,,,https://world.openbeautyfacts.org/product/3574661261096/soft-lovely-bebe-young-care,
4046871005917,Baby,Bel,baby_0_36m,sonst,FR;DE,no,yes,no,no,,obf-category-or-name,,,,https://world.openbeautyfacts.org/product/4046871005917/baby-bel,
8010047115089,Baby,Bema,baby_0_36m,sonst,ES,no,yes,no,no,,obf-category-or-name,,,,https://world.openbeautyfacts.org/product/8010047115089/baby-bema,
3286010076038,Lait après-soleil Bleu et blanc,BIOLANE,baby_0_36m,sonst,FR,no,yes,no,no,,obf-category-or-name,,,,https://world.openbeautyfacts.org/product/3286010076038/lait-apres-soleil-bleu-et-blanc-biolane,
00342632,Bébé,Bébé,baby_0_36m,sonst,FR,no,yes,no,no,,obf-category-or-name,,,,https://world.openbeautyfacts.org/product/00342632/bebe,
3560071172534,baby,Carrefour,baby_0_36m,sonst,FR;ES,no,yes,no,no,,obf-category-or-name,,,,https://world.openbeautyfacts.org/product/3560071172534/baby-carrefour,
3560071207717,Baby fresh aloe vera,Carrefour,baby_0_36m,sonst,FR;ES,no,yes,no,no,,obf-category-or-name,,,,https://world.openbeautyfacts.org/product/3560071207717/baby-fresh-aloe-vera-carrefour,
3560071207359,Sensitive,Carrefour,baby_0_36m,sonst,FR;ES,no,yes,no,no,,obf-category-or-name,,,,https://world.openbeautyfacts.org/product/3560071207359/sensitive-carrefour,
3560070218608,sérum physiologique,Carrefour,baby_0_36m,sonst,FR,no,yes,no,no,,obf-category-or-name,,,,https://world.openbeautyfacts.org/product/3560070218608/serum-physiologique-carrefour,
8431876279610,Gel champú para pieles tendencia atópica my baby,Carrefour Baby,baby_0_36m,sonst,ES,no,yes,no,no,,obf-category-or-name,,,,https://world.openbeautyfacts.org/product/8431876279610/gel-champu-para-pieles-tendencia-atopica-my-baby-carrefour-baby,
8431876279566,Gel de baño aloe vera my baby,Carrefour Baby,baby_0_36m,sonst,ES,no,yes,no,no,,obf-category-or-name,,,,https://world.openbeautyfacts.org/product/8431876279566/gel-de-bano-aloe-vera-my-baby-carrefour-baby,
8431876279603,Talco my baby,Carrefour Baby,baby_0_36m,sonst,ES,no,yes,no,no,,obf-category-or-name,,,,https://world.openbeautyfacts.org/product/8431876279603/talco-my-baby-carrefour-baby,
8718951551992,Adoucissant Concentré 3D Fleurs Blanches et Noix,Coco SOUPLINE,baby_0_36m,sonst,FR,no,yes,no,no,,obf-category-or-name,,,,https://world.openbeautyfacts.org/product/8718951551992/adoucissant-concentre-3d-fleurs-blanches-et-noix-coco-soupline,
3245678703885,Sérum physiologique,Cosmia Baby,baby_0_36m,sonst,FR,no,yes,no,no,,obf-category-or-name,,,,https://world.openbeautyfacts.org/product/3245678703885/serum-physiologique-cosmia-baby,
3245678704448,Talc en poudre,Cosmia Baby,baby_0_36m,sonst,FR,no,yes,no,no,,obf-category-or-name,,,,https://world.openbeautyfacts.org/product/3245678704448/talc-en-poudre-cosmia-baby,
8710522420713,Baby gel de ducha,Dove,baby_0_36m,sonst,ES,no,yes,no,no,,obf-category-or-name,,,,https://world.openbeautyfacts.org/product/8710522420713/baby-gel-de-ducha-unilever,
7340083492488,Baby våtservetter,Eldorado,baby_0_36m,sonst,SE,no,yes,no,no,,obf-category-or-name,,,,https://world.openbeautyfacts.org/product/7340083492488/baby-vatservetter-eldorado,
4059729447395,Essence Baby Got Blush 30 Dusty Rose Liquid Blush,Essence,baby_0_36m,sonst,NL,no,yes,no,no,,obf-category-or-name,,,,https://world.openbeautyfacts.org/product/4059729447395/essence-baby-got-blush-30-dusty-rose-liquid-blush,
4059729521347,Essence Baby Got Bronze 10 Golden Hour Shimmering Bronzer,Essence,baby_0_36m,sonst,NL,no,yes,no,no,,obf-category-or-name,,,,https://world.openbeautyfacts.org/product/4059729521347/essence-baby-got-bronze-10-golden-hour-shimmering-bronzer,
4059729521354,Essence Baby Got Bronze 20 Holiday Glow Shimmering Bronzer,Essence,baby_0_36m,sonst,NL,no,yes,no,no,,obf-category-or-name,,,,https://world.openbeautyfacts.org/product/4059729521354/essence-baby-got-bronze-20-holiday-glow-shimmering-bronzer,
4001499946288,Baby Spül-Reiniger,Frosch,baby_0_36m,sonst,DE,no,yes,no,no,,obf-category-or-name,,,,https://world.openbeautyfacts.org/product/4001499946288/baby-spul-reiniger-frosch,
7501022150412,Racimos de oro jabon de bebe,Grisi,baby_0_36m,sonst,ES,no,yes,no,no,,obf-category-or-name,,,,https://world.openbeautyfacts.org/product/7501022150412/racimos-de-oro-jabon-de-bebe-ricitos-de-oro,
5029053582306,Drynites Sous-vêtements de nuit absorbants pour filles 8-13 ans (30-48kg),HUGGIES,baby_0_36m,sonst,FR,no,yes,no,no,,obf-category-or-name,,,,https://world.openbeautyfacts.org/product/5029053582306/drynites-sous-vetements-de-nuit-absorbants-pour-filles-8-13-ans-30-48kg-huggies,
8470003924801,"Nutraisdin, baby gel champú",ISDIN,baby_0_36m,sonst,ES,no,yes,no,no,,obf-category-or-name,,,,https://world.openbeautyfacts.org/product/8470003924801/nutraisdin-baby-gel-champu-isdin,
3574661728216,Johnson’s baby powder,Johnson & Johnson,baby_0_36m,sonst,NL,no,yes,no,no,,obf-category-or-name,,,,https://world.openbeautyfacts.org/product/3574661728216/johnson-s-baby-powder-johnson-johnson,
3574661520476,Camomila,Johnson's Baby,baby_0_36m,sonst,ES,no,yes,no,no,,obf-category-or-name,,,,https://world.openbeautyfacts.org/product/3574661520476/camomila-johnson-s-baby,
3574661520469,Champú,Johnson's Baby,baby_0_36m,sonst,ES,no,yes,no,no,,obf-category-or-name,,,,https://world.openbeautyfacts.org/product/3574661520469/champu-johnson-s-baby,
8540661520469,Champú,Johnson's Baby,baby_0_36m,sonst,ES,no,yes,no,no,,obf-category-or-name,,,,https://world.openbeautyfacts.org/product/8540661520469/champu-johnson-s-baby,
7702031169536,Crema liquida avena,Johnson's Baby,baby_0_36m,sonst,ES,no,yes,no,no,,obf-category-or-name,,,,https://world.openbeautyfacts.org/product/7702031169536/crema-liquida-avena-johnson-s-baby,
3574660348071,Dulces sueños baño para bebé,Johnson’s,baby_0_36m,sonst,ES,no,yes,no,no,,obf-category-or-name,,,,https://world.openbeautyfacts.org/product/3574660348071/dulces-suenos-bano-para-bebe-johnson-s,
3605970586287,Baby Lío Balm,Kiehl's,baby_0_36m,sonst,ES,no,yes,no,no,,obf-category-or-name,,,,https://world.openbeautyfacts.org/product/3605970586287/baby-lio-balm-l-oreal,
5900095002789,Baby cotton buds Baby Sensitive,Kindii,baby_0_36m,sonst,FR,no,yes,no,no,,obf-category-or-name,,,,https://world.openbeautyfacts.org/product/5900095002789/baby-cotton-buds-baby-sensitive-kindii,
8850002006553,Baby Powder White,Kodomo,baby_0_36m,sonst,ES,no,yes,no,no,,obf-category-or-name,,,,https://world.openbeautyfacts.org/product/8850002006553/baby-powder-white-kodomo,
3178041334433,Bébé,Le Chat,baby_0_36m,sonst,FR,no,yes,no,no,,obf-category-or-name,,,,https://world.openbeautyfacts.org/product/3178041334433/bebe-henkel,
3549620080018,Baby Organic,Le Petit Olivier,baby_0_36m,sonst,FR,no,yes,no,no,,obf-category-or-name,,,,https://world.openbeautyfacts.org/product/3549620080018/baby-organic-le-petit-olivier,
3263855778518,Bébé Sérum physiologique yeux et nez,Leader Price,baby_0_36m,sonst,FR,no,yes,no,no,,obf-category-or-name,,,,https://world.openbeautyfacts.org/product/3263855778518/bebe-serum-physiologique-yeux-et-nez-leader-price,
5425011750419,Talc pour bébé,Les Bébés d Alpha,baby_0_36m,sonst,FR,no,yes,no,no,,obf-category-or-name,,,,https://world.openbeautyfacts.org/product/5425011750419/talc-pour-bebe-les-bebes-d-alpha,
20182359,Carrés de coton,Lidl,baby_0_36m,sonst,FR,no,yes,no,no,,obf-category-or-name,,,,https://world.openbeautyfacts.org/product/20182359/carres-de-coton-lidl,
3564700045305,Eau de mer physiologique stérile bébé,Marque Repère,baby_0_36m,sonst,FR,no,yes,no,no,,obf-category-or-name,,,,https://world.openbeautyfacts.org/product/3564700045305/eau-de-mer-physiologique-sterile-bebe-marque-repere,
7613312330333,Puder,milette Baby care,baby_0_36m,sonst,DE,no,yes,no,no,,obf-category-or-name,,,,https://world.openbeautyfacts.org/product/7613312330333/puder-milette-baby-care,
3600550944242,Mixa bébé à l'eau minérale naturelle,Mixa,baby_0_36m,sonst,FR,no,yes,no,no,,obf-category-or-name,,,,https://world.openbeautyfacts.org/product/3600550944242/mixa-bebe-a-l-eau-minerale-naturelle,
9005800369495,Nivea baby care,Nivea,baby_0_36m,sonst,HR,no,yes,no,no,,obf-category-or-name,,,,https://world.openbeautyfacts.org/product/9005800369495/nivea-baby-care,
4005900273994,Nivea Baby Lait Nettoyant,Nivea,baby_0_36m,sonst,FR,no,yes,no,no,,obf-category-or-name,,,,https://world.openbeautyfacts.org/product/4005900273994/nivea-baby-lait-nettoyant,
3245678703908,Maxi carrés bébé,Pouce,baby_0_36m,sonst,FR,no,yes,no,no,,obf-category-or-name,,,,https://world.openbeautyfacts.org/product/3245678703908/maxi-carres-bebe-pouce,
8718951647527,Zero Baby & Kids Corps & Cheveux,Sanex,baby_0_36m,sonst,BE;FR,no,yes,no,no,,obf-category-or-name,,,,https://world.openbeautyfacts.org/product/8718951647527/zero-baby-kids-corps-cheveux-sanex,
8480017132222,Baby baño espuma,Sebamed,baby_0_36m,sonst,ES,no,yes,no,no,,obf-category-or-name,,,,https://world.openbeautyfacts.org/product/8480017132222/baby-bano-espuma-sebamed,Sebamed Baby & Kind; FF nur mit Label (manche SKUs mit Parfum).
8710447384671,"Skip Lessive Liquide Sensitive Peaux Sensibles & Bébés 2,8l 56 Lavages",Skip,baby_0_36m,sonst,FR,no,yes,no,no,,obf-category-or-name,,,,https://world.openbeautyfacts.org/product/8710447384671/skip-lessive-liquide-sensitive-peaux-sensibles-bebes-2-8l-56-lavages,
9100000824017,Pretty Baby Feuchte Waschlappen,Spar,baby_0_36m,sonst,AT;FR,no,yes,no,no,,obf-category-or-name,,,,https://world.openbeautyfacts.org/product/9100000824017/pretty-baby-feuchte-waschlappen-spar,
8003510022557,Splend'Or Baby Shampo,Splend'Or,baby_0_36m,sonst,IT,no,yes,no,no,,obf-category-or-name,,,,https://world.openbeautyfacts.org/product/8003510022557/splend-or-baby-shampo,
5907502687423,Soothing Baby Powder,Sylveco dla dzieci,baby_0_36m,sonst,PL,no,yes,no,no,,obf-category-or-name,,,,https://world.openbeautyfacts.org/product/5907502687423/soothing-baby-powder-sylveco-dla-dzieci,
3661434000546,1er Sérum physiologique naturel,Uriage,baby_0_36m,sonst,FR,no,yes,no,no,,obf-category-or-name,,,,https://world.openbeautyfacts.org/product/3661434000546/1er-serum-physiologique-naturel-uriage,Uriage Bébé 1ère Crème laut Marke parfümiert — FF=no.
8720181770500,Zwitsal Baby & Kids Mini Geschenkset,Zwitsal,baby_0_36m,sonst,NL,no,yes,no,no,,obf-category-or-name,,,,https://world.openbeautyfacts.org/product/8720181770500/zwitsal-baby-kids-mini-geschenkset,
3600542520805,Garnier Ambre Solaire Kids Sensitive Expert+ SPF50+ Zonnemelk,,baby_0_36m,spf,NL,no,yes,no,no,,obf-category-or-name,,,AAP/AAD: unter 6 Monaten SPF nicht first-line,https://world.openbeautyfacts.org/product/3600542520805/garnier-ambre-solaire-kids-sensitive-expert-spf50-zonnemelk,"SAFETY NOTE unter 6 Mon.: Schatten/Kleidung first-line, kein SPF-First für Neonaten in App-Copy."
8721008611044,NAIF 100 ml BABY & KIND Mineralische Sonnencreme 50: HOHER SCHUTZ 0% PARFÜM,,baby_0_36m,spf,DE,no,yes,no,no,,obf-category-or-name,,,AAP/AAD: unter 6 Monaten SPF nicht first-line,https://world.openbeautyfacts.org/product/8721008611044/naif-100-ml-baby-kind-mineralische-sonnencreme-50-hoher-schutz-0-parfum,"SAFETY NOTE unter 6 Mon.: Schatten/Kleidung first-line, kein SPF-First für Neonaten in App-Copy."
8721008611075,Naïf BABY & KIND Mineralische Sonnencreme 50 HOHER SCHUTZ 0% PARFÜM,,baby_0_36m,spf,DE,no,yes,no,no,,obf-category-or-name,,,AAP/AAD: unter 6 Monaten SPF nicht first-line,https://world.openbeautyfacts.org/product/8721008611075/naif-baby-kind-mineralische-sonnencreme-50-hoher-schutz-0-parfum,"SAFETY NOTE unter 6 Mon.: Schatten/Kleidung first-line, kein SPF-First für Neonaten in App-Copy."
3700343046082,Crème solaire bébé spf 50+,Acroelle,baby_0_36m,spf,FR,no,yes,no,no,,obf-category-or-name,,,AAP/AAD: unter 6 Monaten SPF nicht first-line,https://world.openbeautyfacts.org/product/3700343046082/creme-solaire-bebe-spf-50-acroelle,"SAFETY NOTE unter 6 Mon.: Schatten/Kleidung first-line, kein SPF-First für Neonaten in App-Copy."
3760075070878,spray solaire haute protection 50 bebe,alphanova,baby_0_36m,spf,FR,no,yes,no,no,,obf-category-or-name,,,AAP/AAD: unter 6 Monaten SPF nicht first-line,https://world.openbeautyfacts.org/product/3760075070878/spray-solaire-haute-protection-50-bebe-alphanova,"SAFETY NOTE unter 6 Mon.: Schatten/Kleidung first-line, kein SPF-First für Neonaten in App-Copy."
3760075070014,Lait solaire,Alphanova bébé,baby_0_36m,spf,FR,no,yes,no,no,,obf-category-or-name,,,AAP/AAD: unter 6 Monaten SPF nicht first-line,https://world.openbeautyfacts.org/product/3760075070014/lait-solaire-alphanova-bebe,"SAFETY NOTE unter 6 Mon.: Schatten/Kleidung first-line, kein SPF-First für Neonaten in App-Copy."
4066447579628,Sonnencreme,baby love,baby_0_36m,spf,DE,no,yes,no,no,,obf-category-or-name,,,AAP/AAD: unter 6 Monaten SPF nicht first-line,https://world.openbeautyfacts.org/product/4066447579628/sonnencreme-baby-love,"SAFETY NOTE unter 6 Mon.: Schatten/Kleidung first-line, kein SPF-First für Neonaten in App-Copy."
3760319342822,Lait solaire bébés & enfants SPF50+,Babytika,baby_0_36m,spf,FR,no,yes,no,no,,obf-category-or-name,,,AAP/AAD: unter 6 Monaten SPF nicht first-line,https://world.openbeautyfacts.org/product/3760319342822/lait-solaire-bebes-enfants-spf50-babytika,"SAFETY NOTE unter 6 Mon.: Schatten/Kleidung first-line, kein SPF-First für Neonaten in App-Copy."
3760319342839,Pinceau solaire bébés & enfants SPF50+,Babytika,baby_0_36m,spf,FR,no,yes,no,no,,obf-category-or-name,,,AAP/AAD: unter 6 Monaten SPF nicht first-line,https://world.openbeautyfacts.org/product/3760319342839/pinceau-solaire-bebes-enfants-spf50-babytika,"SAFETY NOTE unter 6 Mon.: Schatten/Kleidung first-line, kein SPF-First für Neonaten in App-Copy."
3286010096692,Crème solaire haute protection pour bébé SPF50,BIOLANE,baby_0_36m,spf,FR,no,yes,no,no,,obf-category-or-name,,,AAP/AAD: unter 6 Monaten SPF nicht first-line,https://world.openbeautyfacts.org/product/3286010096692/creme-solaire-haute-protection-pour-bebe-spf50-biolane,"SAFETY NOTE unter 6 Mon.: Schatten/Kleidung first-line, kein SPF-First für Neonaten in App-Copy."
8029041109147,Defence sun baby & kid 50+,Bionike,baby_0_36m,spf,IT,no,yes,no,no,,obf-category-or-name,,,AAP/AAD: unter 6 Monaten SPF nicht first-line,https://world.openbeautyfacts.org/product/8029041109147/defence-sun-baby-kid-50-bionike,"SAFETY NOTE unter 6 Mon.: Schatten/Kleidung first-line, kein SPF-First für Neonaten in App-Copy."
5425001841660,Lait solaire Baby & Kids SPF 50+,Biosolis,baby_0_36m,spf,FR,no,yes,no,no,,obf-category-or-name,,,AAP/AAD: unter 6 Monaten SPF nicht first-line,https://world.openbeautyfacts.org/product/5425001841660/lait-solaire-baby-kids-spf-50-biosolis,"SAFETY NOTE unter 6 Mon.: Schatten/Kleidung first-line, kein SPF-First für Neonaten in App-Copy."
4033981732079,Crème Solaire Baby & Kids SPF 45,Eco Cosmetics,baby_0_36m,spf,FR,no,yes,no,no,,obf-category-or-name,,,AAP/AAD: unter 6 Monaten SPF nicht first-line,https://world.openbeautyfacts.org/product/4033981732079/creme-solaire-baby-kids-spf-45-eco-cosmetics,"SAFETY NOTE unter 6 Mon.: Schatten/Kleidung first-line, kein SPF-First für Neonaten in App-Copy."
4033981732086,Crème Solaire Baby & Kids SPF 50+,Eco Cosmetics,baby_0_36m,spf,FR,no,yes,no,no,,obf-category-or-name,,,AAP/AAD: unter 6 Monaten SPF nicht first-line,https://world.openbeautyfacts.org/product/4033981732086/creme-solaire-baby-kids-spf-50-eco-cosmetics,"SAFETY NOTE unter 6 Mon.: Schatten/Kleidung first-line, kein SPF-First für Neonaten in App-Copy."
4033981732581,Crème Solaire Neutre Baby SPF 50+,Eco Cosmetics,baby_0_36m,spf,FR,no,yes,no,no,,obf-category-or-name,,,AAP/AAD: unter 6 Monaten SPF nicht first-line,https://world.openbeautyfacts.org/product/4033981732581/creme-solaire-neutre-baby-spf-50-eco-cosmetics,"SAFETY NOTE unter 6 Mon.: Schatten/Kleidung first-line, kein SPF-First für Neonaten in App-Copy."
8710198441609,Etos Sensitive baby & kids lotion SPF 50+,Etos,baby_0_36m,spf,NL,no,yes,no,no,,obf-category-or-name,,,AAP/AAD: unter 6 Monaten SPF nicht first-line,https://world.openbeautyfacts.org/product/8710198441609/etos-sensitive-baby-kids-lotion-spf-50,"SAFETY NOTE unter 6 Mon.: Schatten/Kleidung first-line, kein SPF-First für Neonaten in App-Copy."
40623405,HiPP Babysanft Sonnenschutz,HIPP,baby_0_36m,spf,AT,no,yes,no,no,,obf-category-or-name,,,AAP/AAD: unter 6 Monaten SPF nicht first-line,https://world.openbeautyfacts.org/product/40623405/hipp-babysanft-sonnenschutz,"HiPP Babysanft oft ab 1. Lebenstag; viele SKUs mit Parfum in INCI → FF nur bei Label.; SAFETY NOTE unter 6 Mon.: Schatten/Kleidung first-line, kein SPF-First für Neonaten in App-Copy."
3282779411189,Spray Solaire enfant au calendula protecteur SPF50+ visage et corps,Klorane,baby_0_36m,spf,FR,no,yes,no,no,,obf-category-or-name,,,AAP/AAD: unter 6 Monaten SPF nicht first-line,https://world.openbeautyfacts.org/product/3282779411189/spray-solaire-enfant-au-calendula-protecteur-spf50-visage-et-corps-klorane,"SAFETY NOTE unter 6 Mon.: Schatten/Kleidung first-line, kein SPF-First für Neonaten in App-Copy."
3337872419904,Anthelios SPF 50+ Dermo-Pediatrics Lait Bebe,La Roche-Posay,baby_0_36m,spf,FR,no,yes,no,no,,obf-category-or-name,,,AAP/AAD: unter 6 Monaten SPF nicht first-line,https://world.openbeautyfacts.org/product/3337872419904/anthelios-spf-50-dermo-pediatrics-lait-bebe-la-roche-posay,"SAFETY NOTE unter 6 Mon.: Schatten/Kleidung first-line, kein SPF-First für Neonaten in App-Copy."
3600550920765,Lait Solaire Protection Bebe 1ères Vacances Spf50+,Mixa Solaire,baby_0_36m,spf,FR,no,yes,no,no,,obf-category-or-name,,,AAP/AAD: unter 6 Monaten SPF nicht first-line,https://world.openbeautyfacts.org/product/3600550920765/lait-solaire-protection-bebe-1eres-vacances-spf50-mixa-solaire,"SAFETY NOTE unter 6 Mon.: Schatten/Kleidung first-line, kein SPF-First für Neonaten in App-Copy."
3504105024390,Lait solaire très haute protection SPF50+,Mustela,baby_0_36m,spf,FR,no,yes,no,no,,brand-line+obf,,,AAP/AAD: unter 6 Monaten SPF nicht first-line,https://world.openbeautyfacts.org/product/3504105024390/lait-solaire-tres-haute-protection-spf50-mustela,"Mustela Kernlinie oft parfümiert; Stelatopia für FF priorisieren.; SAFETY NOTE unter 6 Mon.: Schatten/Kleidung first-line, kein SPF-First für Neonaten in App-Copy."
3504105026202,Lait solaire très haute protection spécial visage SPF50+,Mustela,baby_0_36m,spf,FR,no,yes,no,no,,brand-line+obf,,,AAP/AAD: unter 6 Monaten SPF nicht first-line,https://world.openbeautyfacts.org/product/3504105026202/lait-solaire-tres-haute-protection-special-visage-spf50-mustela,"Mustela Kernlinie oft parfümiert; Stelatopia für FF priorisieren.; SAFETY NOTE unter 6 Mon.: Schatten/Kleidung first-line, kein SPF-First für Neonaten in App-Copy."
3504105031541,Spray lait solaire très haute protection SPF 50+ waterproof,Mustela,baby_0_36m,spf,FR,no,yes,no,no,,brand-line+obf,,,AAP/AAD: unter 6 Monaten SPF nicht first-line,https://world.openbeautyfacts.org/product/3504105031541/spray-lait-solaire-tres-haute-protection-spf-50-waterproof-mustela,"Mustela Kernlinie oft parfümiert; Stelatopia für FF priorisieren.; SAFETY NOTE unter 6 Mon.: Schatten/Kleidung first-line, kein SPF-First für Neonaten in App-Copy."
3504105033217,Spray solaire haute protection bébé enfant,Mustela,baby_0_36m,spf,FR,no,yes,no,no,,brand-line+obf,,,AAP/AAD: unter 6 Monaten SPF nicht first-line,https://world.openbeautyfacts.org/product/3504105033217/spray-solaire-haute-protection-bebe-enfant-mustela,"Mustela Kernlinie oft parfümiert; Stelatopia für FF priorisieren.; SAFETY NOTE unter 6 Mon.: Schatten/Kleidung first-line, kein SPF-First für Neonaten in App-Copy."
4005900246592,Baby sun Crème solaire très haute protection FPS 50+,Nivea,baby_0_36m,spf,FR,no,yes,no,no,,obf-category-or-name,,,AAP/AAD: unter 6 Monaten SPF nicht first-line,https://world.openbeautyfacts.org/product/4005900246592/baby-sun-creme-solaire-tres-haute-protection-fps-50-nivea,"SAFETY NOTE unter 6 Mon.: Schatten/Kleidung first-line, kein SPF-First für Neonaten in App-Copy."
4005900001191,Baby Sun lait solaire FPS 50+,Nivea,baby_0_36m,spf,FR,no,yes,no,no,,obf-category-or-name,,,AAP/AAD: unter 6 Monaten SPF nicht first-line,https://world.openbeautyfacts.org/product/4005900001191/baby-sun-lait-solaire-fps-50-nivea,"SAFETY NOTE unter 6 Mon.: Schatten/Kleidung first-line, kein SPF-First für Neonaten in App-Copy."
9005800261041,Baby sun protection cream,Nivea,baby_0_36m,spf,AT,no,yes,no,no,,obf-category-or-name,,,AAP/AAD: unter 6 Monaten SPF nicht first-line,https://world.openbeautyfacts.org/product/9005800261041/baby-sun-protection-cream-nivea,"SAFETY NOTE unter 6 Mon.: Schatten/Kleidung first-line, kein SPF-First für Neonaten in App-Copy."
0400590091195,Crème solaire Spray Bébé Enfant Corps Visage Spf 50+ Très Haute Protection Peau Sensible Sun,Nivea,baby_0_36m,spf,FR,no,yes,no,no,,obf-category-or-name,,,AAP/AAD: unter 6 Monaten SPF nicht first-line,https://world.openbeautyfacts.org/product/0400590091195/creme-solaire-spray-bebe-enfant-corps-visage-spf-50-tres-haute-protection-peau-sensible-sun-nivea,"SAFETY NOTE unter 6 Mon.: Schatten/Kleidung first-line, kein SPF-First für Neonaten in App-Copy."
0400590059751,Crème solaire Spray Bébé Enfant Spf 50+ Haute Protection Peau Sensible,Nivea,baby_0_36m,spf,FR,no,yes,no,no,,obf-category-or-name,,,AAP/AAD: unter 6 Monaten SPF nicht first-line,https://world.openbeautyfacts.org/product/0400590059751/creme-solaire-spray-bebe-enfant-spf-50-haute-protection-peau-sensible-sun-nivea,"SAFETY NOTE unter 6 Mon.: Schatten/Kleidung first-line, kein SPF-First für Neonaten in App-Copy."
4005900911957,Baby & kids sensitive protect 50+,Nivea sun,baby_0_36m,spf,FR,no,yes,no,no,,obf-category-or-name,,,AAP/AAD: unter 6 Monaten SPF nicht first-line,https://world.openbeautyfacts.org/product/4005900911957/baby-kids-sensitive-protect-50-nivea-sun,"SAFETY NOTE unter 6 Mon.: Schatten/Kleidung first-line, kein SPF-First für Neonaten in App-Copy."
5701943100882,P20 Kids SPF50+ Zonnebrandcrème,Riemann,baby_0_36m,spf,NL,no,yes,no,no,,obf-category-or-name,,,AAP/AAD: unter 6 Monaten SPF nicht first-line,https://world.openbeautyfacts.org/product/5701943100882/p20-kids-spf50-zonnebrandcreme-riemann,"SAFETY NOTE unter 6 Mon.: Schatten/Kleidung first-line, kein SPF-First für Neonaten in App-Copy."
3564700386941,"Lingettes Bébé Mots D'enfants, Sensitives Recharge x63",,baby_0_36m,windel,FR,no,yes,no,no,,obf-category-or-name,,,,https://world.openbeautyfacts.org/product/3564700386941/lingettes-bebe-mots-d-enfants-sensitives-recharge-x63,
3283950920766,Lingettes nettoyantes bebe,,baby_0_36m,windel,FR,no,yes,no,no,,obf-category-or-name,,,,https://world.openbeautyfacts.org/product/3283950920766/lingettes-nettoyantes-bebe,
5099514000212,Waterwipes Baby Wipes 60,A-Derma,baby_0_36m,windel,FR,no,yes,no,no,,obf-category-or-name,,,,https://world.openbeautyfacts.org/product/5099514000212/waterwipes-baby-wipes-60-a-derma,
3700343045054,Liniment Apaisant,Acorelle Bébé,baby_0_36m,windel,FR,no,yes,no,no,,obf-category-or-name,,,,https://world.openbeautyfacts.org/product/3700343045054/liniment-apaisant-acorelle-bebe,
8711868004773,Lingettes bébé sensitive,Action,baby_0_36m,windel,FR,no,yes,no,no,,obf-category-or-name,,,,https://world.openbeautyfacts.org/product/8711868004773/lingettes-bebe-sensitive-action,
3760075070694,Bio-Liniment,Alphanova Bébé,baby_0_36m,windel,FR,no,yes,no,no,,obf-category-or-name,,,,https://world.openbeautyfacts.org/product/3760075070694/bio-liniment-alphanova-bebe,
8001090603296,Lingettes,Aqua,baby_0_36m,windel,FR;DE,no,yes,no,no,,obf-category-or-name,,,,https://world.openbeautyfacts.org/product/8001090603296/lingettes-aqua,
3596710394111,Auchan Baby Liniment oléo calcaire,Auchan,baby_0_36m,windel,FR,no,yes,no,no,,obf-category-or-name,,,,https://world.openbeautyfacts.org/product/3596710394111/auchan-baby-liniment-oleo-calcaire,
3596710327720,Lingettes débarbouillantes sans rinçage parfum fruité,Auchan,baby_0_36m,windel,FR,no,yes,no,no,,obf-category-or-name,,,,https://world.openbeautyfacts.org/product/3596710327720/lingettes-debarbouillantes-sans-rincage-parfum-fruite-auchan,
3245678691458,Lingettes sensitives à l'extrait de camomille,Auchan,baby_0_36m,windel,FR,no,yes,no,no,,obf-category-or-name,,,,https://world.openbeautyfacts.org/product/3245678691458/lingettes-sensitives-a-l-extrait-de-camomille-auchan,
3596710520558,Lingettes,Auchan Baby,baby_0_36m,windel,FR,no,yes,no,no,,obf-category-or-name,,,,https://world.openbeautyfacts.org/product/3596710520558/lingettes-auchan-baby,
3596710520510,Lingettes fraîcheur,Auchan Baby,baby_0_36m,windel,FR,no,yes,no,no,,obf-category-or-name,,,,https://world.openbeautyfacts.org/product/3596710520510/lingettes-fraicheur-auchan-baby,
3596710520527,Lingettes fraîcheur,Auchan Baby,baby_0_36m,windel,FR,no,yes,no,no,,obf-category-or-name,,,,https://world.openbeautyfacts.org/product/3596710520527/lingettes-fraicheur-auchan-baby,
3596710535286,Lingettes fraîcheur,Auchan Baby,baby_0_36m,windel,FR,no,yes,no,no,,obf-category-or-name,,,,https://world.openbeautyfacts.org/product/3596710535286/lingettes-fraicheur-auchan-baby,
3596710535293,Lingettes fraîcheur,Auchan Baby,baby_0_36m,windel,FR,no,yes,no,no,,obf-category-or-name,,,,https://world.openbeautyfacts.org/product/3596710535293/lingettes-fraicheur-auchan-baby,
3596710520534,Lingettes sensitives,Auchan Baby,baby_0_36m,windel,FR,no,yes,no,no,,obf-category-or-name,,,,https://world.openbeautyfacts.org/product/3596710520534/lingettes-sensitives-auchan-baby,
3596710520541,Lingettes sensitives,Auchan Baby,baby_0_36m,windel,FR,no,yes,no,no,,obf-category-or-name,,,,https://world.openbeautyfacts.org/product/3596710520541/lingettes-sensitives-auchan-baby,
3596710520572,Lingettes visage et mains,Auchan Baby,baby_0_36m,windel,FR,no,yes,no,no,,obf-category-or-name,,,,https://world.openbeautyfacts.org/product/3596710520572/lingettes-visage-et-mains-auchan-baby,
3596710520565,Lingettes à l'eau,Auchan Baby,baby_0_36m,windel,FR,no,yes,no,no,,obf-category-or-name,,,,https://world.openbeautyfacts.org/product/3596710520565/lingettes-a-l-eau-auchan-baby,
3596710532933,Lingettes à l'eau,Auchan Baby,baby_0_36m,windel,FR,no,yes,no,no,,obf-category-or-name,,,,https://world.openbeautyfacts.org/product/3596710532933/lingettes-a-l-eau-auchan-baby,
3596710520589,Lingettes nettoyantes,Auchan Baby Bio,baby_0_36m,windel,FR,no,yes,no,no,,obf-category-or-name,,,,https://world.openbeautyfacts.org/product/3596710520589/lingettes-nettoyantes-auchan-baby-bio,
3245678041291,Liniment oléo calcaire à l'huile d'olive vierge bio,Auchan Baby Bio,baby_0_36m,windel,FR,no,yes,no,no,,obf-category-or-name,,,,https://world.openbeautyfacts.org/product/3245678041291/liniment-oleo-calcaire-a-l-huile-d-olive-vierge-bio-auchan-baby-bio,
3574661478067,Aveeno baby,Aveeno,baby_0_36m,windel,IT,no,yes,no,no,,obf-category-or-name,,,,https://world.openbeautyfacts.org/product/3574661478067/aveeno-baby,
8014002000748,Toallitas bebé,Baby Lindo,baby_0_36m,windel,ES,no,yes,no,no,,obf-category-or-name,,,,https://world.openbeautyfacts.org/product/8014002000748/toallitas-bebe-baby-lindo,
5903111218423,Silk soft baby wipes,Baby Wipes,baby_0_36m,windel,FR,no,yes,no,no,,obf-category-or-name,,,,https://world.openbeautyfacts.org/product/5903111218423/silk-soft-baby-wipes,
4305615745022,Baby wipes,Babydream,baby_0_36m,windel,PL,no,yes,no,no,,obf-category-or-name,,,,https://world.openbeautyfacts.org/product/4305615745022/baby-wipes-babydream,
4068134128843,Baby wipes,Babydream,baby_0_36m,windel,PL,no,yes,no,no,,obf-category-or-name,,,,https://world.openbeautyfacts.org/product/4068134128843/baby-wipes-babydream,
4305615544014,Babydream extra sensitiv Feuchttücher,Babydream,baby_0_36m,windel,DE,no,yes,no,no,,obf-category-or-name,,,,https://world.openbeautyfacts.org/product/4305615544014/babydream-extra-sensitiv-feuchttucher,
5900017095332,Baby wipes,Bambino,baby_0_36m,windel,PL,no,yes,no,no,,obf-category-or-name,,,,https://world.openbeautyfacts.org/product/5900017095332/baby-wipes-bambino,
3401562576519,Bepanthen Protect,Bayer,baby_0_36m,windel,FR,no,yes,no,no,,obf-category-or-name,,,,https://world.openbeautyfacts.org/product/3401562576519/bepanthen-protect-bayer,
3574660653571,Pommade de change,Bebe Biafine,baby_0_36m,windel,FR,no,yes,no,no,,obf-category-or-name,,,,https://world.openbeautyfacts.org/product/3574660653571/pommade-de-change-bebe-biafine,
3800144806301,Мокри кърпи,bebo,baby_0_36m,windel,BG,no,yes,no,no,,obf-category-or-name,,,,https://world.openbeautyfacts.org/product/3800144806301/мокри-кърпи-bebo,
4002857031264,Baby wipes,Bevola,baby_0_36m,windel,PL,no,yes,no,no,,obf-category-or-name,,,,https://world.openbeautyfacts.org/product/4002857031264/baby-wipes-bevola,
3660992005482,Lingettes pour bébé épaisses 80 pièces,Bien Vu!,baby_0_36m,windel,FR,no,yes,no,no,,obf-category-or-name,,,,https://world.openbeautyfacts.org/product/3660992005482/lingettes-pour-bebe-epaisses-80-pieces-bien-vu,
3401599487697,Bioderma Abcderm Lingettes Nettoyantes Visage Et Corps. BT,Bioderma,baby_0_36m,windel,FR,no,yes,no,no,,brand-line+obf,,,,https://world.openbeautyfacts.org/product/3401599487697/bioderma-abcderm-lingettes-nettoyantes-visage-et-corps-bt,ABCDerm Baby/Kind ab Geburt; mehrere SKUs mit Parfum in INCI.
3401396924944,Bioderma Change Intensif ABCDerm,Bioderma,baby_0_36m,windel,FR,no,yes,no,no,,brand-line+obf,,,,https://world.openbeautyfacts.org/product/3401396924944/bioderma-change-intensif-abcderm,ABCDerm Baby/Kind ab Geburt; mehrere SKUs mit Parfum in INCI.
3286010097071,Baume de change au liniment oléo-calcaire,Biolane,baby_0_36m,windel,FR,no,yes,no,no,,obf-category-or-name,,,,https://world.openbeautyfacts.org/product/3286010097071/baume-de-change-au-liniment-oleo-calcaire-biolane,
3265660399100,lingette bébé,bocoton,baby_0_36m,windel,FR,no,yes,no,no,,obf-category-or-name,,,,https://world.openbeautyfacts.org/product/3265660399100/lingette-bebe-bocoton,
8718989021191,Bonbébé toeten boeners,Bonbébé,baby_0_36m,windel,NL,no,yes,no,no,,obf-category-or-name,,,,https://world.openbeautyfacts.org/product/8718989021191/bonbebe-toeten-boeners,
3760172444107,Liniment Bébé Stabilisé Hypoallergénique,Born to Bio,baby_0_36m,windel,FR,no,yes,no,no,,obf-category-or-name,,,,https://world.openbeautyfacts.org/product/3760172444107/liniment-bebe-stabilise-hypoallergenique-born-to-bio,
3489940068047,Crème pour le change,Bébé Bio,baby_0_36m,windel,FR,no,yes,no,no,,obf-category-or-name,,,,https://world.openbeautyfacts.org/product/3489940068047/creme-pour-le-change-bebe-bio,
3600550995480,liniment traditionnel,bébé cadum,baby_0_36m,windel,FR,no,yes,no,no,,obf-category-or-name,,,,https://world.openbeautyfacts.org/product/3600550995480/liniment-traditionnel-bebe-cadum,
3700970204145,Liniment Oléo-Calcaire sans rinçage,Bébé Smart,baby_0_36m,windel,FR,no,yes,no,no,,obf-category-or-name,,,,https://world.openbeautyfacts.org/product/3700970204145/liniment-oleo-calcaire-sans-rincage-bebe-smart,
3700970204152,Liniment Oléo-calcaire sans rinçage,Bébé Smart,baby_0_36m,windel,FR,no,yes,no,no,,obf-category-or-name,,,,https://world.openbeautyfacts.org/product/3700970204152/liniment-oleo-calcaire-sans-rincage-bebe-smart,
8431876069952,Baby Lingette Bebe Eco Recharge Rectangulaire 72ctnettoyant Et Adoucissant Epaisse Aloe Vera,Carrefour,baby_0_36m,windel,FR,no,yes,no,no,,obf-category-or-name,,,,https://world.openbeautyfacts.org/product/8431876069952/baby-lingette-bebe-eco-recharge-rectangulaire-72ctnettoyant-et-adoucissant-epaisse-aloe-vera-carrefour,
3560071212193,lingettes 100 % coton bio Carrefour Baby,Carrefour,baby_0_36m,windel,FR,no,yes,no,no,,obf-category-or-name,,,,https://world.openbeautyfacts.org/product/3560071212193/lingettes-100-coton-bio-carrefour-baby,
3560071105686,Lingettes épaisses Sensitive (lot x2 paquets),Carrefour,baby_0_36m,windel,FR,no,yes,no,no,,obf-category-or-name,,,,https://world.openbeautyfacts.org/product/3560071105686/lingettes-epaisses-sensitive-lot-x2-paquets-carrefour,
3560070999385,Liniment Oleo Calcaire,Carrefour Baby,baby_0_36m,windel,FR,no,yes,no,no,,obf-category-or-name,,,,https://world.openbeautyfacts.org/product/3560070999385/liniment-oleo-calcaire-carrefour-baby,
3760001762532,Liniment oléo-calcaire à l'huile d'olive bio pour bébé,CARRYBOO,baby_0_36m,windel,FR,no,yes,no,no,,obf-category-or-name,,,,https://world.openbeautyfacts.org/product/3760001762532/liniment-oleo-calcaire-a-l-huile-d-olive-bio-pour-bebe-carryboo,
3222475981784,Lingettes Sensitive pour bébé - Lait à l'extrait d'Aloe Vera,Casino,baby_0_36m,windel,FR,no,yes,no,no,,obf-category-or-name,,,,https://world.openbeautyfacts.org/product/3222475981784/lingettes-sensitive-pour-bebe-lait-a-l-extrait-d-aloe-vera-casino,
3283950919166,Cattier Bébé Liniment Lait Crème Pour Le Change,Cattier,baby_0_36m,windel,FR,no,yes,no,no,,obf-category-or-name,,,,https://world.openbeautyfacts.org/product/3283950919166/cattier-bebe-liniment-lait-creme-pour-le-change,
3283950915038,Crème protectrice bebe pour le change abricot,Cattier,baby_0_36m,windel,FR,no,yes,no,no,,obf-category-or-name,,,,https://world.openbeautyfacts.org/product/3283950915038/creme-protectrice-bebe-pour-le-change-abricot-cattier,
3770006053047,Liniment oléo-calcaire,Charlotte Baby Bio,baby_0_36m,windel,FR,no,yes,no,no,,obf-category-or-name,,,,https://world.openbeautyfacts.org/product/3770006053047/liniment-oleo-calcaire-charlotte-baby-bio,
2006050132355,Lingettes bébé à l'eau,CHERUBIN,baby_0_36m,windel,FR,no,yes,no,no,,obf-category-or-name,,,,https://world.openbeautyfacts.org/product/2006050132355/lingettes-bebe-a-l-eau-cherubin,
8414807544650,Cremosas,Consum,baby_0_36m,windel,ES,no,yes,no,no,,obf-category-or-name,,,,https://world.openbeautyfacts.org/product/8414807544650/cremosas-consum,
8414807544629,Toallitas aloe vera,Consum,baby_0_36m,windel,ES,no,yes,no,no,,obf-category-or-name,,,,https://world.openbeautyfacts.org/product/8414807544629/toallitas-aloe-vera-consum,
3468080081116,Corine de Farme Liniment Calcium Balsem,Corine,baby_0_36m,windel,NL,no,yes,no,no,,obf-category-or-name,,,,https://world.openbeautyfacts.org/product/3468080081116/corine-de-farme-liniment-calcium-balsem,
3468080082588,Crème change apaisante peaux sensibles,Corine de Farme,baby_0_36m,windel,FR,no,yes,no,no,,obf-category-or-name,,,,https://world.openbeautyfacts.org/product/3468080082588/creme-change-apaisante-peaux-sensibles-corine-de-farme-baby,
3468080106543,Lingettes Sensitive Au Calendula Bio Bébé Avec Dévidoir,Corine De Farme,baby_0_36m,windel,FR,no,yes,no,no,,obf-category-or-name,,,,https://world.openbeautyfacts.org/product/3468080106543/lingettes-sensitive-au-calendula-bio-bebe-avec-devidoir-corine-de-farme,
3468080081628,Lingettes nettoyantes pour bébé,Corinne de Farme,baby_0_36m,windel,PT,no,yes,no,no,,obf-category-or-name,,,,https://world.openbeautyfacts.org/product/3468080081628/lingettes-nettoyantes-pour-bebe-corinne-de-farme,
3245678707579,Auchan baby- liniment oléo-calcaire - a l'huile d'olive - dès la naissance sauf prématurés bébé - 500 ml,Cosmia Baby,baby_0_36m,windel,FR,no,yes,no,no,,obf-category-or-name,,,,https://world.openbeautyfacts.org/product/3245678707579/auchan-baby-liniment-oleo-calcaire-a-l-huile-d-olive-des-la-naissance-sauf-prematures-bebe-500-ml-cosmia-baby,
3245678691427,Lingettes fraîcheur,Cosmia Baby,baby_0_36m,windel,FR,no,yes,no,no,,obf-category-or-name,,,,https://world.openbeautyfacts.org/product/3245678691427/lingettes-fraicheur-cosmia-baby,
3245678691441,Lingettes fraîcheur,Cosmia Baby,baby_0_36m,windel,FR,no,yes,no,no,,obf-category-or-name,,,,https://world.openbeautyfacts.org/product/3245678691441/lingettes-fraicheur-cosmia-baby,
3245678691434,Lingettes fraîcheur,Cosmia Baby,baby_0_36m,windel,FR,no,yes,no,no,,obf-category-or-name,,,,https://world.openbeautyfacts.org/product/3245678691434/lingettes-fraicheur-cosmia-baby,
3245678691489,Lingettes nettoyantes à l'aloe vera bio,Cosmia Baby,baby_0_36m,windel,FR,no,yes,no,no,,obf-category-or-name,,,,https://world.openbeautyfacts.org/product/3245678691489/lingettes-nettoyantes-a-l-aloe-vera-bio-cosmia-baby,
3245678691496,Lingettes nettoyantes à l'huile d'olive,Cosmia Baby,baby_0_36m,windel,FR,no,yes,no,no,,obf-category-or-name,,,,https://world.openbeautyfacts.org/product/3245678691496/lingettes-nettoyantes-a-l-huile-d-olive-cosmia-baby,
3245678691502,Lingettes nouveau-né à l'extrait de calendula,Cosmia Baby,baby_0_36m,windel,FR,no,yes,no,no,,obf-category-or-name,,,,https://world.openbeautyfacts.org/product/3245678691502/lingettes-nouveau-ne-a-l-extrait-de-calendula-cosmia-baby,
3245678691519,Lingettes papier toilette,Cosmia Baby,baby_0_36m,windel,FR,no,yes,no,no,,obf-category-or-name,,,,https://world.openbeautyfacts.org/product/3245678691519/lingettes-papier-toilette-cosmia-baby,
3245678691526,Lingettes papier toilette,Cosmia Baby,baby_0_36m,windel,FR,no,yes,no,no,,obf-category-or-name,,,,https://world.openbeautyfacts.org/product/3245678691526/lingettes-papier-toilette-cosmia-baby,
3245678691465,Lingettes sensitives à l'extrait de camomille,Cosmia Baby,baby_0_36m,windel,FR,no,yes,no,no,,obf-category-or-name,,,,https://world.openbeautyfacts.org/product/3245678691465/lingettes-sensitives-a-l-extrait-de-camomille-cosmia-baby,
3245678691472,Lingettes visage et mains à l'huile d'amande douce,Cosmia Baby,baby_0_36m,windel,FR,no,yes,no,no,,obf-category-or-name,,,,https://world.openbeautyfacts.org/product/3245678691472/lingettes-visage-et-mains-a-l-huile-d-amande-douce-cosmia-baby,
8480000794277,Toallitas bebé frescas y perfumadas,Deliplus,baby_0_36m,windel,ES,no,yes,no,no,,obf-category-or-name,,,,https://world.openbeautyfacts.org/product/8480000794277/toallitas-bebe-frescas-y-perfumadas-deliplus,
3401520672673,Liniment oléo calcaire stabilité,Dermactive Bébé,baby_0_36m,windel,FR,no,yes,no,no,,obf-category-or-name,,,,https://world.openbeautyfacts.org/product/3401520672673/liniment-oleo-calcaire-stabilite-dermactive-bebe,
8001300820642,Bebè salviettine detergenti corpo,Despar,baby_0_36m,windel,IT,no,yes,no,no,,obf-category-or-name,,,,https://world.openbeautyfacts.org/product/8001300820642/bebe-salviettine-detergenti-corpo-despar,
3700763501581,Lingettes nettoyantes,Dodie,baby_0_36m,windel,FR,no,yes,no,no,,obf-category-or-name,,,,https://world.openbeautyfacts.org/product/3700763501581/lingettes-nettoyantes-douceur-dermo-apaisantes-dodie,
3380380064722,Beauté & Hygiène / Change Bébé / Liniment,Douce Nature,baby_0_36m,windel,FR,no,yes,no,no,,obf-category-or-name,,,,https://world.openbeautyfacts.org/product/3380380064722/beaute-hygiene-change-bebe-liniment-douce-nature,
6422876000603,Doctor wipes aloe vera,Europack media,baby_0_36m,windel,RO,no,yes,no,no,,obf-category-or-name,,,,https://world.openbeautyfacts.org/product/6422876000603/doctor-wipes-aloe-vera-europack-media,
3489940068085,BEBE BIO Liniment oléo calcaire,GRAVIER BEBE BIO,baby_0_36m,windel,FR,no,yes,no,no,,obf-category-or-name,,,,https://world.openbeautyfacts.org/product/3489940068085/bebe-bio-liniment-oleo-calcaire-gravier-bebe-bio,
3489940068078,BEBE BIO Liniment oléo calcaire,Gravier Bébé Bio,baby_0_36m,windel,FR,no,yes,no,no,,obf-category-or-name,,,,https://world.openbeautyfacts.org/product/3489940068078/bebe-bio-liniment-oleo-calcaire-gravier-bebe-bio,
8718537561247,Baby wipes with 99.4% water,HEMA,baby_0_36m,windel,NL,no,yes,no,no,,obf-category-or-name,,,,https://world.openbeautyfacts.org/product/8718537561247/baby-wipes-with-99-4-water-hema,
40623474,GESICHT & HÄNDE Ultra-Sensitiv,HiPP,baby_0_36m,windel,FR;DE,no,yes,no,no,,obf-category-or-name,,,,https://world.openbeautyfacts.org/product/40623474/gesicht-hande-ultra-sensitiv-hipp,HiPP Babysanft oft ab 1. Lebenstag; viele SKUs mit Parfum in INCI → FF nur bei Label.
5029053550237,Everyday,Huggies,baby_0_36m,windel,FR,no,yes,no,no,,obf-category-or-name,,,,https://world.openbeautyfacts.org/product/5029053550237/everyday-huggies,
5029053585543,Extra Care Sensitive Wipes,Huggies,baby_0_36m,windel,FR,no,yes,no,no,,obf-category-or-name,,,,https://world.openbeautyfacts.org/product/5029053585543/extra-care-sensitive-wipes-huggies,
5029053550152,Lingettes Natural Care with Aloe Vera,Huggies,baby_0_36m,windel,FR,no,yes,no,no,,obf-category-or-name,,,,https://world.openbeautyfacts.org/product/5029053550152/huggies-green-wips,
5029053550039,linguettes HUGGIES pure,Huggies,baby_0_36m,windel,FR;RO,no,yes,no,no,,obf-category-or-name,,,,https://world.openbeautyfacts.org/product/5029053550039/linguettes-huggies-pure,
5029053582238,Simply Clean,Huggies,baby_0_36m,windel,FR,no,yes,no,no,,obf-category-or-name,,,,https://world.openbeautyfacts.org/product/5029053582238/huggies,
8480012004814,Toallitas húmedas baby,IFA,baby_0_36m,windel,ES,no,yes,no,no,,obf-category-or-name,,,,https://world.openbeautyfacts.org/product/8480012004814/toallitas-humedas-baby-ummia,
3410280029177,Lingettes bébé,Intermarché,baby_0_36m,windel,FR,no,yes,no,no,,obf-category-or-name,,,,https://world.openbeautyfacts.org/product/3410280029177/lingettes-bebe-intermarche,
5744004980238,Baby wipes,Jelp,baby_0_36m,windel,PL,no,yes,no,no,,obf-category-or-name,,,,https://world.openbeautyfacts.org/product/5744004980238/baby-wipes-jelp,
5025404004497,Lingettes toilette fesses bébé,KANDOO,baby_0_36m,windel,FR,no,yes,no,no,,obf-category-or-name,,,,https://world.openbeautyfacts.org/product/5025404004497/lingettes-toilette-fesses-bebe-kandoo,
53900095034940,Baby wipes,Kindii,baby_0_36m,windel,PL,no,yes,no,no,,obf-category-or-name,,,,https://world.openbeautyfacts.org/product/53900095034940/baby-wipes-kindii,
5900095035107,Wet wipes for infants and babies,Kindii,baby_0_36m,windel,PL,no,yes,no,no,,obf-category-or-name,,,,https://world.openbeautyfacts.org/product/5900095035107/wet-wipes-for-infants-and-babies-kindii,
5900095033530,Wet wipes for infants and babies,Kindii,baby_0_36m,windel,PL,no,yes,no,no,,obf-category-or-name,,,,https://world.openbeautyfacts.org/product/5900095033530/wet-wipes-for-infants-and-babies-kindii,
3282779326940,Klorane Bébé Crème protectrice pour le change,Klorane,baby_0_36m,windel,FR,no,yes,no,no,,obf-category-or-name,,,,https://world.openbeautyfacts.org/product/3282779326940/klorane-bebe-creme-protectrice-pour-le-change,
3282779317337,Klorane Bébé Eryteal Liniment,Klorane,baby_0_36m,windel,FR,no,yes,no,no,,obf-category-or-name,,,,https://world.openbeautyfacts.org/product/3282779317337/klorane-bebe-eryteal-liniment,
3282779053266,Klorane Bébé Eryteal Pommade,Klorane,baby_0_36m,windel,FR,no,yes,no,no,,obf-category-or-name,,,,https://world.openbeautyfacts.org/product/3282779053266/klorane-bebe-eryteal-pommade,
3282779327039,Klorane Bébé Lingettes nettoyantes douceur au lait de toilette,Klorane,baby_0_36m,windel,FR,no,yes,no,no,,obf-category-or-name,,,,https://world.openbeautyfacts.org/product/3282779327039/klorane-bebe-lingettes-nettoyantes-douceur-au-lait-de-toilette,
3770000717150,Mon petit la rosée Liniment 100% naturel huile olive bébé,LA ROSEE,baby_0_36m,windel,FR,no,yes,no,no,,obf-category-or-name,,,,https://world.openbeautyfacts.org/product/3770000717150/mon-petit-la-rosee-liniment-100-naturel-huile-olive-bebe,
3664696005021,INSTANT BEBE Liniment oléocalcaire,Laboratoire Giphar,baby_0_36m,windel,FR,no,yes,no,no,,obf-category-or-name,,,,https://world.openbeautyfacts.org/product/3664696005021/instant-bebe-liniment-oleocalcaire-laboratoire-giphar,
3518646126758,Liniment Oleo-Calcaire,Laboratoires Gilbert,baby_0_36m,windel,FR,no,yes,no,no,,obf-category-or-name,,,,https://world.openbeautyfacts.org/product/3518646126758/liniment-oleo-calcaire-laboratoires-gilbert,
3058325066246,Lingettes ultra-fraîches à l'eau nettoyante,LASCAD,baby_0_36m,windel,FR,no,yes,no,no,,obf-category-or-name,,,,https://world.openbeautyfacts.org/product/3058325066246/lingettes-ultra-fraiches-a-l-eau-nettoyante-l-oreal,
3760099591335,Natural caresse à l'huile d'amande douce,LASCAD,baby_0_36m,windel,FR,no,yes,no,no,,obf-category-or-name,,,,https://world.openbeautyfacts.org/product/3760099591335/natural-caresse-a-l-huile-d-amande-douce-l-oreal,
3263856209318,80 lingettes pour bébé,Leader Price,baby_0_36m,windel,FR,no,yes,no,no,,obf-category-or-name,,,,https://world.openbeautyfacts.org/product/3263856209318/80-lingettes-pour-bebe-leader-price,
3263855778037,"Bébé Lait de Toilette Visage, Corps et Change",Leader Price,baby_0_36m,windel,FR,no,yes,no,no,,obf-category-or-name,,,,https://world.openbeautyfacts.org/product/3263855778037/bebe-lait-de-toilette-visage-corps-et-change-leader-price,
4056489191681,Lingettes pour bébé sensitive Lupilu,Lidl,baby_0_36m,windel,FR,no,yes,no,no,,obf-category-or-name,,,,https://world.openbeautyfacts.org/product/4056489191681/lingettes-pour-bebe-sensitive-lupilu-lidl,
4260678845037,Lingettes bébé,Lillydoo,baby_0_36m,windel,FR,no,yes,no,no,,obf-category-or-name,,,,https://world.openbeautyfacts.org/product/4260678845037/lingettes-bebe-lillydoo,
5901912623477,Baby wipes,Love & Care Gugu,baby_0_36m,windel,PL,no,yes,no,no,,obf-category-or-name,,,,https://world.openbeautyfacts.org/product/5901912623477/baby-wipes-love-care-gugu,
3517360016079,Eau Thermale Jonzac Bébé Bio - Liniment Doux Oléo-Calcaire,Léa Nature,baby_0_36m,windel,FR,no,yes,no,no,,obf-category-or-name,,,,https://world.openbeautyfacts.org/product/3517360016079/eau-thermale-jonzac-bebe-bio-liniment-doux-oleo-calcaire-lea-nature,
3517360012453,Liniment Doux Oléo-Calcaire - Eau Thermale Jonzac Bébé Bio,Léa Nature,baby_0_36m,windel,FR,no,yes,no,no,,obf-category-or-name,,,,https://world.openbeautyfacts.org/product/3517360012453/liniment-doux-oleo-calcaire-eau-thermale-jonzac-bebe-bio-lea-nature,
3517360016819,SO'BIO ETIC - BABY LINIMENT OLÉO-CALCAIRE,Léa Nature,baby_0_36m,windel,FR,no,yes,no,no,,obf-category-or-name,,,,https://world.openbeautyfacts.org/product/3517360016819/so-bio-etic-baby-liniment-oleo-calcaire-lea-nature,
3517360000290,So'Bio Etic Baby' Liniment,Léa Nature,baby_0_36m,windel,FR,no,yes,no,no,,obf-category-or-name,,,,https://world.openbeautyfacts.org/product/3517360000290/so-bio-etic-baby-liniment-lea-nature,
3582910072393,Lingettes bébé,Mitosyl,baby_0_36m,windel,FR,no,yes,no,no,,obf-category-or-name,,,,https://world.openbeautyfacts.org/product/3582910072393/lingettes-bebe-mitosyl,
3760162124231,Baby Green Liniment Bio,MKL,baby_0_36m,windel,FR,no,yes,no,no,,obf-category-or-name,,,,https://world.openbeautyfacts.org/product/3760162124231/baby-green-liniment-bio-mkl,
3350033362291,Les Lingettes débarbouillantes x40,Monoprix bébé,baby_0_36m,windel,FR,no,yes,no,no,,obf-category-or-name,,,,https://world.openbeautyfacts.org/product/3350033362291/les-lingettes-debarbouillantes-x40-monoprix-bebe,
3504105025854,Crème change,Mustela,baby_0_36m,windel,FR,no,yes,no,no,,brand-line+obf,,,,https://world.openbeautyfacts.org/product/3504105025854/creme-change-mustela,Mustela Kernlinie oft parfümiert; Stelatopia für FF priorisieren.
3517360001303,Liniment oleo-calcaire,Natessance,baby_0_36m,windel,FR,no,yes,no,no,,obf-category-or-name,,,,https://world.openbeautyfacts.org/product/3517360001303/liniment-oleo-calcaire-natessance,
3517360000993,Bioliniment protecteur,Natessance bébé,baby_0_36m,windel,FR,no,yes,no,no,,obf-category-or-name,,,,https://world.openbeautyfacts.org/product/3517360000993/bioliniment-protecteur-natessance-bebe,
3250392066819,80 Lingettes bébé,Netto,baby_0_36m,windel,FR,no,yes,no,no,,obf-category-or-name,,,,https://world.openbeautyfacts.org/product/3250392066819/80-lingettes-bebe-netto,
0659525114954,Toallitas baby,Nikky,baby_0_36m,windel,ES,no,yes,no,no,,obf-category-or-name,,,,https://world.openbeautyfacts.org/product/0659525114954/toallitas-baby-nikky,
4005808861446,Baby pure & sensitive,Nivea,baby_0_36m,windel,FR,no,yes,no,no,,obf-category-or-name,,,,https://world.openbeautyfacts.org/product/4005808861446/baby-pure-sensitive-nivea,
8436029700560,AMOSELI LINGETTES BEBE x 72 unités,No Name,baby_0_36m,windel,FR,no,yes,no,no,,obf-category-or-name,,,,https://world.openbeautyfacts.org/product/8436029700560/amoseli-lingettes-bebe-x-72-unites-no-name,
7331121418447,Soft & Gentle Baby wipes,Nordic Formula,baby_0_36m,windel,SE,no,yes,no,no,,obf-category-or-name,,,,https://world.openbeautyfacts.org/product/7331121418447/soft-gentle-baby-wipes-nordic-formula,
5900095034674,Wet wipes for infants and babies,Ola baby,baby_0_36m,windel,PL,no,yes,no,no,,obf-category-or-name,,,,https://world.openbeautyfacts.org/product/5900095034674/wet-wipes-for-infants-and-babies-ola-baby,
8006530140171,Aqua soft touch,Pampers,baby_0_36m,windel,BE,no,yes,no,no,,obf-category-or-name,,,,https://world.openbeautyfacts.org/product/8006530140171/aqua-soft-touch-pampers,
8006530135269,Baby wipes,Pampers,baby_0_36m,windel,PL,no,yes,no,no,,obf-category-or-name,,,,https://world.openbeautyfacts.org/product/8006530135269/baby-wipes-pampers,
8006530116305,Baby wipes,Pampers,baby_0_36m,windel,PL,no,yes,no,no,,obf-category-or-name,,,,https://world.openbeautyfacts.org/product/8006530116305/baby-wipes-pampers,
8006540815885,Baby wipes,Pampers,baby_0_36m,windel,FR,no,yes,no,no,,obf-category-or-name,,,,https://world.openbeautyfacts.org/product/8006540815885/baby-wipes-pampers,
8001841062624,Baby wipes Pampers Sensitive,Pampers,baby_0_36m,windel,PL,no,yes,no,no,,obf-category-or-name,,,,https://world.openbeautyfacts.org/product/8001841062624/baby-wipes-pampers-sensitive,
8700216250641,Harmonie Protect & Care,Pampers,baby_0_36m,windel,FR,no,yes,no,no,,obf-category-or-name,,,,https://world.openbeautyfacts.org/product/8700216250641/harmonie-protect-care-pampers,
8001090934444,lingettes bébé,pampers,baby_0_36m,windel,FR,no,yes,no,no,,obf-category-or-name,,,,https://world.openbeautyfacts.org/product/8001090934444/lingettes-bebe-pampers,
4015400623496,Lingettes bébé New Baby Sensitive,Pampers,baby_0_36m,windel,FR,no,yes,no,no,,obf-category-or-name,,,,https://world.openbeautyfacts.org/product/4015400623496/lingettes-bebe-new-baby-sensitive-pampers,
8006530116558,Pampers 99% Water Babydoekjes,Pampers,baby_0_36m,windel,NL,no,yes,no,no,,obf-category-or-name,,,,https://world.openbeautyfacts.org/product/8006530116558/pampers-99-water-babydoekjes,
00321275,Penaten Baby Wundschutzcrème,Penaten (Johnson & Johnson),baby_0_36m,windel,DE,no,yes,no,no,,obf-category-or-name,,,,https://world.openbeautyfacts.org/product/00321275/penaten-baby-wundschutzcreme-penaten-johnson-johnson,Penaten: Markenseite Ultra Sensitiv/Sensible Haut = parfümfrei; Klassik oft parfümiert.
3250391649051,Lingettes bébé,Pomette,baby_0_36m,windel,FR,no,yes,no,no,,obf-category-or-name,,,,https://world.openbeautyfacts.org/product/3250391649051/lingettes-bebe-pomette,
3250391503544,Sensitive - lingettes imprégnées bébé,Pommette,baby_0_36m,windel,FR,no,yes,no,no,,obf-category-or-name,,,,https://world.openbeautyfacts.org/product/3250391503544/sensitive-lingettes-impregnees-bebe-pommette,
3596710520503,Lingettes bébé,Pouce,baby_0_36m,windel,FR,no,yes,no,no,,obf-category-or-name,,,,https://world.openbeautyfacts.org/product/3596710520503/lingettes-bebe-pouce,
3245678691403,Lingettes bébé,Pouce,baby_0_36m,windel,FR,no,yes,no,no,,obf-category-or-name,,,,https://world.openbeautyfacts.org/product/3245678691403/lingettes-bebe-pouce,
3596710535064,Lingettes bébé,Pouce,baby_0_36m,windel,FR,no,yes,no,no,,obf-category-or-name,,,,https://world.openbeautyfacts.org/product/3596710535064/lingettes-bebe-pouce,
3401540393640,Saforelle Bébé Liniment Oléo-Calcaire,Saforelle Bébé,baby_0_36m,windel,FR,no,yes,no,no,,obf-category-or-name,,,,https://world.openbeautyfacts.org/product/3401540393640/saforelle-bebe-liniment-oleo-calcaire,
5712873709144,Fri Baby VådServietter,Salling,baby_0_36m,windel,DK,no,yes,no,no,,obf-category-or-name,,,,https://world.openbeautyfacts.org/product/5712873709144/fri-baby-vadservietter-salling,
3560071310769,Lingettes Bébé à l'Aloe Vera,Simpl,baby_0_36m,windel,FR,no,yes,no,no,,obf-category-or-name,,,,https://world.openbeautyfacts.org/product/3560071310769/lingettes-bebe-a-l-aloe-vera-simpl,
8711868013850,Baby wipes regular,Teddy care,baby_0_36m,windel,FR,no,yes,no,no,,obf-category-or-name,,,,https://world.openbeautyfacts.org/product/8711868013850/baby-wipes-regular-teddy-care,
8711868013874,Baby Wipes Sensitive,Teddy care,baby_0_36m,windel,FR,no,yes,no,no,,obf-category-or-name,,,,https://world.openbeautyfacts.org/product/8711868013874/baby-wipes-sensitive-teddy-care,
8711868006296,natural baby wipes,teddy care,baby_0_36m,windel,FR,no,yes,no,no,,obf-category-or-name,,,,https://world.openbeautyfacts.org/product/8711868006296/natural-baby-wipes-teddy-care,
8711868004575,Lingettes bébé,TeddyCare,baby_0_36m,windel,FR,no,yes,no,no,,obf-category-or-name,,,,https://world.openbeautyfacts.org/product/8711868004575/lingettes-bebe-teddycare,
5045731103908,Plastic-free Baby Wipes,Teeny stars,baby_0_36m,windel,PL,no,yes,no,no,,obf-category-or-name,,,,https://world.openbeautyfacts.org/product/5045731103908/plastic-free-baby-wipes-teeny-stars,
20095963,Lingettes Imprégnées Pour Bébés,Toujours,baby_0_36m,windel,FR,no,yes,no,no,,obf-category-or-name,,,,https://world.openbeautyfacts.org/product/20095963/lingettes-impregnees-pour-bebes-toujours,
5907489072397,Chusteczki nawilżające dla dzieci,Tullino,baby_0_36m,windel,PL,no,yes,no,no,,obf-category-or-name,,,,https://world.openbeautyfacts.org/product/5907489072397/chusteczki-nawilżające-dla-dzieci-tullino,
5099514200209,Baby wipes,Water wipes,baby_0_36m,windel,PL,no,yes,no,no,,obf-category-or-name,,,,https://world.openbeautyfacts.org/product/5099514200209/baby-wipes-water-wipes,
5099514001486,Baby wipes,Waterwipes,baby_0_36m,windel,PL,no,yes,no,no,,obf-category-or-name,,,,https://world.openbeautyfacts.org/product/5099514001486/baby-wipes-waterwipes,
5099514005026,Baby wipes,Waterwipes,baby_0_36m,windel,PL,no,yes,no,no,,obf-category-or-name,,,,https://world.openbeautyfacts.org/product/5099514005026/baby-wipes-waterwipes,
5099514400074,Water Wipes,Waterwipes,baby_0_36m,windel,BE;PL,no,yes,no,no,,obf-category-or-name,,,,https://world.openbeautyfacts.org/product/5099514400074/water-wipes-waterwipes,
5099514400159,Waterwipes Babydoekjes,Waterwipes,baby_0_36m,windel,NL,no,yes,no,no,,obf-category-or-name,,,,https://world.openbeautyfacts.org/product/5099514400159/waterwipes-babydoekjes,
4001638088138,Weleda Baby calendula billenbalsem,Weleda,baby_0_36m,windel,NL,no,yes,no,no,,brand-line+obf,,,,https://world.openbeautyfacts.org/product/4001638088138/weleda-baby-calendula-billenbalsem,Weleda Calendula Standard oft mit Duft/ätherischen Ölen — FF nur parfümfrei-SKU.
3596206529621,Weleda Bébé Calendula - Crème pour le change,Weleda,baby_0_36m,windel,FR,no,yes,no,no,,brand-line+obf,,,,https://world.openbeautyfacts.org/product/3596206529621/weleda-bebe-calendula-creme-pour-le-change,Weleda Calendula Standard oft mit Duft/ätherischen Ölen — FF nur parfümfrei-SKU.
8711700508483,Zwitsal Baby vochtige washandjes,Zwitsal,baby_0_36m,windel,NL,no,yes,no,no,,obf-category-or-name,,,,https://world.openbeautyfacts.org/product/8711700508483/zwitsal-baby-vochtige-washandjes,
8714789406220,Tahiti Kids Cheveux et Corps,Colgate-Palmolive,kind_3_11,bad,FR,no,yes,no,no,,obf-category-or-name,,,,https://world.openbeautyfacts.org/product/8714789406220/tahiti-kids-cheveux-et-corps-colgate-palmolive,
3263855775333,Shampooing douche et bain parfum fraise,Leader Price,kind_3_11,bad,FR,no,yes,no,no,,obf-category-or-name,,,,https://world.openbeautyfacts.org/product/3263855775333/shampooing-douche-et-bain-parfum-fraise-leader-price,
3517360002577,Douche & Bain parfum Cola,Léa Nature,kind_3_11,bad,FR,no,yes,no,no,,obf-category-or-name,,,,https://world.openbeautyfacts.org/product/3517360002577/cola-lea-nature,
3564700193358,Petit Manava Fruit du dragon,Marque Repère,kind_3_11,bad,FR,no,yes,no,no,,obf-category-or-name,,,,https://world.openbeautyfacts.org/product/3564700193358/petit-manava-fruit-du-dragon-marque-repere,
3178040689510,Teraxyl junior 2 en 1,Teraxyl,kind_3_11,bad,FR,no,yes,no,no,,obf-category-or-name,,,,https://world.openbeautyfacts.org/product/3178040689510/teraxyl-junior-2-en-1-henkel,
3700376703044,Dentifraise bio,Bioseptyl,kind_3_11,creme,FR,no,yes,no,no,,obf-category-or-name,,,,https://world.openbeautyfacts.org/product/3700376703044/dentifraise-bio-bioseptyl,
8720181509803,Junior 6-13 ans arome menthe,Fluocaril,kind_3_11,creme,FR,no,yes,no,no,,obf-category-or-name,,,,https://world.openbeautyfacts.org/product/8720181509803/junior-6-13-ans-arome-menthe-fluocaril,
8001090632937,Junior 6+ Star Wars,oral-b,kind_3_11,creme,DE,no,yes,no,no,,obf-category-or-name,,,,https://world.openbeautyfacts.org/product/8001090632937/junior-6-star-wars-oral-b,
8720181501814,Protection caries longue durée,Signal,kind_3_11,creme,FR,no,yes,no,no,,obf-category-or-name,,,,https://world.openbeautyfacts.org/product/8720181501814/protection-caries-longue-duree-signal,
8717644091777,Signal Dentifrice Enfants 7+ Ans Menthe Pokémon 75ml,Signal,kind_3_11,creme,FR,no,yes,no,no,,obf-category-or-name,,,,https://world.openbeautyfacts.org/product/8717644091777/signal-dentifrice-enfants-7-ans-menthe-pokemon-75ml-unilever,
5414971009354,Shampooing à l'extrait de camomille et bleuet Extra Doux,Belgian Cosmetic Brands,kind_3_11,haar,FR,no,yes,no,no,,obf-category-or-name,,,,https://world.openbeautyfacts.org/product/5414971009354/shampooing-a-l-extrait-de-camomille-et-bleuet-extra-doux-belgian-cosmetic-brands,
3560070815470,Démêlant Sprayz,Carrefour,kind_3_11,haar,FR,no,yes,no,no,,obf-category-or-name,,,,https://world.openbeautyfacts.org/product/3560070815470/demelant-sprayz-carrefour,
3160920965005,Shampooing anti poux et lentes,Cars,kind_3_11,haar,FR,no,yes,no,no,,obf-category-or-name,,,,https://world.openbeautyfacts.org/product/3160920965005/shampooing-anti-poux-et-lentes-cars,
3222475571121,Les Tilapins de Casino - Shampooing très doux,Casino,kind_3_11,haar,FR,no,yes,no,no,,obf-category-or-name,,,,https://world.openbeautyfacts.org/product/3222475571121/les-tilapins-de-casino-shampooing-tres-doux,
3283950912594,Shampooing démêlant parfum pomme Kids bio,Cattier,kind_3_11,haar,FR,no,yes,no,no,,obf-category-or-name,,,,https://world.openbeautyfacts.org/product/3283950912594/shampooing-demelant-parfum-pomme-kids-bio-cattier,
3600550254211,Beautiful Beginnings Shampooing soin 2 en 1,Dark and Lovely,kind_3_11,haar,FR,no,yes,no,no,,obf-category-or-name,,,,https://world.openbeautyfacts.org/product/3600550254211/beautiful-beginnings-shampooing-soin-2-en-1-dark-and-lovely,
3567730300437,Shampooing 2 en 1 démêlant Fraise Grenade Lait de coton,Dermaclay Junior,kind_3_11,haar,FR,no,yes,no,no,,obf-category-or-name,,,,https://world.openbeautyfacts.org/product/3567730300437/shampooing-2-en-1-demelant-fraise-grenade-lait-de-coton-dermaclay-junior,
3160920965012,Shampooing anti poux & lentes,Disney,kind_3_11,haar,FR,no,yes,no,no,,obf-category-or-name,,,,https://world.openbeautyfacts.org/product/3160920965012/shampooing-anti-poux-lentes-disney,
3600550306774,Shampooing 3 en 1 usage quotidien,Dop,kind_3_11,haar,FR,no,yes,no,no,,obf-category-or-name,,,,https://world.openbeautyfacts.org/product/3600550306774/shampooing-3-en-1-usage-quotidien-dop,
3380390901154,Papoo Shampooing des écoles,Douce Nature,kind_3_11,haar,FR,no,yes,no,no,,obf-category-or-name,,,,https://world.openbeautyfacts.org/product/3380390901154/papoo-shampooing-des-ecoles-douce-nature,
3600541173620,Shampooing 2 en 1,Garnier,kind_3_11,haar,FR,no,yes,no,no,,obf-category-or-name,,,,https://world.openbeautyfacts.org/product/3600541173620/shampooing-2-en-1-l-oreal,
3600542525787,Ultra doux enfant 2 en 1,Garnier,kind_3_11,haar,FR,no,yes,no,no,,obf-category-or-name,,,,https://world.openbeautyfacts.org/product/3600542525787/ultra-doux-enfant-2-en-1-garnier,
8411126026966,Shampooing Enfants Extra Doux fraîcheur de cologne,Geniol,kind_3_11,haar,FR,no,yes,no,no,,obf-category-or-name,,,,https://world.openbeautyfacts.org/product/8411126026966/shampooing-enfants-extra-doux-fraicheur-de-cologne-geniol,
3250391151844,Shampooing Vanille Abricot,Labell,kind_3_11,haar,FR,no,yes,no,no,,obf-category-or-name,,,,https://world.openbeautyfacts.org/product/3250391151844/shampooing-vanille-abricot-labell,
3574661344621,Shampooing Extra Doux 2 en 1 avec de l'Abricot,Le Petit Marseillais,kind_3_11,haar,FR,no,yes,no,no,,obf-category-or-name,,,,https://world.openbeautyfacts.org/product/3574661344621/shampooing-extra-doux-2-en-1-avec-de-l-abricot-le-petit-marseillais,
3245678127322,Auchan bio dentifrice enfants 3-6 ans fraise,Auchan,kind_3_11,sonst,FR,no,yes,no,no,,obf-category-or-name,,,,https://world.openbeautyfacts.org/product/3245678127322/auchan-bio-dentifrice-enfants-3-6-ans-fraise,
8718951746558,Bluey toothpaste,colgate,kind_3_11,sonst,SE,no,yes,no,no,,obf-category-or-name,,,,https://world.openbeautyfacts.org/product/8718951746558/bluey-toothpaste-colgate,
7046110071519,Jordan Tandpasta Milde Frambozensmaak 0-5 Jaar 50 ml,Jordan,kind_3_11,sonst,NL,no,yes,no,no,,obf-category-or-name,,,,https://world.openbeautyfacts.org/product/7046110071519/jordan-tandpasta-milde-frambozensmaak-0-5-jaar-50-ml,
7046110075562,Jordan Tandpasta Milde Fruitsmaak 6-12 Jaar 50 ml,Jordan,kind_3_11,sonst,NL,no,yes,no,no,,obf-category-or-name,,,,https://world.openbeautyfacts.org/product/7046110075562/jordan-tandpasta-milde-fruitsmaak-6-12-jaar-50-ml,
7070866038342,Toothpaste pump Kids 0-5,Jordan,kind_3_11,sonst,FR,no,yes,no,no,,obf-category-or-name,,,,https://world.openbeautyfacts.org/product/7070866038342/toothpaste-pump-kids-0-5-jordan,
3564700427828,Dentamyl junior,Marque Repère,kind_3_11,sonst,FR,no,yes,no,no,,obf-category-or-name,,,,https://world.openbeautyfacts.org/product/3564700427828/dentamyl-junior-marque-repere,
8711568044048,3+ Toothpaste,Peppa Pig,kind_3_11,sonst,FR,no,yes,no,no,,obf-category-or-name,,,,https://world.openbeautyfacts.org/product/8711568044048/3-toothpaste-peppa-pig,
8720181501784,Kids toothpaste 0-6 years old,Signal,kind_3_11,sonst,FR,no,yes,no,no,,obf-category-or-name,,,,https://world.openbeautyfacts.org/product/8720181501784/kids-toothpaste-0-6-years-old-unilever,
