ean,name,brand,katalog,age_band,slot,eu_countries,flag_fragrance_free,flag_nc,flag_cf,flag_under3_intended,fragrance_basis,nc_basis,cf_basis,under3_basis,not_for_minors,spf_note,source_url,checked_at,notes,source_file
3282779309110,Aderma - Primalba Bébé Gel Lavant Douceur,,baby_kind,baby_0_36m,bad,FR,no,no,no,yes,,,,obf-category-or-name,no,,https://world.openbeautyfacts.org/product/3282779309110/aderma-primalba-bebe-gel-lavant-douceur,2026-09-04,,eu-baby-kind-katalog.csv
8002849914175,Baby dentifricio,,baby_kind,baby_0_36m,creme,IT,no,no,no,yes,,,,obf-category-or-name,no,,https://world.openbeautyfacts.org/product/8002849914175/baby-dentifricio,2026-09-04,,eu-baby-kind-katalog.csv
4305615968766,baby duschgel,,baby_kind,baby_0_36m,sonst,DE,no,no,no,yes,,,,obf-category-or-name,no,,https://world.openbeautyfacts.org/product/4305615968766/baby-duschgel,2026-09-04,,eu-baby-kind-katalog.csv
4533213040984,Baby Foot Masque Chaussette Pour Les Pieds Liberta,,baby_kind,baby_0_36m,sonst,FR,no,no,no,yes,,,,obf-category-or-name,no,,https://world.openbeautyfacts.org/product/4533213040984/baby-foot-masque-chaussette-pour-les-pieds-liberta,2026-09-04,,eu-baby-kind-katalog.csv
5310001200398,baby powder,,baby_kind,baby_0_36m,sonst,SI,no,no,no,yes,,,,obf-category-or-name,no,,https://world.openbeautyfacts.org/product/5310001200398/baby-powder,2026-09-04,,eu-baby-kind-katalog.csv
7501022103173,baby shampoo,,baby_kind,baby_0_36m,haar,ES,no,no,no,yes,,,,obf-category-or-name,no,,https://world.openbeautyfacts.org/product/7501022103173/baby-shampoo,2026-09-04,,eu-baby-kind-katalog.csv
3574661322018,Bebe,,baby_kind,baby_0_36m,sonst,DE,no,no,no,yes,,,,obf-category-or-name,no,,https://world.openbeautyfacts.org/product/3574661322018/bebe,2026-09-04,,eu-baby-kind-katalog.csv
3574661155586,Bebe classic,,baby_kind,baby_0_36m,sonst,DE,no,no,no,yes,,,,obf-category-or-name,no,,https://world.openbeautyfacts.org/product/3574661155586/bebe-classic,2026-09-04,,eu-baby-kind-katalog.csv
3574661690483,bebe Waschgel,,baby_kind,baby_0_36m,sonst,DE,no,no,no,yes,,,,obf-category-or-name,no,,https://world.openbeautyfacts.org/product/3574661690483/bebe-waschgel,2026-09-04,,eu-baby-kind-katalog.csv
00634200,bebe young care Traube Smoothie duschgel,,baby_kind,baby_0_36m,sonst,DE,no,no,no,yes,,,,obf-category-or-name,no,,https://world.openbeautyfacts.org/product/00634200/bebe-young-care-traube-smoothie-duschgel,2026-09-04,,eu-baby-kind-katalog.csv
7702661491007,colonia cero de bebe,,baby_kind,baby_0_36m,sonst,ES,no,no,no,yes,,,,obf-category-or-name,no,,https://world.openbeautyfacts.org/product/7702661491007/colonia-cero-de-bebe,2026-09-04,,eu-baby-kind-katalog.csv
3663395018141,Crème nuit bebe,,baby_kind,baby_0_36m,creme,FR,no,no,no,yes,,,,obf-category-or-name,no,,https://world.openbeautyfacts.org/product/3663395018141/creme-nuit-bebe,2026-09-04,,eu-baby-kind-katalog.csv
5010622008518,Dentifrice fluoré bébé 0-2 ans,,baby_kind,baby_0_36m,sonst,FR,no,no,no,yes,,,,obf-category-or-name,no,,https://world.openbeautyfacts.org/product/5010622008518/dentifrice-fluore-bebe-0-2-ans,2026-09-04,,eu-baby-kind-katalog.csv
8713769500293,Dermo Care L.O.L. Surprise! Bad & Douche,,baby_kind,baby_0_36m,bad,NL,no,no,no,yes,,,,obf-category-or-name,no,,https://world.openbeautyfacts.org/product/8713769500293/dermo-care-l-o-l-surprise-bad-douche,2026-09-04,,eu-baby-kind-katalog.csv
8713769500286,Dermo Care L.O.L. Surprise! Shampoo,,baby_kind,baby_0_36m,haar,NL,no,no,no,yes,,,,obf-category-or-name,no,,https://world.openbeautyfacts.org/product/8713769500286/dermo-care-l-o-l-surprise-shampoo,2026-09-04,,eu-baby-kind-katalog.csv
8713769500743,Dermo Care My Little Pony Bad & Douche,,baby_kind,baby_0_36m,bad,NL,no,no,no,yes,,,,obf-category-or-name,no,,https://world.openbeautyfacts.org/product/8713769500743/dermo-care-my-little-pony-bad-douche,2026-09-04,,eu-baby-kind-katalog.csv
8713769500729,Dermo Care My Little Pony Shampoo,,baby_kind,baby_0_36m,haar,NL,no,no,no,yes,,,,obf-category-or-name,no,,https://world.openbeautyfacts.org/product/8713769500729/dermo-care-my-little-pony-shampoo,2026-09-04,,eu-baby-kind-katalog.csv
8431876272420,esponja Bebe Dermo,,baby_kind,baby_0_36m,sonst,ES,no,no,no,yes,,,,obf-category-or-name,no,,https://world.openbeautyfacts.org/product/8431876272420/esponja-bebe-dermo,2026-09-04,,eu-baby-kind-katalog.csv
4059729447371,Essence Baby Got Blush 20 Blushin' Berry Liquid Blush,,baby_kind,baby_0_36m,sonst,NL,no,no,no,yes,,,,obf-category-or-name,no,,https://world.openbeautyfacts.org/product/4059729447371/essence-baby-got-blush-20-blushin-berry-liquid-blush,2026-09-04,,eu-baby-kind-katalog.csv
3600542520805,Garnier Ambre Solaire Kids Sensitive Expert+ SPF50+ Zonnemelk,,baby_kind,baby_0_36m,spf,NL,no,no,no,yes,,,,obf-category-or-name,no,AAP/AAD: unter 6 Monaten SPF nicht first-line,https://world.openbeautyfacts.org/product/3600542520805/garnier-ambre-solaire-kids-sensitive-expert-spf50-zonnemelk,2026-09-04,"SAFETY NOTE unter 6 Mon.: Schatten/Kleidung first-line, kein SPF-First für Neonaten in App-Copy.",eu-baby-kind-katalog.csv
3600542460439,Garnier Loving Blends Kids Abrikoos 2-in-1 Shampoo & Conditioner,,baby_kind,baby_0_36m,haar,NL,no,no,no,yes,,,,obf-category-or-name,no,,https://world.openbeautyfacts.org/product/3600542460439/garnier-loving-blends-kids-abrikoos-2-in-1-shampoo-conditioner,2026-09-04,,eu-baby-kind-katalog.csv
3600542463379,Garnier Loving Blends Kids Milde Haver 2-in-1 Shampoo & Conditioner,,baby_kind,baby_0_36m,haar,NL,no,no,no,yes,,,,obf-category-or-name,no,,https://world.openbeautyfacts.org/product/3600542463379/garnier-loving-blends-kids-milde-haver-2-in-1-shampoo-conditioner,2026-09-04,,eu-baby-kind-katalog.csv
7790010915199,Gohmso's baby shampoo,,baby_kind,baby_0_36m,haar,FR,no,no,no,yes,,,,obf-category-or-name,no,,https://world.openbeautyfacts.org/product/7790010915199/gohmso-s-baby-shampoo,2026-09-04,,eu-baby-kind-katalog.csv
3574660025415,gohnsons baby powder,,baby_kind,baby_0_36m,sonst,FR,no,no,no,yes,,,,obf-category-or-name,no,,https://world.openbeautyfacts.org/product/3574660025415/gohnsons-baby-powder,2026-09-04,,eu-baby-kind-katalog.csv
4062300445543,HiPP ULTRA HYGIENE SENSITIV BABYSANFT SIEGEL FEUCHTTÜCHER,,baby_kind,baby_0_36m,sonst,DE,no,no,no,yes,,,,obf-category-or-name,no,,https://world.openbeautyfacts.org/product/4062300445543/hipp-ultra-hygiene-sensitiv-babysanft-siegel-feuchttucher,2026-09-04,,eu-baby-kind-katalog.csv
4262401739750,Jean &Len OHNE GEDØNS* Sensitiver Sofortschutz für sehr empfindliche Haut BABY& KIDS NNE 50+ — E,,baby_kind,baby_0_36m,sonst,DE,no,no,no,yes,,,,obf-category-or-name,no,,https://world.openbeautyfacts.org/product/4262401739750/jean-len-ohne-gedøns-sensitiver-sofortschutz-fur-sehr-empfindliche-haut-baby-kids-nne-50-e,2026-09-04,,eu-baby-kind-katalog.csv
3574669908535,John's,,baby_kind,baby_0_36m,bad,DK,no,no,no,yes,,,,obf-category-or-name,no,,https://world.openbeautyfacts.org/product/3574669908535/john-s,2026-09-04,,eu-baby-kind-katalog.csv
8410207116008,johnson's baby,,baby_kind,baby_0_36m,sonst,ES,no,no,no,yes,,,,obf-category-or-name,no,,https://world.openbeautyfacts.org/product/8410207116008/johnson-s-baby,2026-09-04,,eu-baby-kind-katalog.csv
3574660420951,Johnson's baby lotion,,baby_kind,baby_0_36m,creme,NL,no,no,no,yes,,,,obf-category-or-name,no,,https://world.openbeautyfacts.org/product/3574660420951/johnson-s-baby-lotion,2026-09-04,,eu-baby-kind-katalog.csv
3574661172484,JOHNSONS Baby Bath 500ml,,baby_kind,baby_0_36m,bad,CY,no,no,no,yes,,,,obf-category-or-name,no,,https://world.openbeautyfacts.org/product/3574661172484/johnsons-baby-bath-500ml,2026-09-04,,eu-baby-kind-katalog.csv
3574660711929,JOHNSONS Baby Conditioner 500ml,,baby_kind,baby_0_36m,sonst,CY,no,no,no,yes,,,,obf-category-or-name,no,,https://world.openbeautyfacts.org/product/3574660711929/johnsons-baby-conditioner-500ml,2026-09-04,,eu-baby-kind-katalog.csv
3574661069456,johnsons baby shampo,,baby_kind,baby_0_36m,haar,FR,no,no,no,yes,,,,obf-category-or-name,no,,https://world.openbeautyfacts.org/product/3574661069456/johnsons-baby-shampo,2026-09-04,,eu-baby-kind-katalog.csv
3574660500837,JOHNSONS Baby Shampoo 300ml,,baby_kind,baby_0_36m,haar,CY,no,no,no,yes,,,,obf-category-or-name,no,,https://world.openbeautyfacts.org/product/3574660500837/johnsons-baby-shampoo-300ml,2026-09-04,,eu-baby-kind-katalog.csv
8717333639174,Kruidvat Mama Protection Kraamverband,,baby_kind,baby_0_36m,sonst,NL,no,no,no,yes,,,,obf-category-or-name,no,,https://world.openbeautyfacts.org/product/8717333639174/kruidvat-mama-protection-kraamverband,2026-09-04,,eu-baby-kind-katalog.csv
4021457612956,Lavera Baby u. Kinder Pflegecreme,,baby_kind,baby_0_36m,creme,FR;DE,no,no,no,yes,,,,obf-category-or-name,no,,https://world.openbeautyfacts.org/product/4021457612956/lavera-baby-u-kinder-pflegecreme,2026-09-04,,eu-baby-kind-katalog.csv
4021457604975,Lavera Baby u. Kinder Windschutzcreme,,baby_kind,baby_0_36m,creme,FR;DE,no,no,no,yes,,,,obf-category-or-name,no,,https://world.openbeautyfacts.org/product/4021457604975/lavera-baby-u-kinder-windschutzcreme,2026-09-04,,eu-baby-kind-katalog.csv
3564700386941,"Lingettes Bébé Mots D'enfants, Sensitives Recharge x63",,baby_kind,baby_0_36m,windel,FR,no,no,no,yes,,,,obf-category-or-name,no,,https://world.openbeautyfacts.org/product/3564700386941/lingettes-bebe-mots-d-enfants-sensitives-recharge-x63,2026-09-04,,eu-baby-kind-katalog.csv
3283950920766,Lingettes nettoyantes bebe,,baby_kind,baby_0_36m,windel,FR,no,no,no,yes,,,,obf-category-or-name,no,,https://world.openbeautyfacts.org/product/3283950920766/lingettes-nettoyantes-bebe,2026-09-04,,eu-baby-kind-katalog.csv
8594008876573,Linteo Baby,,baby_kind,baby_0_36m,sonst,DE,no,no,no,yes,,,,obf-category-or-name,no,,https://world.openbeautyfacts.org/product/8594008876573/linteo-baby,2026-09-04,,eu-baby-kind-katalog.csv
4770001003008,margarita baby,,baby_kind,baby_0_36m,sonst,LT,no,no,no,yes,,,,obf-category-or-name,no,,https://world.openbeautyfacts.org/product/4770001003008/margarita-baby,2026-09-04,,eu-baby-kind-katalog.csv
6135150000373,Maxi bébé,,baby_kind,baby_0_36m,sonst,FR,no,no,no,yes,,,,obf-category-or-name,no,,https://world.openbeautyfacts.org/product/6135150000373/maxi-bebe,2026-09-04,,eu-baby-kind-katalog.csv
30146754,Maybelline New York SuperStay Teddy Tint 25 Baby Tee Lippenstift,,baby_kind,baby_0_36m,sonst,NL,no,no,no,yes,,,,obf-category-or-name,no,,https://world.openbeautyfacts.org/product/30146754/maybelline-new-york-superstay-teddy-tint-25-baby-tee-lippenstift,2026-09-04,,eu-baby-kind-katalog.csv
8721008611044,NAIF 100 ml BABY & KIND Mineralische Sonnencreme 50: HOHER SCHUTZ 0% PARFÜM,,baby_kind,baby_0_36m,spf,DE,no,no,no,yes,,,,obf-category-or-name,no,AAP/AAD: unter 6 Monaten SPF nicht first-line,https://world.openbeautyfacts.org/product/8721008611044/naif-100-ml-baby-kind-mineralische-sonnencreme-50-hoher-schutz-0-parfum,2026-09-04,"SAFETY NOTE unter 6 Mon.: Schatten/Kleidung first-line, kein SPF-First für Neonaten in App-Copy.",eu-baby-kind-katalog.csv
8721008611075,Naïf BABY & KIND Mineralische Sonnencreme 50 HOHER SCHUTZ 0% PARFÜM,,baby_kind,baby_0_36m,spf,DE,no,no,no,yes,,,,obf-category-or-name,no,AAP/AAD: unter 6 Monaten SPF nicht first-line,https://world.openbeautyfacts.org/product/8721008611075/naif-baby-kind-mineralische-sonnencreme-50-hoher-schutz-0-parfum,2026-09-04,"SAFETY NOTE unter 6 Mon.: Schatten/Kleidung first-line, kein SPF-First für Neonaten in App-Copy.",eu-baby-kind-katalog.csv
8720181537851,"Neutral 0% Baby Bath, Wash & Shampoo",,baby_kind,baby_0_36m,bad,NL,no,no,no,yes,,,,obf-category-or-name,no,,https://world.openbeautyfacts.org/product/8720181537851/neutral-0-baby-bath-wash-shampoo,2026-09-04,,eu-baby-kind-katalog.csv
4005900190369,nivea baby,,baby_kind,baby_0_36m,creme,IT,no,no,no,yes,,,,obf-category-or-name,no,,https://world.openbeautyfacts.org/product/4005900190369/nivea-baby,2026-09-04,,eu-baby-kind-katalog.csv
7501044205381,olormax talco hipoalergenico baby,,baby_kind,baby_0_36m,sonst,ES,no,no,no,yes,,,,obf-category-or-name,no,,https://world.openbeautyfacts.org/product/7501044205381/olormax-talco-hipoalergenico-baby,2026-09-04,,eu-baby-kind-katalog.csv
3574660520286,Penaten Baby Bad&Shampoo,,baby_kind,baby_0_36m,haar,FR;DE,no,no,no,yes,,,,obf-category-or-name,no,,https://world.openbeautyfacts.org/product/3574660520286/penaten-baby-bad-shampoo,2026-09-04,,eu-baby-kind-katalog.csv
3574661790442,petite marseillais,,baby_kind,baby_0_36m,haar,DE,no,no,no,yes,,,,obf-category-or-name,no,,https://world.openbeautyfacts.org/product/3574661790442/petite-marseillais,2026-09-04,,eu-baby-kind-katalog.csv
8011502005747,Salviettine Baby Laura Baumer Ricar.72 PZ.,,baby_kind,baby_0_36m,creme,FR,no,no,no,yes,,,,obf-category-or-name,no,,https://world.openbeautyfacts.org/product/8011502005747/salviettine-baby-laura-baumer-ricar-72-pz,2026-09-04,,eu-baby-kind-katalog.csv
5410091778606,Schwarzkopf Kids Shampoo & Conditioner,,baby_kind,baby_0_36m,haar,NL,no,no,no,yes,,,,obf-category-or-name,no,,https://world.openbeautyfacts.org/product/5410091778606/schwarzkopf-kids-shampoo-conditioner,2026-09-04,,eu-baby-kind-katalog.csv
5410091778620,Schwarzkopf Kids Shampoo & Douchegel,,baby_kind,baby_0_36m,bad,NL,no,no,no,yes,,,,obf-category-or-name,no,,https://world.openbeautyfacts.org/product/5410091778620/schwarzkopf-kids-shampoo-douchegel,2026-09-04,,eu-baby-kind-katalog.csv
4820023360075,Seife baby,,baby_kind,baby_0_36m,sonst,DE,no,no,no,yes,,,,obf-category-or-name,no,,https://world.openbeautyfacts.org/product/4820023360075/seife-baby,2026-09-04,,eu-baby-kind-katalog.csv
7702277074663,shampoo bebe cuidado,,baby_kind,baby_0_36m,haar,ES,no,no,no,yes,,,,obf-category-or-name,no,,https://world.openbeautyfacts.org/product/7702277074663/shampoo-bebe-cuidado,2026-09-04,,eu-baby-kind-katalog.csv
8711218979102,Sudocrem Multi-Expert Zinkzalf,,baby_kind,baby_0_36m,creme,NL,no,no,no,yes,,,,obf-category-or-name,no,,https://world.openbeautyfacts.org/product/8711218979102/sudocrem-multi-expert-zinkzalf,2026-09-04,,eu-baby-kind-katalog.csv
8711218979133,Sudocrem Multi-Expert Zinkzalf,,baby_kind,baby_0_36m,creme,NL,no,no,no,yes,,,,obf-category-or-name,no,,https://world.openbeautyfacts.org/product/8711218979133/sudocrem-multi-expert-zinkzalf,2026-09-04,,eu-baby-kind-katalog.csv
5099514000212,Waterwipes Baby Wipes 60,A-Derma,baby_kind,baby_0_36m,windel,FR,no,no,no,yes,,,,obf-category-or-name,no,,https://world.openbeautyfacts.org/product/5099514000212/waterwipes-baby-wipes-60-a-derma,2026-09-04,,eu-baby-kind-katalog.csv
3700343045054,Liniment Apaisant,Acorelle Bébé,baby_kind,baby_0_36m,windel,FR,no,no,no,yes,,,,obf-category-or-name,no,,https://world.openbeautyfacts.org/product/3700343045054/liniment-apaisant-acorelle-bebe,2026-09-04,,eu-baby-kind-katalog.csv
3700343046082,Crème solaire bébé spf 50+,Acroelle,baby_kind,baby_0_36m,spf,FR,no,no,no,yes,,,,obf-category-or-name,no,AAP/AAD: unter 6 Monaten SPF nicht first-line,https://world.openbeautyfacts.org/product/3700343046082/creme-solaire-bebe-spf-50-acroelle,2026-09-04,"SAFETY NOTE unter 6 Mon.: Schatten/Kleidung first-line, kein SPF-First für Neonaten in App-Copy.",eu-baby-kind-katalog.csv
8711868004773,Lingettes bébé sensitive,Action,baby_kind,baby_0_36m,windel,FR,no,no,no,yes,,,,obf-category-or-name,no,,https://world.openbeautyfacts.org/product/8711868004773/lingettes-bebe-sensitive-action,2026-09-04,,eu-baby-kind-katalog.csv
3760075070045,Alphanova Bébé Eau Nettoyante,Alphanova,baby_kind,baby_0_36m,reiniger,FR,no,no,no,yes,,,,obf-category-or-name,no,,https://world.openbeautyfacts.org/product/3760075070045/alphanova-bebe-eau-nettoyante,2026-09-04,,eu-baby-kind-katalog.csv
3760075070878,spray solaire haute protection 50 bebe,alphanova,baby_kind,baby_0_36m,spf,FR,no,no,no,yes,,,,obf-category-or-name,no,AAP/AAD: unter 6 Monaten SPF nicht first-line,https://world.openbeautyfacts.org/product/3760075070878/spray-solaire-haute-protection-50-bebe-alphanova,2026-09-04,"SAFETY NOTE unter 6 Mon.: Schatten/Kleidung first-line, kein SPF-First für Neonaten in App-Copy.",eu-baby-kind-katalog.csv
3760075070694,Bio-Liniment,Alphanova Bébé,baby_kind,baby_0_36m,windel,FR,no,no,no,yes,,,,obf-category-or-name,no,,https://world.openbeautyfacts.org/product/3760075070694/bio-liniment-alphanova-bebe,2026-09-04,,eu-baby-kind-katalog.csv
3760075070014,Lait solaire,Alphanova bébé,baby_kind,baby_0_36m,spf,FR,no,no,no,yes,,,,obf-category-or-name,no,AAP/AAD: unter 6 Monaten SPF nicht first-line,https://world.openbeautyfacts.org/product/3760075070014/lait-solaire-alphanova-bebe,2026-09-04,"SAFETY NOTE unter 6 Mon.: Schatten/Kleidung first-line, kein SPF-First für Neonaten in App-Copy.",eu-baby-kind-katalog.csv
3760075074227,Spray solaire bébé 100 % naturel* haute protection - 50 sensible,Alphanova Sun,baby_kind,baby_0_36m,spf,FR,yes,no,no,yes,obf-label,,,obf-category-or-name,no,AAP/AAD: unter 6 Monaten SPF nicht first-line,https://world.openbeautyfacts.org/product/3760075074227/spray-solaire-bebe-100-naturel-haute-protection-50-sensible-alphanova-sun,2026-09-04,"SAFETY NOTE unter 6 Mon.: Schatten/Kleidung first-line, kein SPF-First für Neonaten in App-Copy.",eu-baby-kind-katalog.csv
4066447524062,Alverde Baby njrgujuća kupka,Alverde,baby_kind,baby_0_36m,bad,HR,no,no,no,yes,,,,obf-category-or-name,no,,https://world.openbeautyfacts.org/product/4066447524062/alverde-baby-njrgujuća-kupka,2026-09-04,,eu-baby-kind-katalog.csv
8001090603296,Lingettes,Aqua,baby_kind,baby_0_36m,windel,FR;DE,no,no,no,yes,,,,obf-category-or-name,no,,https://world.openbeautyfacts.org/product/8001090603296/lingettes-aqua,2026-09-04,,eu-baby-kind-katalog.csv
8029408103412,Baby gel de baño,Aqua Farma,baby_kind,baby_0_36m,sonst,ES,no,no,no,yes,,,,obf-category-or-name,no,,https://world.openbeautyfacts.org/product/8029408103412/baby-gel-de-bano-aqua-farma,2026-09-04,,eu-baby-kind-katalog.csv
8001841119946,Baby Ariel,Ariel,baby_kind,baby_0_36m,sonst,AT,no,no,no,yes,,,,obf-category-or-name,no,,https://world.openbeautyfacts.org/product/8001841119946/baby-ariel,2026-09-04,,eu-baby-kind-katalog.csv
8411582230549,Suavizante hipoalergénico baby,Asevi,baby_kind,baby_0_36m,sonst,ES,no,no,no,yes,,,,obf-category-or-name,no,,https://world.openbeautyfacts.org/product/8411582230549/suavizante-hipoalergenico-baby-asevi,2026-09-04,,eu-baby-kind-katalog.csv
3596710394111,Auchan Baby Liniment oléo calcaire,Auchan,baby_kind,baby_0_36m,windel,FR,no,no,no,yes,,,,obf-category-or-name,no,,https://world.openbeautyfacts.org/product/3596710394111/auchan-baby-liniment-oleo-calcaire,2026-09-04,,eu-baby-kind-katalog.csv
3245678127322,Auchan bio dentifrice enfants 3-6 ans fraise,Auchan,baby_kind,kind_3_11,sonst,FR,no,no,no,no,,,,kinderprodukt-ab-3-jahren,no,,https://world.openbeautyfacts.org/product/3245678127322/auchan-bio-dentifrice-enfants-3-6-ans-fraise,2026-09-04,,eu-baby-kind-katalog.csv
3596710421138,Gel gingival première dent,Auchan,baby_kind,baby_0_36m,sonst,FR,no,no,no,yes,,,,obf-category-or-name,no,,https://world.openbeautyfacts.org/product/3596710421138/gel-gingival-premiere-dent-auchan,2026-09-04,,eu-baby-kind-katalog.csv
3596710313389,Gel lavant corps & cheveux Camomille,Auchan,baby_kind,baby_0_36m,bad,FR,no,no,no,yes,,,,obf-category-or-name,no,,https://world.openbeautyfacts.org/product/3596710313389/gel-lavant-corps-cheveux-camomille-auchan,2026-09-04,,eu-baby-kind-katalog.csv
3245678704332,Gel lavant corps et cheveux aux extraits de calendula et de camomille,Auchan,baby_kind,baby_0_36m,bad,FR,no,no,no,yes,,,,obf-category-or-name,no,,https://world.openbeautyfacts.org/product/3245678704332/gel-lavant-corps-et-cheveux-aux-extraits-de-calendula-et-de-camomille-auchan,2026-09-04,,eu-baby-kind-katalog.csv
3596710368280,Lait de toilette baby camomille,Auchan,baby_kind,baby_0_36m,reiniger,FR,no,no,no,yes,,,,obf-category-or-name,no,,https://world.openbeautyfacts.org/product/3596710368280/lait-de-toilette-baby-camomille-auchan,2026-09-04,,eu-baby-kind-katalog.csv
3596710327720,Lingettes débarbouillantes sans rinçage parfum fruité,Auchan,baby_kind,baby_0_36m,windel,FR,no,no,no,yes,,,,obf-category-or-name,no,,https://world.openbeautyfacts.org/product/3596710327720/lingettes-debarbouillantes-sans-rincage-parfum-fruite-auchan,2026-09-04,,eu-baby-kind-katalog.csv
3245678691458,Lingettes sensitives à l'extrait de camomille,Auchan,baby_kind,baby_0_36m,windel,FR,no,no,no,yes,,,,obf-category-or-name,no,,https://world.openbeautyfacts.org/product/3245678691458/lingettes-sensitives-a-l-extrait-de-camomille-auchan,2026-09-04,,eu-baby-kind-katalog.csv
3596710313419,Shampooing très doux,Auchan,baby_kind,baby_0_36m,haar,FR,no,no,no,yes,,,,obf-category-or-name,no,,https://world.openbeautyfacts.org/product/3596710313419/shampooing-tres-doux-auchan,2026-09-04,,eu-baby-kind-katalog.csv
3596710313891,Talc baby peaux délicates,Auchan,baby_kind,baby_0_36m,sonst,FR,no,no,no,yes,,,,obf-category-or-name,no,,https://world.openbeautyfacts.org/product/3596710313891/talc-baby-peaux-delicates-auchan,2026-09-04,,eu-baby-kind-katalog.csv
3596710329571,Auchan Batonnets Baby X50,Auchan Baby,baby_kind,baby_0_36m,sonst,FR,no,no,no,yes,,,,obf-category-or-name,no,,https://world.openbeautyfacts.org/product/3596710329571/auchan-batonnets-baby-x50-auchan-baby,2026-09-04,,eu-baby-kind-katalog.csv
3596710519507,Carrés à langer x10,Auchan Baby,baby_kind,baby_0_36m,creme,FR,no,no,no,yes,,,,obf-category-or-name,no,,https://world.openbeautyfacts.org/product/3596710519507/carres-a-langer-x10-auchan-baby,2026-09-04,,eu-baby-kind-katalog.csv
3245678704400,Eau nettoyante,Auchan Baby,baby_kind,baby_0_36m,reiniger,FR,no,no,no,yes,,,,obf-category-or-name,no,,https://world.openbeautyfacts.org/product/3245678704400/eau-nettoyante-auchan-baby,2026-09-04,,eu-baby-kind-katalog.csv
3596710510979,Eau nettoyante visage et corps à l'extrait de calendula,Auchan Baby,baby_kind,baby_0_36m,reiniger,FR,no,no,no,yes,,,,obf-category-or-name,no,,https://world.openbeautyfacts.org/product/3596710510979/eau-nettoyante-visage-et-corps-a-l-extrait-de-calendula-auchan-baby,2026-09-04,,eu-baby-kind-katalog.csv
3596710421084,Gant de toilette jetable,Auchan Baby,baby_kind,baby_0_36m,creme,FR,no,no,no,yes,,,,obf-category-or-name,no,,https://world.openbeautyfacts.org/product/3596710421084/gant-de-toilette-jetable-auchan-baby,2026-09-04,,eu-baby-kind-katalog.csv
3596710520558,Lingettes,Auchan Baby,baby_kind,baby_0_36m,windel,FR,no,no,no,yes,,,,obf-category-or-name,no,,https://world.openbeautyfacts.org/product/3596710520558/lingettes-auchan-baby,2026-09-04,,eu-baby-kind-katalog.csv
3596710520510,Lingettes fraîcheur,Auchan Baby,baby_kind,baby_0_36m,windel,FR,no,no,no,yes,,,,obf-category-or-name,no,,https://world.openbeautyfacts.org/product/3596710520510/lingettes-fraicheur-auchan-baby,2026-09-04,,eu-baby-kind-katalog.csv
3596710520527,Lingettes fraîcheur,Auchan Baby,baby_kind,baby_0_36m,windel,FR,no,no,no,yes,,,,obf-category-or-name,no,,https://world.openbeautyfacts.org/product/3596710520527/lingettes-fraicheur-auchan-baby,2026-09-04,,eu-baby-kind-katalog.csv
3596710535286,Lingettes fraîcheur,Auchan Baby,baby_kind,baby_0_36m,windel,FR,no,no,no,yes,,,,obf-category-or-name,no,,https://world.openbeautyfacts.org/product/3596710535286/lingettes-fraicheur-auchan-baby,2026-09-04,,eu-baby-kind-katalog.csv
3596710535293,Lingettes fraîcheur,Auchan Baby,baby_kind,baby_0_36m,windel,FR,no,no,no,yes,,,,obf-category-or-name,no,,https://world.openbeautyfacts.org/product/3596710535293/lingettes-fraicheur-auchan-baby,2026-09-04,,eu-baby-kind-katalog.csv
3596710520534,Lingettes sensitives,Auchan Baby,baby_kind,baby_0_36m,windel,FR,no,no,no,yes,,,,obf-category-or-name,no,,https://world.openbeautyfacts.org/product/3596710520534/lingettes-sensitives-auchan-baby,2026-09-04,,eu-baby-kind-katalog.csv
3596710520541,Lingettes sensitives,Auchan Baby,baby_kind,baby_0_36m,windel,FR,no,no,no,yes,,,,obf-category-or-name,no,,https://world.openbeautyfacts.org/product/3596710520541/lingettes-sensitives-auchan-baby,2026-09-04,,eu-baby-kind-katalog.csv
3596710520572,Lingettes visage et mains,Auchan Baby,baby_kind,baby_0_36m,windel,FR,no,no,no,yes,,,,obf-category-or-name,no,,https://world.openbeautyfacts.org/product/3596710520572/lingettes-visage-et-mains-auchan-baby,2026-09-04,,eu-baby-kind-katalog.csv
3596710520565,Lingettes à l'eau,Auchan Baby,baby_kind,baby_0_36m,windel,FR,no,no,no,yes,,,,obf-category-or-name,no,,https://world.openbeautyfacts.org/product/3596710520565/lingettes-a-l-eau-auchan-baby,2026-09-04,,eu-baby-kind-katalog.csv
3596710532933,Lingettes à l'eau,Auchan Baby,baby_kind,baby_0_36m,windel,FR,no,no,no,yes,,,,obf-category-or-name,no,,https://world.openbeautyfacts.org/product/3596710532933/lingettes-a-l-eau-auchan-baby,2026-09-04,,eu-baby-kind-katalog.csv
3245678041314,Auchan baby cosmos bio - eau nettoyante micellaire - sans rincage visage et corps - bébé - 492 ml,Auchan Baby Bio,baby_kind,baby_0_36m,reiniger,FR,no,no,no,yes,,,,obf-category-or-name,no,,https://world.openbeautyfacts.org/product/3245678041314/auchan-baby-cosmos-bio-eau-nettoyante-micellaire-sans-rincage-visage-et-corps-bebe-492-ml-auchan-baby-bio,2026-09-04,,eu-baby-kind-katalog.csv
3245678041284,Crème hydratante visage et corps à l'extrait de calendula bio,Auchan Baby Bio,baby_kind,baby_0_36m,creme,FR,no,no,no,yes,,,,obf-category-or-name,no,,https://world.openbeautyfacts.org/product/3245678041284/creme-hydratante-visage-et-corps-a-l-extrait-de-calendula-bio-auchan-baby-bio,2026-09-04,,eu-baby-kind-katalog.csv
3245678041277,Gel lavant doux corps et cheveux à l'extrait d'aloe vera bio,Auchan Baby Bio,baby_kind,baby_0_36m,bad,FR,no,no,no,yes,,,,obf-category-or-name,no,,https://world.openbeautyfacts.org/product/3245678041277/gel-lavant-doux-corps-et-cheveux-a-l-extrait-d-aloe-vera-bio-auchan-baby-bio,2026-09-04,,eu-baby-kind-katalog.csv
3596710520589,Lingettes nettoyantes,Auchan Baby Bio,baby_kind,baby_0_36m,windel,FR,no,no,no,yes,,,,obf-category-or-name,no,,https://world.openbeautyfacts.org/product/3596710520589/lingettes-nettoyantes-auchan-baby-bio,2026-09-04,,eu-baby-kind-katalog.csv
3245678041291,Liniment oléo calcaire à l'huile d'olive vierge bio,Auchan Baby Bio,baby_kind,baby_0_36m,windel,FR,no,no,no,yes,,,,obf-category-or-name,no,,https://world.openbeautyfacts.org/product/3245678041291/liniment-oleo-calcaire-a-l-huile-d-olive-vierge-bio-auchan-baby-bio,2026-09-04,,eu-baby-kind-katalog.csv
3574661478067,Aveeno baby,Aveeno,baby_kind,baby_0_36m,windel,IT,no,no,no,yes,,,,obf-category-or-name,no,,https://world.openbeautyfacts.org/product/3574661478067/aveeno-baby,2026-09-04,,eu-baby-kind-katalog.csv
0381371019410,daily moisture lotion,Aveeno baby,baby_kind,baby_0_36m,creme,DE,no,no,no,yes,,,,obf-category-or-name,no,,https://world.openbeautyfacts.org/product/0381371019410/daily-moisture-lotion-aveeno-baby,2026-09-04,,eu-baby-kind-katalog.csv
3282779300551,Crème au Cold Cream Avène Pédiatril,Avène Eau Thermale,baby_kind,baby_0_36m,creme,FR,yes,no,no,yes,brand-page,,,brand-page+obf,no,,https://www.eau-thermale-avene.de/alle-produktfamilien/babypflege,2026-09-04,Avène Babypflege-Charter: Hygiene parfüm-/seifenfrei (DE Markenseite).,eu-baby-kind-katalog.csv
3282770074307,Crème Hydratante Avène Pédiatril Sterile Cosmetics,Avène Eau Thermale,baby_kind,baby_0_36m,creme,FR,yes,no,no,yes,brand-page,,,brand-page+obf,no,,https://www.eau-thermale-avene.de/alle-produktfamilien/babypflege,2026-09-04,Avène Babypflege-Charter: Hygiene parfüm-/seifenfrei (DE Markenseite).,eu-baby-kind-katalog.csv
8014002000748,Toallitas bebé,Baby Lindo,baby_kind,baby_0_36m,windel,ES,no,no,no,yes,,,,obf-category-or-name,no,,https://world.openbeautyfacts.org/product/8014002000748/toallitas-bebe-baby-lindo,2026-09-04,,eu-baby-kind-katalog.csv
4066447579628,Sonnencreme,baby love,baby_kind,baby_0_36m,spf,DE,no,no,no,yes,,,,obf-category-or-name,no,AAP/AAD: unter 6 Monaten SPF nicht first-line,https://world.openbeautyfacts.org/product/4066447579628/sonnencreme-baby-love,2026-09-04,"SAFETY NOTE unter 6 Mon.: Schatten/Kleidung first-line, kein SPF-First für Neonaten in App-Copy.",eu-baby-kind-katalog.csv
5391510478072,Baby Pure Moisturising Lotion,Baby Pure,baby_kind,baby_0_36m,creme,IE,no,no,no,yes,,,,obf-category-or-name,no,,https://world.openbeautyfacts.org/product/5391510478072/baby-pure-moisturising-lotion,2026-09-04,,eu-baby-kind-katalog.csv
5903111218423,Silk soft baby wipes,Baby Wipes,baby_kind,baby_0_36m,windel,FR,no,no,no,yes,,,,obf-category-or-name,no,,https://world.openbeautyfacts.org/product/5903111218423/silk-soft-baby-wipes,2026-09-04,,eu-baby-kind-katalog.csv
4068134128843,Baby wipes,Babydream,baby_kind,baby_0_36m,windel,PL,no,no,no,yes,,,,obf-category-or-name,no,,https://world.openbeautyfacts.org/product/4068134128843/baby-wipes-babydream,2026-09-04,,eu-baby-kind-katalog.csv
4305615745022,Baby wipes,Babydream,baby_kind,baby_0_36m,windel,PL,no,no,no,yes,,,,obf-category-or-name,no,,https://world.openbeautyfacts.org/product/4305615745022/baby-wipes-babydream,2026-09-04,,eu-baby-kind-katalog.csv
4305615544014,Babydream extra sensitiv Feuchttücher,Babydream,baby_kind,baby_0_36m,windel,DE,no,no,no,yes,,,,obf-category-or-name,no,,https://world.openbeautyfacts.org/product/4305615544014/babydream-extra-sensitiv-feuchttucher,2026-09-04,,eu-baby-kind-katalog.csv
4047196066232,Powder with jojoba oil & alantoin,Babydream,baby_kind,baby_0_36m,creme,PL,no,no,no,yes,,,,obf-category-or-name,no,,https://world.openbeautyfacts.org/product/4047196066232/powder-with-jojoba-oil-alantoin-babydream,2026-09-04,,eu-baby-kind-katalog.csv
4047196052631,Szampon do włosów,Babydream,baby_kind,baby_0_36m,haar,PL,no,no,no,yes,,,,obf-category-or-name,no,,https://world.openbeautyfacts.org/product/4047196052631/szampon-do-włosow-babydream,2026-09-04,,eu-baby-kind-katalog.csv
4068134030948,Wind- und Wetterbalsam,Babydream,baby_kind,baby_0_36m,creme,DE,no,no,no,yes,,,,obf-category-or-name,no,,https://world.openbeautyfacts.org/product/4068134030948/wind-und-wetterbalsam-babydream,2026-09-04,,eu-baby-kind-katalog.csv
3760319342822,Lait solaire bébés & enfants SPF50+,Babytika,baby_kind,baby_0_36m,spf,FR,no,no,no,yes,,,,obf-category-or-name,no,AAP/AAD: unter 6 Monaten SPF nicht first-line,https://world.openbeautyfacts.org/product/3760319342822/lait-solaire-bebes-enfants-spf50-babytika,2026-09-04,"SAFETY NOTE unter 6 Mon.: Schatten/Kleidung first-line, kein SPF-First für Neonaten in App-Copy.",eu-baby-kind-katalog.csv
3760319342839,Pinceau solaire bébés & enfants SPF50+,Babytika,baby_kind,baby_0_36m,spf,FR,no,no,no,yes,,,,obf-category-or-name,no,AAP/AAD: unter 6 Monaten SPF nicht first-line,https://world.openbeautyfacts.org/product/3760319342839/pinceau-solaire-bebes-enfants-spf50-babytika,2026-09-04,"SAFETY NOTE unter 6 Mon.: Schatten/Kleidung first-line, kein SPF-First für Neonaten in App-Copy.",eu-baby-kind-katalog.csv
4066447710281,Duschgel Baby,balea,baby_kind,baby_0_36m,sonst,DE,no,no,no,yes,,,,obf-category-or-name,no,,https://world.openbeautyfacts.org/product/4066447710281/duschgel-baby-balea,2026-09-04,,eu-baby-kind-katalog.csv
5900057010166,Shampoo for children,Bambi,baby_kind,baby_0_36m,haar,PL,no,no,no,yes,,,,obf-category-or-name,no,,https://world.openbeautyfacts.org/product/5900057010166/shampoo-for-children-bambi,2026-09-04,,eu-baby-kind-katalog.csv
5900017095332,Baby wipes,Bambino,baby_kind,baby_0_36m,windel,PL,no,no,no,yes,,,,obf-category-or-name,no,,https://world.openbeautyfacts.org/product/5900017095332/baby-wipes-bambino,2026-09-04,,eu-baby-kind-katalog.csv
5900017097961,Oliwka hipoalergiczna,Bambino,baby_kind,baby_0_36m,creme,PL,no,no,no,yes,,,,obf-category-or-name,no,,https://world.openbeautyfacts.org/product/5900017097961/oliwka-hipoalergiczna-bambino,2026-09-04,,eu-baby-kind-katalog.csv
4270002383401,Baby Lotion,Baybies Pure Green Cosmetics,baby_kind,baby_0_36m,creme,DE,no,no,no,yes,,,,obf-category-or-name,no,,https://world.openbeautyfacts.org/product/4270002383401/baby-lotion-baybies-pure-green-cosmetics,2026-09-04,,eu-baby-kind-katalog.csv
4064273150059,Bepanthen cream,Bayer,baby_kind,baby_0_36m,creme,PL,no,no,no,yes,,,,obf-category-or-name,no,,https://world.openbeautyfacts.org/product/4064273150059/bepanthen-cream-bayer,2026-09-04,,eu-baby-kind-katalog.csv
3400935940179,Bepanthen Pommade,Bayer,baby_kind,baby_0_36m,sonst,FR,no,no,no,yes,,,,obf-category-or-name,no,,https://world.openbeautyfacts.org/product/3400935940179/bepanthen-pommade-bayer,2026-09-04,,eu-baby-kind-katalog.csv
3401562576519,Bepanthen Protect,Bayer,baby_kind,baby_0_36m,windel,FR,no,no,no,yes,,,,obf-category-or-name,no,,https://world.openbeautyfacts.org/product/3401562576519/bepanthen-protect-bayer,2026-09-04,,eu-baby-kind-katalog.csv
3574660401523,3in1 shake and clean augen make-up entferner lotion,bebe,baby_kind,baby_0_36m,creme,DE,no,no,no,yes,,,,obf-category-or-name,no,,https://world.openbeautyfacts.org/product/3574660401523/3in1-shake-and-clean-augen-make-up-entferner-lotion-bebe,2026-09-04,,eu-baby-kind-katalog.csv
3574661407227,bebe 5in1 Erfrischende Reinigungstücher,bebe,baby_kind,baby_0_36m,sonst,AT;DE,no,no,no,yes,,,,obf-category-or-name,no,,https://world.openbeautyfacts.org/product/3574661407227/bebe-5in1-erfrischende-reinigungstucher,2026-09-04,,eu-baby-kind-katalog.csv
3574661340623,bebe Lupenrein,bebe,baby_kind,baby_0_36m,sonst,DE,no,no,no,yes,,,,obf-category-or-name,no,,https://world.openbeautyfacts.org/product/3574661340623/bebe-lupenrein,2026-09-04,,eu-baby-kind-katalog.csv
3574661384344,bebe Vollgeschmeidig,bebe,baby_kind,baby_0_36m,sonst,DE,no,no,no,yes,,,,obf-category-or-name,no,,https://world.openbeautyfacts.org/product/3574661384344/bebe-vollgeschmeidig,2026-09-04,,eu-baby-kind-katalog.csv
3574661690513,gesichtscreme,bebe,baby_kind,baby_0_36m,creme,DE,no,no,no,yes,,,,obf-category-or-name,no,,https://world.openbeautyfacts.org/product/3574661690513/gesichtscreme-bebe,2026-09-04,,eu-baby-kind-katalog.csv
3574661604145,Handcreme,bebe,baby_kind,baby_0_36m,creme,DE,no,no,no,yes,,,,obf-category-or-name,no,,https://world.openbeautyfacts.org/product/3574661604145/handcreme-bebe,2026-09-04,,eu-baby-kind-katalog.csv
3574661671741,Kosmetik Reinigungstücher extra sanft,bebe,baby_kind,baby_0_36m,sonst,DE,no,no,no,yes,,,,obf-category-or-name,no,,https://world.openbeautyfacts.org/product/3574661671741/kosmetik-reinigungstucher-extra-sanft-bebe,2026-09-04,,eu-baby-kind-katalog.csv
3574661824390,milde Reinigungstücher,bebe,baby_kind,baby_0_36m,sonst,DE,no,no,no,yes,,,,obf-category-or-name,no,,https://world.openbeautyfacts.org/product/3574661824390/milde-reinigungstucher-bebe,2026-09-04,,eu-baby-kind-katalog.csv
3574661523521,Power Shower,bebe,baby_kind,baby_0_36m,bad,DE,no,no,no,yes,,,,obf-category-or-name,no,,https://world.openbeautyfacts.org/product/3574661523521/power-shower-bebe,2026-09-04,,eu-baby-kind-katalog.csv
3574661406497,Reinigungstücher,Bebe,baby_kind,baby_0_36m,sonst,DE,no,no,no,yes,,,,obf-category-or-name,no,,https://world.openbeautyfacts.org/product/3574661406497/reinigungstucher-bebe,2026-09-04,,eu-baby-kind-katalog.csv
3574661407258,Reinigungstücher,Bebe,baby_kind,baby_0_36m,sonst,DE,no,no,no,yes,,,,obf-category-or-name,no,,https://world.openbeautyfacts.org/product/3574661407258/reinigungstucher-bebe,2026-09-04,,eu-baby-kind-katalog.csv
3574660653533,Baume hydratant protecteur,Bebe Biafine,baby_kind,baby_0_36m,creme,FR,no,no,no,yes,,,,obf-category-or-name,no,,https://world.openbeautyfacts.org/product/3574660653533/baume-hydratant-protecteur-bebe-biafine,2026-09-04,,eu-baby-kind-katalog.csv
3574660618488,Crème lavante cheveux et corps,Bebe Biafine,baby_kind,baby_0_36m,creme,FR,no,no,no,yes,,,,obf-category-or-name,no,,https://world.openbeautyfacts.org/product/3574660618488/creme-lavante-cheveux-et-corps-bebe-biafine,2026-09-04,,eu-baby-kind-katalog.csv
3574660618440,Eau nettoyante,Bebe Biafine,baby_kind,baby_0_36m,reiniger,FR,no,no,no,yes,,,,obf-category-or-name,no,,https://world.openbeautyfacts.org/product/3574660618440/eau-nettoyante-bebe-biafine,2026-09-04,,eu-baby-kind-katalog.csv
3574660651249,Lait de toilette,Bebe Biafine,baby_kind,baby_0_36m,reiniger,FR,no,no,no,yes,,,,obf-category-or-name,no,,https://world.openbeautyfacts.org/product/3574660651249/lait-de-toilette-bebe-biafine,2026-09-04,,eu-baby-kind-katalog.csv
3574660653571,Pommade de change,Bebe Biafine,baby_kind,baby_0_36m,windel,FR,no,no,no,yes,,,,obf-category-or-name,no,,https://world.openbeautyfacts.org/product/3574660653571/pommade-de-change-bebe-biafine,2026-09-04,,eu-baby-kind-katalog.csv
3574661261096,Soft & lovely,Bebe Young Care,baby_kind,baby_0_36m,sonst,DE,no,no,no,yes,,,,obf-category-or-name,no,,https://world.openbeautyfacts.org/product/3574661261096/soft-lovely-bebe-young-care,2026-09-04,,eu-baby-kind-katalog.csv
8715342041261,Body Milk Calendula,Bebilild,baby_kind,baby_0_36m,creme,FR,no,no,no,yes,,,,obf-category-or-name,no,,https://world.openbeautyfacts.org/product/8715342041261/body-milk-calendula-bebilild,2026-09-04,,eu-baby-kind-katalog.csv
3800144806301,Мокри кърпи,bebo,baby_kind,baby_0_36m,windel,BG,no,no,no,yes,,,,obf-category-or-name,no,,https://world.openbeautyfacts.org/product/3800144806301/мокри-кърпи-bebo,2026-09-04,,eu-baby-kind-katalog.csv
4046871005917,Baby,Bel,baby_kind,baby_0_36m,sonst,FR;DE,no,no,no,yes,,,,obf-category-or-name,no,,https://world.openbeautyfacts.org/product/4046871005917/baby-bel,2026-09-04,,eu-baby-kind-katalog.csv
5414971009354,Shampooing à l'extrait de camomille et bleuet Extra Doux,Belgian Cosmetic Brands,baby_kind,kind_3_11,haar,FR,no,no,no,no,,,,kinderprodukt-ab-3-jahren,no,,https://world.openbeautyfacts.org/product/5414971009354/shampooing-a-l-extrait-de-camomille-et-bleuet-extra-doux-belgian-cosmetic-brands,2026-09-04,,eu-baby-kind-katalog.csv
5900516653170,Bain moussant,Bella Baby Happy,baby_kind,baby_0_36m,bad,FR,no,no,no,yes,,,,obf-category-or-name,no,,https://world.openbeautyfacts.org/product/5900516653170/bain-moussant-bella-baby,2026-09-04,,eu-baby-kind-katalog.csv
8010047115089,Baby,Bema,baby_kind,baby_0_36m,sonst,ES,no,no,no,yes,,,,obf-category-or-name,no,,https://world.openbeautyfacts.org/product/8010047115089/baby-bema,2026-09-04,,eu-baby-kind-katalog.csv
3401528543739,Crème Minérale bébé,Bepanthen Soleil,baby_kind,baby_0_36m,creme,FR,no,no,no,yes,,,,obf-category-or-name,no,,https://world.openbeautyfacts.org/product/3401528543739/creme-minerale-bebe-bepanthen-soleil,2026-09-04,,eu-baby-kind-katalog.csv
4337185820649,Baby soft cream,bevola,baby_kind,baby_0_36m,creme,RO,no,no,no,yes,,,,obf-category-or-name,no,,https://world.openbeautyfacts.org/product/4337185820649/baby-soft-cream-bevola,2026-09-04,,eu-baby-kind-katalog.csv
4002857031264,Baby wipes,Bevola,baby_kind,baby_0_36m,windel,PL,no,no,no,yes,,,,obf-category-or-name,no,,https://world.openbeautyfacts.org/product/4002857031264/baby-wipes-bevola,2026-09-04,,eu-baby-kind-katalog.csv
4011609011904,Baby oil,Bevola baby,baby_kind,baby_0_36m,creme,PL,no,no,no,yes,,,,obf-category-or-name,no,,https://world.openbeautyfacts.org/product/4011609011904/baby-oil-bevola-baby,2026-09-04,,eu-baby-kind-katalog.csv
3660992005482,Lingettes pour bébé épaisses 80 pièces,Bien Vu!,baby_kind,baby_0_36m,windel,FR,no,no,no,yes,,,,obf-category-or-name,no,,https://world.openbeautyfacts.org/product/3660992005482/lingettes-pour-bebe-epaisses-80-pieces-bien-vu,2026-09-04,,eu-baby-kind-katalog.csv
3401347169653,ABCDerm crème raffermissante,Bioderma,baby_kind,baby_0_36m,creme,FR,no,no,no,yes,,,,brand-line+obf,no,,https://world.openbeautyfacts.org/product/3401347169653/abcderm-creme-raffermissante-bioderma,2026-09-04,ABCDerm Baby/Kind ab Geburt; mehrere SKUs mit Parfum in INCI.,eu-baby-kind-katalog.csv
3401599487697,Bioderma Abcderm Lingettes Nettoyantes Visage Et Corps. BT,Bioderma,baby_kind,baby_0_36m,windel,FR,no,no,no,yes,,,,brand-line+obf,no,,https://world.openbeautyfacts.org/product/3401599487697/bioderma-abcderm-lingettes-nettoyantes-visage-et-corps-bt,2026-09-04,ABCDerm Baby/Kind ab Geburt; mehrere SKUs mit Parfum in INCI.,eu-baby-kind-katalog.csv
3401396924944,Bioderma Change Intensif ABCDerm,Bioderma,baby_kind,baby_0_36m,windel,FR,no,no,no,yes,,,,brand-line+obf,no,,https://world.openbeautyfacts.org/product/3401396924944/bioderma-change-intensif-abcderm,2026-09-04,ABCDerm Baby/Kind ab Geburt; mehrere SKUs mit Parfum in INCI.,eu-baby-kind-katalog.csv
3401396935889,Bioderma Cold Cream - Crème corps nourrissante ABCDerm,Bioderma,baby_kind,baby_0_36m,creme,FR,no,no,no,yes,,,,brand-line+obf,no,,https://world.openbeautyfacts.org/product/3401396935889/bioderma-cold-cream-creme-corps-nourrissante-abcderm,2026-09-04,ABCDerm Baby/Kind ab Geburt; mehrere SKUs mit Parfum in INCI.,eu-baby-kind-katalog.csv
3401397163847,Bioderma Cold Cream - Crème lavante ABCDerm,Bioderma,baby_kind,baby_0_36m,creme,FR,no,no,no,yes,,,,brand-line+obf,no,,https://world.openbeautyfacts.org/product/3401397163847/bioderma-cold-cream-creme-lavante-abcderm,2026-09-04,ABCDerm Baby/Kind ab Geburt; mehrere SKUs mit Parfum in INCI.,eu-baby-kind-katalog.csv
3401396935711,Bioderma Cold Cream - Crème Visage ABCDerm,Bioderma,baby_kind,baby_0_36m,creme,FR,no,no,no,yes,,,,brand-line+obf,no,,https://world.openbeautyfacts.org/product/3401396935711/bioderma-cold-cream-creme-visage-abcderm,2026-09-04,ABCDerm Baby/Kind ab Geburt; mehrere SKUs mit Parfum in INCI.,eu-baby-kind-katalog.csv
3401396936480,Bioderma Huile Douceur ABCDerm,Bioderma,baby_kind,baby_0_36m,creme,FR,no,no,no,yes,,,,brand-line+obf,no,,https://world.openbeautyfacts.org/product/3401396936480/bioderma-huile-douceur-abcderm,2026-09-04,ABCDerm Baby/Kind ab Geburt; mehrere SKUs mit Parfum in INCI.,eu-baby-kind-katalog.csv
3401345569585,Bioderma Hydratant - Lait Douceur ABCDerm,Bioderma,baby_kind,baby_0_36m,creme,FR,no,no,no,yes,,,,brand-line+obf,no,,https://world.openbeautyfacts.org/product/3401345569585/bioderma-hydratant-lait-douceur-abcderm,2026-09-04,ABCDerm Baby/Kind ab Geburt; mehrere SKUs mit Parfum in INCI.,eu-baby-kind-katalog.csv
3401396936190,Bioderma Lait de toilette ABCDerm,Bioderma,baby_kind,baby_0_36m,reiniger,FR,no,no,no,yes,,,,brand-line+obf,no,,https://world.openbeautyfacts.org/product/3401396936190/bioderma-lait-de-toilette-abcderm,2026-09-04,ABCDerm Baby/Kind ab Geburt; mehrere SKUs mit Parfum in INCI.,eu-baby-kind-katalog.csv
3401577538663,Bioderma Péri-Oral ABCDerm,Bioderma,baby_kind,baby_0_36m,creme,FR,no,no,no,yes,,,,brand-line+obf,no,,https://world.openbeautyfacts.org/product/3401577538663/bioderma-peri-oral-abcderm,2026-09-04,ABCDerm Baby/Kind ab Geburt; mehrere SKUs mit Parfum in INCI.,eu-baby-kind-katalog.csv
3401396936541,Bioderma Shampooing ABCDerm,Bioderma,baby_kind,baby_0_36m,haar,FR,no,no,no,yes,,,,brand-line+obf,no,,https://world.openbeautyfacts.org/product/3401396936541/bioderma-shampooing-abcderm,2026-09-04,ABCDerm Baby/Kind ab Geburt; mehrere SKUs mit Parfum in INCI.,eu-baby-kind-katalog.csv
3286010097071,Baume de change au liniment oléo-calcaire,Biolane,baby_kind,baby_0_36m,windel,FR,no,no,no,yes,,,,obf-category-or-name,no,,https://world.openbeautyfacts.org/product/3286010097071/baume-de-change-au-liniment-oleo-calcaire-biolane,2026-09-04,,eu-baby-kind-katalog.csv
3286011092310,Crème change,Biolane,baby_kind,baby_0_36m,windel,FR,yes,no,no,yes,obf-label,,,obf-category-or-name,no,,https://world.openbeautyfacts.org/product/3286011092310/creme-change-biolane,2026-09-04,,eu-baby-kind-katalog.csv
3286010096692,Crème solaire haute protection pour bébé SPF50,BIOLANE,baby_kind,baby_0_36m,spf,FR,no,no,no,yes,,,,obf-category-or-name,no,AAP/AAD: unter 6 Monaten SPF nicht first-line,https://world.openbeautyfacts.org/product/3286010096692/creme-solaire-haute-protection-pour-bebe-spf50-biolane,2026-09-04,"SAFETY NOTE unter 6 Mon.: Schatten/Kleidung first-line, kein SPF-First für Neonaten in App-Copy.",eu-baby-kind-katalog.csv
3286010076038,Lait après-soleil Bleu et blanc,BIOLANE,baby_kind,baby_0_36m,sonst,FR,no,no,no,yes,,,,obf-category-or-name,no,,https://world.openbeautyfacts.org/product/3286010076038/lait-apres-soleil-bleu-et-blanc-biolane,2026-09-04,,eu-baby-kind-katalog.csv
3286010097057,Shampooing croûtes de lait à l'avoine apaisant,Biolane,baby_kind,baby_0_36m,haar,FR,no,no,no,yes,,,,obf-category-or-name,no,,https://world.openbeautyfacts.org/product/3286010097057/shampooing-croutes-de-lait-a-l-avoine-apaisant-biolane,2026-09-04,,eu-baby-kind-katalog.csv
3286010097064,Solide lavant douceur,Biolane,baby_kind,baby_0_36m,bad,FR,no,no,no,yes,,,,obf-category-or-name,no,,https://world.openbeautyfacts.org/product/3286010097064/solide-lavant-douceur-biolane,2026-09-04,,eu-baby-kind-katalog.csv
8029041109147,Defence sun baby & kid 50+,Bionike,baby_kind,baby_0_36m,spf,IT,no,no,no,yes,,,,obf-category-or-name,no,AAP/AAD: unter 6 Monaten SPF nicht first-line,https://world.openbeautyfacts.org/product/8029041109147/defence-sun-baby-kid-50-bionike,2026-09-04,"SAFETY NOTE unter 6 Mon.: Schatten/Kleidung first-line, kein SPF-First für Neonaten in App-Copy.",eu-baby-kind-katalog.csv
3700376703044,Dentifraise bio,Bioseptyl,baby_kind,kind_3_11,creme,FR,no,no,no,no,,,,kinderprodukt-ab-3-jahren,no,,https://world.openbeautyfacts.org/product/3700376703044/dentifraise-bio-bioseptyl,2026-09-04,,eu-baby-kind-katalog.csv
5425001841660,Lait solaire Baby & Kids SPF 50+,Biosolis,baby_kind,baby_0_36m,spf,FR,no,no,no,yes,,,,obf-category-or-name,no,AAP/AAD: unter 6 Monaten SPF nicht first-line,https://world.openbeautyfacts.org/product/5425001841660/lait-solaire-baby-kids-spf-50-biosolis,2026-09-04,"SAFETY NOTE unter 6 Mon.: Schatten/Kleidung first-line, kein SPF-First für Neonaten in App-Copy.",eu-baby-kind-katalog.csv
4311596611461,Baby Pflegecreme,Blütezeit,baby_kind,baby_0_36m,creme,DE,no,no,no,yes,,,,obf-category-or-name,no,,https://world.openbeautyfacts.org/product/4311596611461/baby-pflegecreme-blutezeit,2026-09-04,,eu-baby-kind-katalog.csv
5900931033083,Bar Soap,Bobini Baby,baby_kind,baby_0_36m,bad,PL,no,no,no,yes,,,,obf-category-or-name,no,,https://world.openbeautyfacts.org/product/5900931033083/bar-soap-bobini-baby,2026-09-04,,eu-baby-kind-katalog.csv
3265660399100,lingette bébé,bocoton,baby_kind,baby_0_36m,windel,FR,no,no,no,yes,,,,obf-category-or-name,no,,https://world.openbeautyfacts.org/product/3265660399100/lingette-bebe-bocoton,2026-09-04,,eu-baby-kind-katalog.csv
8710624289799,Bonbébé shampoo baby,Bonbébé,baby_kind,baby_0_36m,haar,NL,no,no,no,yes,,,,obf-category-or-name,no,,https://world.openbeautyfacts.org/product/8710624289799/bonbebe-shampoo-baby,2026-09-04,,eu-baby-kind-katalog.csv
8718989021191,Bonbébé toeten boeners,Bonbébé,baby_kind,baby_0_36m,windel,NL,no,no,no,yes,,,,obf-category-or-name,no,,https://world.openbeautyfacts.org/product/8718989021191/bonbebe-toeten-boeners,2026-09-04,,eu-baby-kind-katalog.csv
3760172444107,Liniment Bébé Stabilisé Hypoallergénique,Born to Bio,baby_kind,baby_0_36m,windel,FR,no,no,no,yes,,,,obf-category-or-name,no,,https://world.openbeautyfacts.org/product/3760172444107/liniment-bebe-stabilise-hypoallergenique-born-to-bio,2026-09-04,,eu-baby-kind-katalog.csv
3350033362123,Eau nettoyante,Bout'chou,baby_kind,baby_0_36m,reiniger,FR,no,no,no,yes,,,,obf-category-or-name,no,,https://world.openbeautyfacts.org/product/3350033362123/eau-nettoyante-bout-chou,2026-09-04,,eu-baby-kind-katalog.csv
3350033362147,Gel lavant corps et cheveux,Bout'chou,baby_kind,baby_0_36m,bad,FR,no,no,no,yes,,,,obf-category-or-name,no,,https://world.openbeautyfacts.org/product/3350033362147/gel-lavant-corps-et-cheveux-bout-chou,2026-09-04,,eu-baby-kind-katalog.csv
3350033186309,gel lavant corps et cheveux pour bébé,Bout'chou,baby_kind,baby_0_36m,bad,FR,no,no,no,yes,,,,obf-category-or-name,no,,https://world.openbeautyfacts.org/product/3350033186309/gel-lavant-corps-et-cheveux-pour-bebe-bout-chou,2026-09-04,,eu-baby-kind-katalog.csv
00342632,Bébé,Bébé,baby_kind,baby_0_36m,sonst,FR,no,no,no,yes,,,,obf-category-or-name,no,,https://world.openbeautyfacts.org/product/00342632/bebe,2026-09-04,,eu-baby-kind-katalog.csv
3489940068047,Crème pour le change,Bébé Bio,baby_kind,baby_0_36m,windel,FR,no,no,no,yes,,,,obf-category-or-name,no,,https://world.openbeautyfacts.org/product/3489940068047/creme-pour-le-change-bebe-bio,2026-09-04,,eu-baby-kind-katalog.csv
3600551055022,Eau nettoyante,Bébé Cadum,baby_kind,baby_0_36m,reiniger,FR,no,no,no,yes,,,,obf-category-or-name,no,,https://world.openbeautyfacts.org/product/3600551055022/eau-nettoyante-bebe-cadum,2026-09-04,,eu-baby-kind-katalog.csv
3600550995480,liniment traditionnel,bébé cadum,baby_kind,baby_0_36m,windel,FR,no,no,no,yes,,,,obf-category-or-name,no,,https://world.openbeautyfacts.org/product/3600550995480/liniment-traditionnel-bebe-cadum,2026-09-04,,eu-baby-kind-katalog.csv
3600550300628,Thermal Peaux Sensibles Gel lavant hydratant,Bébé Cadum,baby_kind,baby_0_36m,bad,FR,no,no,no,yes,,,,obf-category-or-name,no,,https://world.openbeautyfacts.org/product/3600550300628/thermal-peaux-sensibles-gel-lavant-hydratant-bebe-cadum,2026-09-04,,eu-baby-kind-katalog.csv
3700970204145,Liniment Oléo-Calcaire sans rinçage,Bébé Smart,baby_kind,baby_0_36m,windel,FR,no,no,no,yes,,,,obf-category-or-name,no,,https://world.openbeautyfacts.org/product/3700970204145/liniment-oleo-calcaire-sans-rincage-bebe-smart,2026-09-04,,eu-baby-kind-katalog.csv
3700970204152,Liniment Oléo-calcaire sans rinçage,Bébé Smart,baby_kind,baby_0_36m,windel,FR,no,no,no,yes,,,,obf-category-or-name,no,,https://world.openbeautyfacts.org/product/3700970204152/liniment-oleo-calcaire-sans-rincage-bebe-smart,2026-09-04,,eu-baby-kind-katalog.csv
4065331000064,Baby Shampoo,Bübchen,baby_kind,baby_0_36m,haar,DE,no,no,no,yes,,,,obf-category-or-name,no,,https://world.openbeautyfacts.org/product/4065331000064/baby-shampoo-bubchen,2026-09-04,Bübchen häufig parfümiert.,eu-baby-kind-katalog.csv
7613035379978,Baby Öl,Bübchen,baby_kind,baby_0_36m,creme,DE,no,no,no,yes,,,,obf-category-or-name,no,,https://world.openbeautyfacts.org/product/7613035379978/baby-ol-bubchen,2026-09-04,Bübchen häufig parfümiert.,eu-baby-kind-katalog.csv
3600550976700,bébé Cadillac gel lavant,Cadum,baby_kind,baby_0_36m,bad,FR,no,no,no,yes,,,,obf-category-or-name,no,,https://world.openbeautyfacts.org/product/3600550976700/bebe-cadillac-gel-lavant-cadum,2026-09-04,,eu-baby-kind-katalog.csv
3760099594367,Bébé Cadum Lait de Toilette Nettoyant et Hydratant,Cadum,baby_kind,baby_0_36m,reiniger,FR,no,no,no,yes,,,,obf-category-or-name,no,,https://world.openbeautyfacts.org/product/3760099594367/bebe-cadum-lait-de-toilette-nettoyant-et-hydratant,2026-09-04,,eu-baby-kind-katalog.csv
3760099593216,Cadum Bebe Lait De Toilette Hydratant Bio Sans Rinçage. FL Pompe,Cadum,baby_kind,baby_0_36m,reiniger,FR,no,no,no,yes,,,,obf-category-or-name,no,,https://world.openbeautyfacts.org/product/3760099593216/cadum-bebe-lait-de-toilette-hydratant-bio-sans-rincage-fl-pompe,2026-09-04,,eu-baby-kind-katalog.csv
3560071172534,baby,Carrefour,baby_kind,baby_0_36m,sonst,FR;ES,no,no,no,yes,,,,obf-category-or-name,no,,https://world.openbeautyfacts.org/product/3560071172534/baby-carrefour,2026-09-04,,eu-baby-kind-katalog.csv
3560071207717,Baby fresh aloe vera,Carrefour,baby_kind,baby_0_36m,sonst,FR;ES,no,no,no,yes,,,,obf-category-or-name,no,,https://world.openbeautyfacts.org/product/3560071207717/baby-fresh-aloe-vera-carrefour,2026-09-04,,eu-baby-kind-katalog.csv
8431876069952,Baby Lingette Bebe Eco Recharge Rectangulaire 72ctnettoyant Et Adoucissant Epaisse Aloe Vera,Carrefour,baby_kind,baby_0_36m,windel,FR,no,no,no,yes,,,,obf-category-or-name,no,,https://world.openbeautyfacts.org/product/8431876069952/baby-lingette-bebe-eco-recharge-rectangulaire-72ctnettoyant-et-adoucissant-epaisse-aloe-vera-carrefour,2026-09-04,,eu-baby-kind-katalog.csv
3560070815470,Démêlant Sprayz,Carrefour,baby_kind,kind_3_11,haar,FR,no,no,no,no,,,,kinderprodukt-ab-3-jahren,no,,https://world.openbeautyfacts.org/product/3560070815470/demelant-sprayz-carrefour,2026-09-04,,eu-baby-kind-katalog.csv
3560071277000,Eau nettoyante micellaire,Carrefour,baby_kind,baby_0_36m,reiniger,FR,no,no,no,yes,,,,obf-category-or-name,no,,https://world.openbeautyfacts.org/product/3560071277000/eau-nettoyante-micellaire-carrefour,2026-09-04,,eu-baby-kind-katalog.csv
3560071319731,Gel lavant 2 in 1,Carrefour,baby_kind,baby_0_36m,bad,FR,no,no,no,yes,,,,obf-category-or-name,no,,https://world.openbeautyfacts.org/product/3560071319731/gel-lavant-2-in-1-carrefour,2026-09-04,,eu-baby-kind-katalog.csv
3560071348069,Gel lavant 2 in 1,Carrefour,baby_kind,baby_0_36m,bad,FR,yes,no,no,yes,obf-label,,,obf-category-or-name,no,,https://world.openbeautyfacts.org/product/3560071348069/gel-lavant-2-in-1-carrefour-bebe,2026-09-04,,eu-baby-kind-katalog.csv
3245411903237,Gel lavant Corps et Cheveux,Carrefour,baby_kind,baby_0_36m,bad,FR,no,no,no,yes,,,,obf-category-or-name,no,,https://world.openbeautyfacts.org/product/3245411903237/gel-lavant-corps-et-cheveux-carrefour,2026-09-04,,eu-baby-kind-katalog.csv
3560071276942,Huile d'amande douce 100% naturelle,Carrefour,baby_kind,baby_0_36m,creme,BE;FR,no,no,no,yes,,,,obf-category-or-name,no,,https://world.openbeautyfacts.org/product/3560071276942/huile-d-amande-douce-100-naturelle-carrefour,2026-09-04,,eu-baby-kind-katalog.csv
3560070276202,Huile d’amande douce,Carrefour,baby_kind,baby_0_36m,creme,FR,no,no,no,yes,,,,obf-category-or-name,no,,https://world.openbeautyfacts.org/product/3560070276202/huile-d-amande-douce-carrefour,2026-09-04,,eu-baby-kind-katalog.csv
3560071276911,Huile lavante 2 in 1,Carrefour,baby_kind,baby_0_36m,bad,FR,no,no,no,yes,,,,obf-category-or-name,no,,https://world.openbeautyfacts.org/product/3560071276911/huile-lavante-2-in-1-carrefour,2026-09-04,,eu-baby-kind-katalog.csv
3560071275075,Lait de toilette,Carrefour,baby_kind,baby_0_36m,reiniger,FR,yes,no,no,yes,obf-label,,,obf-category-or-name,no,,https://world.openbeautyfacts.org/product/3560071275075/lait-de-toilette-carrefour-baby-bio,2026-09-04,,eu-baby-kind-katalog.csv
3245411903114,Lait de toilette hydratant,Carrefour,baby_kind,baby_0_36m,reiniger,FR,no,no,no,yes,,,,obf-category-or-name,no,,https://world.openbeautyfacts.org/product/3245411903114/lait-de-toilette-hydratant-carrefour,2026-09-04,,eu-baby-kind-katalog.csv
3560071277062,Lait de toilette hydratant,Carrefour,baby_kind,baby_0_36m,reiniger,FR,no,no,no,yes,,,,obf-category-or-name,no,,https://world.openbeautyfacts.org/product/3560071277062/lait-de-toilette-hydratant-carrefour-baby,2026-09-04,,eu-baby-kind-katalog.csv
3560071212193,lingettes 100 % coton bio Carrefour Baby,Carrefour,baby_kind,baby_0_36m,windel,FR,no,no,no,yes,,,,obf-category-or-name,no,,https://world.openbeautyfacts.org/product/3560071212193/lingettes-100-coton-bio-carrefour-baby,2026-09-04,,eu-baby-kind-katalog.csv
3560070311453,Lingettes bébé sans parfum 100% coton,Carrefour,baby_kind,baby_0_36m,windel,FR,yes,no,no,yes,name-claim,,,obf-category-or-name,no,,https://world.openbeautyfacts.org/product/3560070311453/lingettes-bebe-sans-parfum-100-coton-carrefour,2026-09-04,,eu-baby-kind-katalog.csv
3560071105686,Lingettes épaisses Sensitive (lot x2 paquets),Carrefour,baby_kind,baby_0_36m,windel,FR,no,no,no,yes,,,,obf-category-or-name,no,,https://world.openbeautyfacts.org/product/3560071105686/lingettes-epaisses-sensitive-lot-x2-paquets-carrefour,2026-09-04,,eu-baby-kind-katalog.csv
3560071207359,Sensitive,Carrefour,baby_kind,baby_0_36m,sonst,FR;ES,no,no,no,yes,,,,obf-category-or-name,no,,https://world.openbeautyfacts.org/product/3560071207359/sensitive-carrefour,2026-09-04,,eu-baby-kind-katalog.csv
3560071277093,Shampooing très doux,Carrefour,baby_kind,baby_0_36m,haar,FR,no,no,no,yes,,,,obf-category-or-name,no,,https://world.openbeautyfacts.org/product/3560071277093/shampooing-tres-doux-carrefour,2026-09-04,,eu-baby-kind-katalog.csv
3560070218608,sérum physiologique,Carrefour,baby_kind,baby_0_36m,sonst,FR,no,no,no,yes,,,,obf-category-or-name,no,,https://world.openbeautyfacts.org/product/3560070218608/serum-physiologique-carrefour,2026-09-04,,eu-baby-kind-katalog.csv
8431876279559,Champu camomila my baby,Carrefour Baby,baby_kind,baby_0_36m,haar,ES,no,no,no,yes,,,,obf-category-or-name,no,,https://world.openbeautyfacts.org/product/8431876279559/champu-camomila-my-baby-carrefour-baby,2026-09-04,,eu-baby-kind-katalog.csv
8431876279597,Crema cambio pañal my baby,Carrefour Baby,baby_kind,baby_0_36m,creme,ES,no,no,no,yes,,,,obf-category-or-name,no,,https://world.openbeautyfacts.org/product/8431876279597/crema-cambio-panal-my-baby-carrefour-baby,2026-09-04,,eu-baby-kind-katalog.csv
8431876279610,Gel champú para pieles tendencia atópica my baby,Carrefour Baby,baby_kind,baby_0_36m,sonst,ES,no,no,no,yes,,,,obf-category-or-name,no,,https://world.openbeautyfacts.org/product/8431876279610/gel-champu-para-pieles-tendencia-atopica-my-baby-carrefour-baby,2026-09-04,,eu-baby-kind-katalog.csv
8431876279566,Gel de baño aloe vera my baby,Carrefour Baby,baby_kind,baby_0_36m,sonst,ES,no,no,no,yes,,,,obf-category-or-name,no,,https://world.openbeautyfacts.org/product/8431876279566/gel-de-bano-aloe-vera-my-baby-carrefour-baby,2026-09-04,,eu-baby-kind-katalog.csv
8431876279627,Leche emoliente para pieles con tendencia atopica my baby,Carrefour Baby,baby_kind,baby_0_36m,creme,ES,no,no,no,yes,,,,obf-category-or-name,no,,https://world.openbeautyfacts.org/product/8431876279627/leche-emoliente-para-pieles-con-tendencia-atopica-my-baby-carrefour-baby,2026-09-04,,eu-baby-kind-katalog.csv
3560070999385,Liniment Oleo Calcaire,Carrefour Baby,baby_kind,baby_0_36m,windel,FR,no,no,no,yes,,,,obf-category-or-name,no,,https://world.openbeautyfacts.org/product/3560070999385/liniment-oleo-calcaire-carrefour-baby,2026-09-04,,eu-baby-kind-katalog.csv
8431876279573,Locion hidratante cara y cuerpo con aceite de almendra my baby,Carrefour Baby,baby_kind,baby_0_36m,creme,ES,no,no,no,yes,,,,obf-category-or-name,no,,https://world.openbeautyfacts.org/product/8431876279573/locion-hidratante-cara-y-cuerpo-con-aceite-de-almendra-my-baby-carrefour-baby,2026-09-04,,eu-baby-kind-katalog.csv
8431876279603,Talco my baby,Carrefour Baby,baby_kind,baby_0_36m,sonst,ES,no,no,no,yes,,,,obf-category-or-name,no,,https://world.openbeautyfacts.org/product/8431876279603/talco-my-baby-carrefour-baby,2026-09-04,,eu-baby-kind-katalog.csv
3760001762532,Liniment oléo-calcaire à l'huile d'olive bio pour bébé,CARRYBOO,baby_kind,baby_0_36m,windel,FR,no,no,no,yes,,,,obf-category-or-name,no,,https://world.openbeautyfacts.org/product/3760001762532/liniment-oleo-calcaire-a-l-huile-d-olive-bio-pour-bebe-carryboo,2026-09-04,,eu-baby-kind-katalog.csv
3160920965005,Shampooing anti poux et lentes,Cars,baby_kind,kind_3_11,haar,FR,no,no,no,no,,,,kinderprodukt-ab-3-jahren,no,,https://world.openbeautyfacts.org/product/3160920965005/shampooing-anti-poux-et-lentes-cars,2026-09-04,,eu-baby-kind-katalog.csv
3222475571121,Les Tilapins de Casino - Shampooing très doux,Casino,baby_kind,kind_3_11,haar,FR,no,no,no,no,,,,kinderprodukt-ab-3-jahren,no,,https://world.openbeautyfacts.org/product/3222475571121/les-tilapins-de-casino-shampooing-tres-doux,2026-09-04,,eu-baby-kind-katalog.csv
3222475981784,Lingettes Sensitive pour bébé - Lait à l'extrait d'Aloe Vera,Casino,baby_kind,baby_0_36m,windel,FR,no,no,no,yes,,,,obf-category-or-name,no,,https://world.openbeautyfacts.org/product/3222475981784/lingettes-sensitive-pour-bebe-lait-a-l-extrait-d-aloe-vera-casino,2026-09-04,,eu-baby-kind-katalog.csv
3283950919203,Cattier Bébé Crème Hydratante Hypoallergénique,Cattier,baby_kind,baby_0_36m,creme,FR,no,no,no,yes,,,,obf-category-or-name,no,,https://world.openbeautyfacts.org/product/3283950919203/cattier-bebe-creme-hydratante-hypoallergenique,2026-09-04,,eu-baby-kind-katalog.csv
3283950919166,Cattier Bébé Liniment Lait Crème Pour Le Change,Cattier,baby_kind,baby_0_36m,windel,FR,no,no,no,yes,,,,obf-category-or-name,no,,https://world.openbeautyfacts.org/product/3283950919166/cattier-bebe-liniment-lait-creme-pour-le-change,2026-09-04,,eu-baby-kind-katalog.csv
3283950915038,Crème protectrice bebe pour le change abricot,Cattier,baby_kind,baby_0_36m,windel,FR,no,no,no,yes,,,,obf-category-or-name,no,,https://world.openbeautyfacts.org/product/3283950915038/creme-protectrice-bebe-pour-le-change-abricot-cattier,2026-09-04,,eu-baby-kind-katalog.csv
3283950912594,Shampooing démêlant parfum pomme Kids bio,Cattier,baby_kind,kind_3_11,haar,FR,no,no,no,no,,,,kinderprodukt-ab-3-jahren,no,,https://world.openbeautyfacts.org/product/3283950912594/shampooing-demelant-parfum-pomme-kids-bio-cattier,2026-09-04,,eu-baby-kind-katalog.csv
5407005691625,Gel lavant corps & cheveux,Ceres Pharma,baby_kind,baby_0_36m,bad,FR,no,no,no,yes,,,,obf-category-or-name,no,,https://world.openbeautyfacts.org/product/5407005691625/gel-lavant-corps-cheveux-nosko,2026-09-04,,eu-baby-kind-katalog.csv
3770006053047,Liniment oléo-calcaire,Charlotte Baby Bio,baby_kind,baby_0_36m,windel,FR,no,no,no,yes,,,,obf-category-or-name,no,,https://world.openbeautyfacts.org/product/3770006053047/liniment-oleo-calcaire-charlotte-baby-bio,2026-09-04,,eu-baby-kind-katalog.csv
2006050132355,Lingettes bébé à l'eau,CHERUBIN,baby_kind,baby_0_36m,windel,FR,no,no,no,yes,,,,obf-category-or-name,no,,https://world.openbeautyfacts.org/product/2006050132355/lingettes-bebe-a-l-eau-cherubin,2026-09-04,,eu-baby-kind-katalog.csv
8058664129386,Bath and shower gel Baby Moments Kids,chicco,baby_kind,baby_0_36m,bad,IT,no,no,no,yes,,,,obf-category-or-name,no,,https://world.openbeautyfacts.org/product/8058664129386/bath-and-shower-gel-baby-moments-kids-chicco,2026-09-04,,eu-baby-kind-katalog.csv
5060447948674,Face cream Fragrance Free,Childs cream,baby_kind,baby_0_36m,creme,PL,yes,no,yes,yes,name-claim,,cfi,obf-category-or-name,no,,https://world.openbeautyfacts.org/product/5060447948674/face-cream-fragrance-free-childs-cream,2026-09-04,,eu-baby-kind-katalog.csv
3298839232083,Eau de senteur pour bébé,Christine Arbel,baby_kind,baby_0_36m,creme,FR,no,no,no,yes,,,,obf-category-or-name,no,,https://world.openbeautyfacts.org/product/3298839232083/eau-de-senteur-pour-bebe-christine-arbel,2026-09-04,,eu-baby-kind-katalog.csv
26028071,Lingettes bébé très douces sensitive,Chérubin,baby_kind,baby_0_36m,windel,FR,yes,no,no,yes,obf-label,,,obf-category-or-name,no,,https://world.openbeautyfacts.org/product/26028071/lingettes-bebe-tres-douces-sensitive-cherubin,2026-09-04,,eu-baby-kind-katalog.csv
20231460,Crème solaire enfant FPS50+,Cien,baby_kind,kind_3_11,spf,FR;NL;ES,yes,no,yes,no,obf-label,,cfi,kinderprodukt-ab-3-jahren,no,AAP/AAD: unter 6 Monaten SPF nicht first-line,https://world.openbeautyfacts.org/product/20231460/cien-sun,2026-09-04,"SAFETY NOTE unter 6 Mon.: Schatten/Kleidung first-line, kein SPF-First für Neonaten in App-Copy.",eu-baby-kind-katalog.csv
4056489564300,Shampooing douche extra doux pêche-abricot,CIEN,baby_kind,kind_3_11,bad,FR,no,no,yes,no,,,cfi,kinderprodukt-ab-3-jahren,no,,https://world.openbeautyfacts.org/product/4056489564300/shampooing-douche-extra-doux-peche-abricot-cien,2026-09-04,,eu-baby-kind-katalog.csv
3010351760123,savon bébé,cigalbio,baby_kind,baby_0_36m,bad,FR,no,no,no,yes,,,,obf-category-or-name,no,,https://world.openbeautyfacts.org/product/3010351760123/savon-bebe-cigalbio,2026-09-04,,eu-baby-kind-katalog.csv
8718951551992,Adoucissant Concentré 3D Fleurs Blanches et Noix,Coco SOUPLINE,baby_kind,baby_0_36m,sonst,FR,no,no,no,yes,,,,obf-category-or-name,no,,https://world.openbeautyfacts.org/product/8718951551992/adoucissant-concentre-3d-fleurs-blanches-et-noix-coco-soupline,2026-09-04,,eu-baby-kind-katalog.csv
8718951746558,Bluey toothpaste,colgate,baby_kind,kind_3_11,sonst,SE,no,no,no,no,,,,kinderprodukt-ab-3-jahren,no,,https://world.openbeautyfacts.org/product/8718951746558/bluey-toothpaste-colgate,2026-09-04,,eu-baby-kind-katalog.csv
8714789406220,Tahiti Kids Cheveux et Corps,Colgate-Palmolive,baby_kind,kind_3_11,bad,FR,no,no,no,no,,,,kinderprodukt-ab-3-jahren,no,,https://world.openbeautyfacts.org/product/8714789406220/tahiti-kids-cheveux-et-corps-colgate-palmolive,2026-09-04,,eu-baby-kind-katalog.csv
3760123181549,Lait Hydratant Bébé Miel De Manuka - 200 ML - Comptoirs & Compagnies,Comptoirs et compagnies,baby_kind,baby_0_36m,creme,FR,no,no,no,yes,,,,obf-category-or-name,no,,https://world.openbeautyfacts.org/product/3760123181549/lait-hydratant-bebe-miel-de-manuka-200-ml-comptoirs-compagnies-comptoirs-et-compagnies,2026-09-04,,eu-baby-kind-katalog.csv
8414807544650,Cremosas,Consum,baby_kind,baby_0_36m,windel,ES,no,no,no,yes,,,,obf-category-or-name,no,,https://world.openbeautyfacts.org/product/8414807544650/cremosas-consum,2026-09-04,,eu-baby-kind-katalog.csv
8414807544629,Toallitas aloe vera,Consum,baby_kind,baby_0_36m,windel,ES,no,no,no,yes,,,,obf-category-or-name,no,,https://world.openbeautyfacts.org/product/8414807544629/toallitas-aloe-vera-consum,2026-09-04,,eu-baby-kind-katalog.csv
8001120829894,Dentifricio anticarie,Coop,baby_kind,baby_0_36m,creme,IT,no,no,no,yes,,,,obf-category-or-name,no,,https://world.openbeautyfacts.org/product/8001120829894/dentifricio-anticarie-coop,2026-09-04,,eu-baby-kind-katalog.csv
3257980578938,"Shampooing très doux, extra doux",Cora,baby_kind,baby_0_36m,haar,FR,no,no,no,yes,,,,obf-category-or-name,no,,https://world.openbeautyfacts.org/product/3257980578938/shampooing-tres-doux-extra-doux-cora,2026-09-04,,eu-baby-kind-katalog.csv
3468080080027,Corine de Farme Amandelbloesem Wasgel,Corine,baby_kind,baby_0_36m,bad,NL,no,no,no,yes,,,,obf-category-or-name,no,,https://world.openbeautyfacts.org/product/3468080080027/corine-de-farme-amandelbloesem-wasgel,2026-09-04,,eu-baby-kind-katalog.csv
3468080083387,Corine de Farme Hair & Body Cleansing Gel,Corine,baby_kind,baby_0_36m,bad,NL,no,no,no,yes,,,,obf-category-or-name,no,,https://world.openbeautyfacts.org/product/3468080083387/corine-de-farme-hair-body-cleansing-gel,2026-09-04,,eu-baby-kind-katalog.csv
3468080081116,Corine de Farme Liniment Calcium Balsem,Corine,baby_kind,baby_0_36m,windel,NL,no,no,no,yes,,,,obf-category-or-name,no,,https://world.openbeautyfacts.org/product/3468080081116/corine-de-farme-liniment-calcium-balsem,2026-09-04,,eu-baby-kind-katalog.csv
3468080081444,Baby bio organic shampoo,Corine de Farme,baby_kind,baby_0_36m,haar,ES,no,no,no,yes,,,,obf-category-or-name,no,,https://world.openbeautyfacts.org/product/3468080081444/baby-bio-organic-shampoo-corine-de-farme,2026-09-04,,eu-baby-kind-katalog.csv
3468080150874,Corine de Farme Vaiana 3-in-1 Douchegel,Corine de Farme,baby_kind,baby_0_36m,bad,NL,no,no,no,yes,,,,obf-category-or-name,no,,https://world.openbeautyfacts.org/product/3468080150874/gel-douche-3-en-1-corine-de-farme,2026-09-04,,eu-baby-kind-katalog.csv
3468080082588,Crème change apaisante peaux sensibles,Corine de Farme,baby_kind,baby_0_36m,windel,FR,no,no,no,yes,,,,obf-category-or-name,no,,https://world.openbeautyfacts.org/product/3468080082588/creme-change-apaisante-peaux-sensibles-corine-de-farme-baby,2026-09-04,,eu-baby-kind-katalog.csv
3468080082533,Gel douche bébé Micellaire Corps et Cheveux Bio,Corine de farme,baby_kind,baby_0_36m,bad,FR,no,no,no,yes,,,,obf-category-or-name,no,,https://world.openbeautyfacts.org/product/3468080082533/gel-douche-bebe-micellaire-corps-et-cheveux-bio-corine-de-farme,2026-09-04,,eu-baby-kind-katalog.csv
3468080115934,Gel lavant douceur,Corine de Farme,baby_kind,baby_0_36m,bad,FR,no,no,no,yes,,,,obf-category-or-name,no,,https://world.openbeautyfacts.org/product/3468080115934/gel-lavant-douceur-corine-de-farme,2026-09-04,,eu-baby-kind-katalog.csv
3468080106543,Lingettes Sensitive Au Calendula Bio Bébé Avec Dévidoir,Corine De Farme,baby_kind,baby_0_36m,windel,FR,no,no,no,yes,,,,obf-category-or-name,no,,https://world.openbeautyfacts.org/product/3468080106543/lingettes-sensitive-au-calendula-bio-bebe-avec-devidoir-corine-de-farme,2026-09-04,,eu-baby-kind-katalog.csv
3468080082007,Savon Surgras extra-doux bio,Corine de Farme Baby,baby_kind,baby_0_36m,bad,FR,no,no,no,yes,,,,obf-category-or-name,no,,https://world.openbeautyfacts.org/product/3468080082007/savon-surgras-extra-doux-bio-corine-de-farme-baby,2026-09-04,,eu-baby-kind-katalog.csv
3468080150973,Corine de Farme Lilo & Stitch 3-in-1 Douchegel,Corinne de Farme,baby_kind,baby_0_36m,bad,NL,no,no,no,yes,,,,obf-category-or-name,no,,https://world.openbeautyfacts.org/product/3468080150973/corine-de-farme-lilo-stitch-3-in-1-douchegel-corinne-de-farme,2026-09-04,,eu-baby-kind-katalog.csv
3468080081628,Lingettes nettoyantes pour bébé,Corinne de Farme,baby_kind,baby_0_36m,windel,PT,no,no,no,yes,,,,obf-category-or-name,no,,https://world.openbeautyfacts.org/product/3468080081628/lingettes-nettoyantes-pour-bebe-corinne-de-farme,2026-09-04,,eu-baby-kind-katalog.csv
3245678707579,Auchan baby- liniment oléo-calcaire - a l'huile d'olive - dès la naissance sauf prématurés bébé - 500 ml,Cosmia Baby,baby_kind,baby_0_36m,windel,FR,no,no,no,yes,,,,obf-category-or-name,no,,https://world.openbeautyfacts.org/product/3245678707579/auchan-baby-liniment-oleo-calcaire-a-l-huile-d-olive-des-la-naissance-sauf-prematures-bebe-500-ml-cosmia-baby,2026-09-04,,eu-baby-kind-katalog.csv
3245678704394,Cosmia b - eau nettoyante - à l'huile d'amande douce - bébé - 250ml,Cosmia Baby,baby_kind,baby_0_36m,reiniger,FR,no,no,no,yes,,,,obf-category-or-name,no,,https://world.openbeautyfacts.org/product/3245678704394/cosmia-b-eau-nettoyante-a-l-huile-d-amande-douce-bebe-250ml-cosmia-baby,2026-09-04,,eu-baby-kind-katalog.csv
3245678703892,Cosmia b - lait corps et massage - pour une douce nuit avec de l'extrait de camomille hydratant - bébé - 500 ml,Cosmia Baby,baby_kind,baby_0_36m,creme,FR,no,no,no,yes,,,,obf-category-or-name,no,,https://world.openbeautyfacts.org/product/3245678703892/cosmia-b-lait-corps-et-massage-pour-une-douce-nuit-avec-de-l-extrait-de-camomille-hydratant-bebe-500-ml-cosmia-baby,2026-09-04,,eu-baby-kind-katalog.csv
3245678704479,Huile nourrissante de massage,Cosmia Baby,baby_kind,baby_0_36m,creme,FR,no,no,no,yes,,,,obf-category-or-name,no,,https://world.openbeautyfacts.org/product/3245678704479/huile-nourrissante-de-massage-cosmia-baby,2026-09-04,,eu-baby-kind-katalog.csv
3245678704431,Lait nettoyant,Cosmia Baby,baby_kind,baby_0_36m,creme,FR,no,no,no,yes,,,,obf-category-or-name,no,,https://world.openbeautyfacts.org/product/3245678704431/lait-nettoyant-cosmia-baby,2026-09-04,,eu-baby-kind-katalog.csv
3245678691427,Lingettes fraîcheur,Cosmia Baby,baby_kind,baby_0_36m,windel,FR,no,no,no,yes,,,,obf-category-or-name,no,,https://world.openbeautyfacts.org/product/3245678691427/lingettes-fraicheur-cosmia-baby,2026-09-04,,eu-baby-kind-katalog.csv
3245678691434,Lingettes fraîcheur,Cosmia Baby,baby_kind,baby_0_36m,windel,FR,no,no,no,yes,,,,obf-category-or-name,no,,https://world.openbeautyfacts.org/product/3245678691434/lingettes-fraicheur-cosmia-baby,2026-09-04,,eu-baby-kind-katalog.csv
3245678691441,Lingettes fraîcheur,Cosmia Baby,baby_kind,baby_0_36m,windel,FR,no,no,no,yes,,,,obf-category-or-name,no,,https://world.openbeautyfacts.org/product/3245678691441/lingettes-fraicheur-cosmia-baby,2026-09-04,,eu-baby-kind-katalog.csv
3245678691489,Lingettes nettoyantes à l'aloe vera bio,Cosmia Baby,baby_kind,baby_0_36m,windel,FR,no,no,no,yes,,,,obf-category-or-name,no,,https://world.openbeautyfacts.org/product/3245678691489/lingettes-nettoyantes-a-l-aloe-vera-bio-cosmia-baby,2026-09-04,,eu-baby-kind-katalog.csv
3245678691496,Lingettes nettoyantes à l'huile d'olive,Cosmia Baby,baby_kind,baby_0_36m,windel,FR,no,no,no,yes,,,,obf-category-or-name,no,,https://world.openbeautyfacts.org/product/3245678691496/lingettes-nettoyantes-a-l-huile-d-olive-cosmia-baby,2026-09-04,,eu-baby-kind-katalog.csv
3245678691502,Lingettes nouveau-né à l'extrait de calendula,Cosmia Baby,baby_kind,baby_0_36m,windel,FR,no,no,no,yes,,,,obf-category-or-name,no,,https://world.openbeautyfacts.org/product/3245678691502/lingettes-nouveau-ne-a-l-extrait-de-calendula-cosmia-baby,2026-09-04,,eu-baby-kind-katalog.csv
3245678691519,Lingettes papier toilette,Cosmia Baby,baby_kind,baby_0_36m,windel,FR,no,no,no,yes,,,,obf-category-or-name,no,,https://world.openbeautyfacts.org/product/3245678691519/lingettes-papier-toilette-cosmia-baby,2026-09-04,,eu-baby-kind-katalog.csv
3245678691526,Lingettes papier toilette,Cosmia Baby,baby_kind,baby_0_36m,windel,FR,no,no,no,yes,,,,obf-category-or-name,no,,https://world.openbeautyfacts.org/product/3245678691526/lingettes-papier-toilette-cosmia-baby,2026-09-04,,eu-baby-kind-katalog.csv
3245678691465,Lingettes sensitives à l'extrait de camomille,Cosmia Baby,baby_kind,baby_0_36m,windel,FR,no,no,no,yes,,,,obf-category-or-name,no,,https://world.openbeautyfacts.org/product/3245678691465/lingettes-sensitives-a-l-extrait-de-camomille-cosmia-baby,2026-09-04,,eu-baby-kind-katalog.csv
3245678691472,Lingettes visage et mains à l'huile d'amande douce,Cosmia Baby,baby_kind,baby_0_36m,windel,FR,no,no,no,yes,,,,obf-category-or-name,no,,https://world.openbeautyfacts.org/product/3245678691472/lingettes-visage-et-mains-a-l-huile-d-amande-douce-cosmia-baby,2026-09-04,,eu-baby-kind-katalog.csv
3245678703885,Sérum physiologique,Cosmia Baby,baby_kind,baby_0_36m,sonst,FR,no,no,no,yes,,,,obf-category-or-name,no,,https://world.openbeautyfacts.org/product/3245678703885/serum-physiologique-cosmia-baby,2026-09-04,,eu-baby-kind-katalog.csv
3245678704448,Talc en poudre,Cosmia Baby,baby_kind,baby_0_36m,sonst,FR,no,no,no,yes,,,,obf-category-or-name,no,,https://world.openbeautyfacts.org/product/3245678704448/talc-en-poudre-cosmia-baby,2026-09-04,,eu-baby-kind-katalog.csv
3600550254211,Beautiful Beginnings Shampooing soin 2 en 1,Dark and Lovely,baby_kind,kind_3_11,haar,FR,no,no,no,no,,,,kinderprodukt-ab-3-jahren,no,,https://world.openbeautyfacts.org/product/3600550254211/beautiful-beginnings-shampooing-soin-2-en-1-dark-and-lovely,2026-09-04,,eu-baby-kind-katalog.csv
8480000794277,Toallitas bebé frescas y perfumadas,Deliplus,baby_kind,baby_0_36m,windel,ES,no,no,no,yes,,,,obf-category-or-name,no,,https://world.openbeautyfacts.org/product/8480000794277/toallitas-bebe-frescas-y-perfumadas-deliplus,2026-09-04,,eu-baby-kind-katalog.csv
5709954024333,Baby Shampoo/Bath,Derma,baby_kind,baby_0_36m,bad,PL,no,no,no,yes,,,,obf-category-or-name,no,,https://world.openbeautyfacts.org/product/5709954024333/baby-shampoo-bath-derma,2026-09-04,,eu-baby-kind-katalog.csv
5709954024371,Body Baby oil,Derma Eco,baby_kind,baby_0_36m,creme,PL,no,no,no,yes,,,,obf-category-or-name,no,,https://world.openbeautyfacts.org/product/5709954024371/body-baby-oil-derma-eco,2026-09-04,,eu-baby-kind-katalog.csv
3567730300437,Shampooing 2 en 1 démêlant Fraise Grenade Lait de coton,Dermaclay Junior,baby_kind,kind_3_11,haar,FR,no,no,no,no,,,,kinderprodukt-ab-3-jahren,no,,https://world.openbeautyfacts.org/product/3567730300437/shampooing-2-en-1-demelant-fraise-grenade-lait-de-coton-dermaclay-junior,2026-09-04,,eu-baby-kind-katalog.csv
3401520672673,Liniment oléo calcaire stabilité,Dermactive Bébé,baby_kind,baby_0_36m,windel,FR,no,no,no,yes,,,,obf-category-or-name,no,,https://world.openbeautyfacts.org/product/3401520672673/liniment-oleo-calcaire-stabilite-dermactive-bebe,2026-09-04,,eu-baby-kind-katalog.csv
8001300820642,Bebè salviettine detergenti corpo,Despar,baby_kind,baby_0_36m,windel,IT,no,no,no,yes,,,,obf-category-or-name,no,,https://world.openbeautyfacts.org/product/8001300820642/bebe-salviettine-detergenti-corpo-despar,2026-09-04,,eu-baby-kind-katalog.csv
5028270004752,Baby wipes fragrance free,Dimple,baby_kind,baby_0_36m,windel,FR,yes,no,no,yes,obf-label,,,obf-category-or-name,no,,https://world.openbeautyfacts.org/product/5028270004752/baby-wipes-fragrance-free-dimple,2026-09-04,,eu-baby-kind-katalog.csv
3160920965012,Shampooing anti poux & lentes,Disney,baby_kind,kind_3_11,haar,FR,no,no,no,no,,,,kinderprodukt-ab-3-jahren,no,,https://world.openbeautyfacts.org/product/3160920965012/shampooing-anti-poux-lentes-disney,2026-09-04,,eu-baby-kind-katalog.csv
3700763501581,Lingettes nettoyantes,Dodie,baby_kind,baby_0_36m,windel,FR,no,no,no,yes,,,,obf-category-or-name,no,,https://world.openbeautyfacts.org/product/3700763501581/lingettes-nettoyantes-douceur-dermo-apaisantes-dodie,2026-09-04,,eu-baby-kind-katalog.csv
3600550306774,Shampooing 3 en 1 usage quotidien,Dop,baby_kind,kind_3_11,haar,FR,no,no,no,no,,,,kinderprodukt-ab-3-jahren,no,,https://world.openbeautyfacts.org/product/3600550306774/shampooing-3-en-1-usage-quotidien-dop,2026-09-04,,eu-baby-kind-katalog.csv
3380380064722,Beauté & Hygiène / Change Bébé / Liniment,Douce Nature,baby_kind,baby_0_36m,windel,FR,no,no,no,yes,,,,obf-category-or-name,no,,https://world.openbeautyfacts.org/product/3380380064722/beaute-hygiene-change-bebe-liniment-douce-nature,2026-09-04,,eu-baby-kind-katalog.csv
3380390901154,Papoo Shampooing des écoles,Douce Nature,baby_kind,kind_3_11,haar,FR,no,no,no,no,,,,kinderprodukt-ab-3-jahren,no,,https://world.openbeautyfacts.org/product/3380390901154/papoo-shampooing-des-ecoles-douce-nature,2026-09-04,,eu-baby-kind-katalog.csv
8710522420713,Baby gel de ducha,Dove,baby_kind,baby_0_36m,sonst,ES,no,no,no,yes,,,,obf-category-or-name,no,,https://world.openbeautyfacts.org/product/8710522420713/baby-gel-de-ducha-unilever,2026-09-04,,eu-baby-kind-katalog.csv
8710447362945,Sensitive Skin Care Lotion,Dove,baby_kind,baby_0_36m,creme,FR,no,no,no,yes,,,,obf-category-or-name,no,,https://world.openbeautyfacts.org/product/8710447362945/sensitive-skin-care-lotion-unilever,2026-09-04,,eu-baby-kind-katalog.csv
4033981732079,Crème Solaire Baby & Kids SPF 45,Eco Cosmetics,baby_kind,baby_0_36m,spf,FR,no,no,no,yes,,,,obf-category-or-name,no,AAP/AAD: unter 6 Monaten SPF nicht first-line,https://world.openbeautyfacts.org/product/4033981732079/creme-solaire-baby-kids-spf-45-eco-cosmetics,2026-09-04,"SAFETY NOTE unter 6 Mon.: Schatten/Kleidung first-line, kein SPF-First für Neonaten in App-Copy.",eu-baby-kind-katalog.csv
4033981732086,Crème Solaire Baby & Kids SPF 50+,Eco Cosmetics,baby_kind,baby_0_36m,spf,FR,no,no,no,yes,,,,obf-category-or-name,no,AAP/AAD: unter 6 Monaten SPF nicht first-line,https://world.openbeautyfacts.org/product/4033981732086/creme-solaire-baby-kids-spf-50-eco-cosmetics,2026-09-04,"SAFETY NOTE unter 6 Mon.: Schatten/Kleidung first-line, kein SPF-First für Neonaten in App-Copy.",eu-baby-kind-katalog.csv
4033981732581,Crème Solaire Neutre Baby SPF 50+,Eco Cosmetics,baby_kind,baby_0_36m,spf,FR,no,no,no,yes,,,,obf-category-or-name,no,AAP/AAD: unter 6 Monaten SPF nicht first-line,https://world.openbeautyfacts.org/product/4033981732581/creme-solaire-neutre-baby-spf-50-eco-cosmetics,2026-09-04,"SAFETY NOTE unter 6 Mon.: Schatten/Kleidung first-line, kein SPF-First für Neonaten in App-Copy.",eu-baby-kind-katalog.csv
3450970024600,Lait de toilette bébé,Eco+,baby_kind,baby_0_36m,reiniger,FR,no,no,no,yes,,,,obf-category-or-name,no,,https://world.openbeautyfacts.org/product/3450970024600/lait-de-toilette-bebe-eco,2026-09-04,,eu-baby-kind-katalog.csv
7340083492488,Baby våtservetter,Eldorado,baby_kind,baby_0_36m,sonst,SE,no,no,no,yes,,,,obf-category-or-name,no,,https://world.openbeautyfacts.org/product/7340083492488/baby-vatservetter-eldorado,2026-09-04,,eu-baby-kind-katalog.csv
8002330128357,baby salviettine sensitive,Esselunga,baby_kind,baby_0_36m,creme,IT,no,no,no,yes,,,,obf-category-or-name,no,,https://world.openbeautyfacts.org/product/8002330128357/baby-salviettine-sensitive-esselunga,2026-09-04,,eu-baby-kind-katalog.csv
4059729447395,Essence Baby Got Blush 30 Dusty Rose Liquid Blush,Essence,baby_kind,baby_0_36m,sonst,NL,no,no,no,yes,,,,obf-category-or-name,no,,https://world.openbeautyfacts.org/product/4059729447395/essence-baby-got-blush-30-dusty-rose-liquid-blush,2026-09-04,,eu-baby-kind-katalog.csv
4059729521347,Essence Baby Got Bronze 10 Golden Hour Shimmering Bronzer,Essence,baby_kind,baby_0_36m,sonst,NL,no,no,no,yes,,,,obf-category-or-name,no,,https://world.openbeautyfacts.org/product/4059729521347/essence-baby-got-bronze-10-golden-hour-shimmering-bronzer,2026-09-04,,eu-baby-kind-katalog.csv
4059729521354,Essence Baby Got Bronze 20 Holiday Glow Shimmering Bronzer,Essence,baby_kind,baby_0_36m,sonst,NL,no,no,no,yes,,,,obf-category-or-name,no,,https://world.openbeautyfacts.org/product/4059729521354/essence-baby-got-bronze-20-holiday-glow-shimmering-bronzer,2026-09-04,,eu-baby-kind-katalog.csv
8710198441609,Etos Sensitive baby & kids lotion SPF 50+,Etos,baby_kind,baby_0_36m,spf,NL,no,no,no,yes,,,,obf-category-or-name,no,AAP/AAD: unter 6 Monaten SPF nicht first-line,https://world.openbeautyfacts.org/product/8710198441609/etos-sensitive-baby-kids-lotion-spf-50,2026-09-04,"SAFETY NOTE unter 6 Mon.: Schatten/Kleidung first-line, kein SPF-First für Neonaten in App-Copy.",eu-baby-kind-katalog.csv
6422876000603,Doctor wipes aloe vera,Europack media,baby_kind,baby_0_36m,windel,RO,no,no,no,yes,,,,obf-category-or-name,no,,https://world.openbeautyfacts.org/product/6422876000603/doctor-wipes-aloe-vera-europack-media,2026-09-04,,eu-baby-kind-katalog.csv
8017596119001,hello Baby,eurospin,baby_kind,baby_0_36m,creme,IT,no,no,no,yes,,,,obf-category-or-name,no,,https://world.openbeautyfacts.org/product/8017596119001/hello-baby-eurospin,2026-09-04,,eu-baby-kind-katalog.csv
3504108012950,Cold cream bébé,Expanscience,baby_kind,baby_0_36m,creme,FR,no,no,no,yes,,,,obf-category-or-name,no,,https://world.openbeautyfacts.org/product/3504108012950/cold-cream-bebe-expanscience,2026-09-04,,eu-baby-kind-katalog.csv
3504105035501,Hydra Bebe Lotion,Expanscience,baby_kind,baby_0_36m,creme,PL;ES,no,no,no,yes,,,,obf-category-or-name,no,,https://world.openbeautyfacts.org/product/3504105035501/hydra-bebe-lotion-expanscience,2026-09-04,,eu-baby-kind-katalog.csv
3504108012936,Hydra Bébé Crème visage,Expanscience,baby_kind,baby_0_36m,creme,FR,no,no,no,yes,,,,obf-category-or-name,no,,https://world.openbeautyfacts.org/product/3504108012936/hydra-bebe-creme-visage-expanscience,2026-09-04,,eu-baby-kind-katalog.csv
3504108010574,Lait de toilette,Expanscience,baby_kind,baby_0_36m,reiniger,FR,no,no,no,yes,,,,obf-category-or-name,no,,https://world.openbeautyfacts.org/product/3504108010574/lait-de-toilette-expanscience,2026-09-04,,eu-baby-kind-katalog.csv
8720181509803,Junior 6-13 ans arome menthe,Fluocaril,baby_kind,kind_3_11,creme,FR,no,no,no,no,,,,kinderprodukt-ab-3-jahren,no,,https://world.openbeautyfacts.org/product/8720181509803/junior-6-13-ans-arome-menthe-fluocaril,2026-09-04,,eu-baby-kind-katalog.csv
4001499946288,Baby Spül-Reiniger,Frosch,baby_kind,baby_0_36m,sonst,DE,no,no,no,yes,,,,obf-category-or-name,no,,https://world.openbeautyfacts.org/product/4001499946288/baby-spul-reiniger-frosch,2026-09-04,,eu-baby-kind-katalog.csv
3600542503136,Botanic Therapy Shampoo & Detangler,Garnier,baby_kind,baby_0_36m,haar,PL,no,no,no,yes,,,,obf-category-or-name,no,,https://world.openbeautyfacts.org/product/3600542503136/botanic-therapy-shampoo-detangler-garnier,2026-09-04,,eu-baby-kind-katalog.csv
3600541173620,Shampooing 2 en 1,Garnier,baby_kind,kind_3_11,haar,FR,no,no,no,no,,,,kinderprodukt-ab-3-jahren,no,,https://world.openbeautyfacts.org/product/3600541173620/shampooing-2-en-1-l-oreal,2026-09-04,,eu-baby-kind-katalog.csv
3600542525787,Ultra doux enfant 2 en 1,Garnier,baby_kind,kind_3_11,haar,FR,no,no,no,no,,,,kinderprodukt-ab-3-jahren,no,,https://world.openbeautyfacts.org/product/3600542525787/ultra-doux-enfant-2-en-1-garnier,2026-09-04,,eu-baby-kind-katalog.csv
8411126026966,Shampooing Enfants Extra Doux fraîcheur de cologne,Geniol,baby_kind,kind_3_11,haar,FR,no,no,no,no,,,,kinderprodukt-ab-3-jahren,no,,https://world.openbeautyfacts.org/product/8411126026966/shampooing-enfants-extra-doux-fraicheur-de-cologne-geniol,2026-09-04,,eu-baby-kind-katalog.csv
3401528521096,Baume pectoral bébé,Gifrer,baby_kind,baby_0_36m,creme,FR,no,no,no,yes,,,,obf-category-or-name,no,,https://world.openbeautyfacts.org/product/3401528521096/gifrer-baume-pectoral,2026-09-04,,eu-baby-kind-katalog.csv
3489940068085,BEBE BIO Liniment oléo calcaire,GRAVIER BEBE BIO,baby_kind,baby_0_36m,windel,FR,no,no,no,yes,,,,obf-category-or-name,no,,https://world.openbeautyfacts.org/product/3489940068085/bebe-bio-liniment-oleo-calcaire-gravier-bebe-bio,2026-09-04,,eu-baby-kind-katalog.csv
3489940068078,BEBE BIO Liniment oléo calcaire,Gravier Bébé Bio,baby_kind,baby_0_36m,windel,FR,no,no,no,yes,,,,obf-category-or-name,no,,https://world.openbeautyfacts.org/product/3489940068078/bebe-bio-liniment-oleo-calcaire-gravier-bebe-bio,2026-09-04,,eu-baby-kind-katalog.csv
7501022150412,Racimos de oro jabon de bebe,Grisi,baby_kind,baby_0_36m,sonst,ES,no,no,no,yes,,,,obf-category-or-name,no,,https://world.openbeautyfacts.org/product/7501022150412/racimos-de-oro-jabon-de-bebe-ricitos-de-oro,2026-09-04,,eu-baby-kind-katalog.csv
5904006380232,Face & body Hypoallergenic Cream,Hagi baby,baby_kind,baby_0_36m,creme,PL,no,no,no,yes,,,,obf-category-or-name,no,,https://world.openbeautyfacts.org/product/5904006380232/face-body-hypoallergenic-cream-hagi-baby,2026-09-04,,eu-baby-kind-katalog.csv
8718537561247,Baby wipes with 99.4% water,HEMA,baby_kind,baby_0_36m,windel,NL,no,no,no,yes,,,,obf-category-or-name,no,,https://world.openbeautyfacts.org/product/8718537561247/baby-wipes-with-99-4-water-hema,2026-09-04,,eu-baby-kind-katalog.csv
4062300422537,Baby Oil,Hipp,baby_kind,baby_0_36m,creme,PL,no,no,no,yes,,,,obf-category-or-name,no,,https://world.openbeautyfacts.org/product/4062300422537/baby-oil-hipp,2026-09-04,HiPP Babysanft oft ab 1. Lebenstag; viele SKUs mit Parfum in INCI → FF nur bei Label.,eu-baby-kind-katalog.csv
4062300373211,Baby Shampoo,Hipp,baby_kind,baby_0_36m,haar,DE,no,no,no,yes,,,,obf-category-or-name,no,,https://world.openbeautyfacts.org/product/4062300373211/baby-shampoo-hipp,2026-09-04,HiPP Babysanft oft ab 1. Lebenstag; viele SKUs mit Parfum in INCI → FF nur bei Label.,eu-baby-kind-katalog.csv
40623474,GESICHT & HÄNDE Ultra-Sensitiv,HiPP,baby_kind,baby_0_36m,windel,FR;DE,no,no,no,yes,,,,obf-category-or-name,no,,https://world.openbeautyfacts.org/product/40623474/gesicht-hande-ultra-sensitiv-hipp,2026-09-04,HiPP Babysanft oft ab 1. Lebenstag; viele SKUs mit Parfum in INCI → FF nur bei Label.,eu-baby-kind-katalog.csv
40623405,HiPP Babysanft Sonnenschutz,HIPP,baby_kind,baby_0_36m,spf,AT,no,no,no,yes,,,,obf-category-or-name,no,AAP/AAD: unter 6 Monaten SPF nicht first-line,https://world.openbeautyfacts.org/product/40623405/hipp-babysanft-sonnenschutz,2026-09-04,"HiPP Babysanft oft ab 1. Lebenstag; viele SKUs mit Parfum in INCI → FF nur bei Label.; SAFETY NOTE unter 6 Mon.: Schatten/Kleidung first-line, kein SPF-First für Neonaten in App-Copy.",eu-baby-kind-katalog.csv
44562300422544,Cream,Hipp Babysanft,baby_kind,baby_0_36m,creme,PL,no,no,no,yes,,,,obf-category-or-name,no,,https://world.openbeautyfacts.org/product/44562300422544/cream-hipp-babysanft,2026-09-04,HiPP Babysanft oft ab 1. Lebenstag; viele SKUs mit Parfum in INCI → FF nur bei Label.,eu-baby-kind-katalog.csv
4062300419346,Gel douche corps cheveux famille,Hipp Babysanft,baby_kind,baby_0_36m,bad,FR;PL,no,no,no,yes,,,,obf-category-or-name,no,,https://world.openbeautyfacts.org/product/4062300419346/gel-douche-corps-cheveux-famille-hipp-babysanft,2026-09-04,HiPP Babysanft oft ab 1. Lebenstag; viele SKUs mit Parfum in INCI → FF nur bei Label.,eu-baby-kind-katalog.csv
8690510115145,baby pure fragrance free wipes,hops,baby_kind,baby_0_36m,windel,PL,yes,no,no,yes,name-claim,,,obf-category-or-name,no,,https://world.openbeautyfacts.org/product/8690510115145/baby-pure-fragrance-free-wipes-hops,2026-09-04,,eu-baby-kind-katalog.csv
5029053582306,Drynites Sous-vêtements de nuit absorbants pour filles 8-13 ans (30-48kg),HUGGIES,baby_kind,baby_0_36m,sonst,FR,no,no,no,yes,,,,obf-category-or-name,no,,https://world.openbeautyfacts.org/product/5029053582306/drynites-sous-vetements-de-nuit-absorbants-pour-filles-8-13-ans-30-48kg-huggies,2026-09-04,,eu-baby-kind-katalog.csv
5029053550237,Everyday,Huggies,baby_kind,baby_0_36m,windel,FR,no,no,no,yes,,,,obf-category-or-name,no,,https://world.openbeautyfacts.org/product/5029053550237/everyday-huggies,2026-09-04,,eu-baby-kind-katalog.csv
5029053585543,Extra Care Sensitive Wipes,Huggies,baby_kind,baby_0_36m,windel,FR,no,no,no,yes,,,,obf-category-or-name,no,,https://world.openbeautyfacts.org/product/5029053585543/extra-care-sensitive-wipes-huggies,2026-09-04,,eu-baby-kind-katalog.csv
5029053550152,Lingettes Natural Care with Aloe Vera,Huggies,baby_kind,baby_0_36m,windel,FR,no,no,no,yes,,,,obf-category-or-name,no,,https://world.openbeautyfacts.org/product/5029053550152/huggies-green-wips,2026-09-04,,eu-baby-kind-katalog.csv
5029053550039,linguettes HUGGIES pure,Huggies,baby_kind,baby_0_36m,windel,FR;RO,no,no,no,yes,,,,obf-category-or-name,no,,https://world.openbeautyfacts.org/product/5029053550039/linguettes-huggies-pure,2026-09-04,,eu-baby-kind-katalog.csv
5029053582238,Simply Clean,Huggies,baby_kind,baby_0_36m,windel,FR,no,no,no,yes,,,,obf-category-or-name,no,,https://world.openbeautyfacts.org/product/5029053582238/huggies,2026-09-04,,eu-baby-kind-katalog.csv
7318690137542,Baby Zinksalva,ICA,baby_kind,baby_0_36m,creme,SE,no,no,no,yes,,,,obf-category-or-name,no,,https://world.openbeautyfacts.org/product/7318690137542/baby-zinksalva-ica,2026-09-04,,eu-baby-kind-katalog.csv
8480012004814,Toallitas húmedas baby,IFA,baby_kind,baby_0_36m,windel,ES,no,no,no,yes,,,,obf-category-or-name,no,,https://world.openbeautyfacts.org/product/8480012004814/toallitas-humedas-baby-ummia,2026-09-04,,eu-baby-kind-katalog.csv
3250391966806,Gel lavant corps & cheveux,Intermarché,baby_kind,baby_0_36m,bad,FR,no,no,no,yes,,,,obf-category-or-name,no,,https://world.openbeautyfacts.org/product/3250391966806/gel-lavant-corps-cheveux-intermarche,2026-09-04,,eu-baby-kind-katalog.csv
3410280029177,Lingettes bébé,Intermarché,baby_kind,baby_0_36m,windel,FR,no,no,no,yes,,,,obf-category-or-name,no,,https://world.openbeautyfacts.org/product/3410280029177/lingettes-bebe-intermarche,2026-09-04,,eu-baby-kind-katalog.csv
8470003924801,"Nutraisdin, baby gel champú",ISDIN,baby_kind,baby_0_36m,sonst,ES,no,no,no,yes,,,,obf-category-or-name,no,,https://world.openbeautyfacts.org/product/8470003924801/nutraisdin-baby-gel-champu-isdin,2026-09-04,,eu-baby-kind-katalog.csv
5744004980238,Baby wipes,Jelp,baby_kind,baby_0_36m,windel,PL,no,no,no,yes,,,,obf-category-or-name,no,,https://world.openbeautyfacts.org/product/5744004980238/baby-wipes-jelp,2026-09-04,,eu-baby-kind-katalog.csv
3574660057706,Johnson baby oil,Johnson,baby_kind,baby_0_36m,creme,IT,no,no,no,yes,,,,obf-category-or-name,no,,https://world.openbeautyfacts.org/product/3574660057706/johnson-baby-oil,2026-09-04,,eu-baby-kind-katalog.csv
53574660291162,Baby Oil,Johnson & Johnson,baby_kind,baby_0_36m,creme,PL,no,no,no,yes,,,,obf-category-or-name,no,,https://world.openbeautyfacts.org/product/53574660291162/baby-oil-johnson-johnson,2026-09-04,,eu-baby-kind-katalog.csv
6291100760442,Baby soap,Johnson & Johnson,baby_kind,baby_0_36m,bad,FR,no,no,no,yes,,,,obf-category-or-name,no,,https://world.openbeautyfacts.org/product/6291100760442/baby-soap-johnson-johnson,2026-09-04,,eu-baby-kind-katalog.csv
3574661728216,Johnson’s baby powder,Johnson & Johnson,baby_kind,baby_0_36m,sonst,NL,no,no,no,yes,,,,obf-category-or-name,no,,https://world.openbeautyfacts.org/product/3574661728216/johnson-s-baby-powder-johnson-johnson,2026-09-04,,eu-baby-kind-katalog.csv
3574661198514,anti-pickel Feuchtigkeitscreme,Johnson & Johnson SBF,baby_kind,baby_0_36m,creme,DE,no,no,no,yes,,,,obf-category-or-name,no,,https://world.openbeautyfacts.org/product/3574661198514/anti-pickel-feuchtigkeitscreme-johnson-johnson-sbf,2026-09-04,,eu-baby-kind-katalog.csv
3574661213187,Baby shampoo gotas de brillo,Johnson's,baby_kind,baby_0_36m,haar,ES,no,no,no,yes,,,,obf-category-or-name,no,,https://world.openbeautyfacts.org/product/3574661213187/baby-shampoo-gotas-de-brillo-johnson-s,2026-09-04,,eu-baby-kind-katalog.csv
3574661520476,Camomila,Johnson's Baby,baby_kind,baby_0_36m,sonst,ES,no,no,no,yes,,,,obf-category-or-name,no,,https://world.openbeautyfacts.org/product/3574661520476/camomila-johnson-s-baby,2026-09-04,,eu-baby-kind-katalog.csv
3574661520469,Champú,Johnson's Baby,baby_kind,baby_0_36m,sonst,ES,no,no,no,yes,,,,obf-category-or-name,no,,https://world.openbeautyfacts.org/product/3574661520469/champu-johnson-s-baby,2026-09-04,,eu-baby-kind-katalog.csv
8540661520469,Champú,Johnson's Baby,baby_kind,baby_0_36m,sonst,ES,no,no,no,yes,,,,obf-category-or-name,no,,https://world.openbeautyfacts.org/product/8540661520469/champu-johnson-s-baby,2026-09-04,,eu-baby-kind-katalog.csv
7702031169536,Crema liquida avena,Johnson's Baby,baby_kind,baby_0_36m,sonst,ES,no,no,no,yes,,,,obf-category-or-name,no,,https://world.openbeautyfacts.org/product/7702031169536/crema-liquida-avena-johnson-s-baby,2026-09-04,,eu-baby-kind-katalog.csv
5601182015001,Shampoo,Johnson's Baby,baby_kind,baby_0_36m,haar,ES,no,no,no,yes,,,,obf-category-or-name,no,,https://world.openbeautyfacts.org/product/5601182015001/shampoo-johnson-s-baby,2026-09-04,,eu-baby-kind-katalog.csv
0062600452306,"Baby Lotion - Coconut Oil Body Moisturizer - Dry Skin - Baby Skin Care Product, Fragrance Free",Johnson’s,baby_kind,baby_0_36m,creme,FR,yes,no,no,yes,name-claim,,,obf-category-or-name,no,,https://world.openbeautyfacts.org/product/0062600452306/baby-lotion-coconut-oil-body-moisturizer-dry-skin-baby-skin-care-product-fragrance-free-johnson-s,2026-09-04,"OBF-Name endet mit „Fragrance Free“; Coconut Oil = Inhaltsstoff, nicht Duftclaim. EU-countries laut OBF prüfen.",eu-baby-kind-katalog.csv
3574660587524,Baby oil,Johnson’s,baby_kind,baby_0_36m,creme,PL,no,no,no,yes,,,,obf-category-or-name,no,,https://world.openbeautyfacts.org/product/3574660587524/baby-oil-johnson-s,2026-09-04,,eu-baby-kind-katalog.csv
3574669907866,Baby Shampoo,Johnson’s,baby_kind,baby_0_36m,haar,PL,no,no,no,yes,,,,obf-category-or-name,no,,https://world.openbeautyfacts.org/product/3574669907866/baby-shampoo-johnson-s,2026-09-04,,eu-baby-kind-katalog.csv
3574660348071,Dulces sueños baño para bebé,Johnson’s,baby_kind,baby_0_36m,sonst,ES,no,no,no,yes,,,,obf-category-or-name,no,,https://world.openbeautyfacts.org/product/3574660348071/dulces-suenos-bano-para-bebe-johnson-s,2026-09-04,,eu-baby-kind-katalog.csv
3574661428093,Face & body lotion,Johnson’s,baby_kind,baby_0_36m,creme,PL,no,no,no,yes,,,,obf-category-or-name,no,,https://world.openbeautyfacts.org/product/3574661428093/face-body-lotion-johnson-s,2026-09-04,,eu-baby-kind-katalog.csv
3574669907385,Johnson’s baby shampoo,Johnson’s,baby_kind,baby_0_36m,haar,PL,no,no,no,yes,,,,obf-category-or-name,no,,https://world.openbeautyfacts.org/product/3574669907385/johnson-s-baby-shampoo,2026-09-04,,eu-baby-kind-katalog.csv
7046110071519,Jordan Tandpasta Milde Frambozensmaak 0-5 Jaar 50 ml,Jordan,baby_kind,kind_3_11,sonst,NL,no,no,no,no,,,,kinderprodukt-ab-3-jahren,no,,https://world.openbeautyfacts.org/product/7046110071519/jordan-tandpasta-milde-frambozensmaak-0-5-jaar-50-ml,2026-09-04,,eu-baby-kind-katalog.csv
7046110075562,Jordan Tandpasta Milde Fruitsmaak 6-12 Jaar 50 ml,Jordan,baby_kind,kind_3_11,sonst,NL,no,no,no,no,,,,kinderprodukt-ab-3-jahren,no,,https://world.openbeautyfacts.org/product/7046110075562/jordan-tandpasta-milde-fruitsmaak-6-12-jaar-50-ml,2026-09-04,,eu-baby-kind-katalog.csv
7070866038342,Toothpaste pump Kids 0-5,Jordan,baby_kind,kind_3_11,sonst,FR,no,no,no,no,,,,kinderprodukt-ab-3-jahren,no,,https://world.openbeautyfacts.org/product/7070866038342/toothpaste-pump-kids-0-5-jordan,2026-09-04,,eu-baby-kind-katalog.csv
8718452724307,Jumbo Baby Shampoo 300 ml,JUMBO,baby_kind,baby_0_36m,haar,NL,no,no,no,yes,,,,obf-category-or-name,no,,https://world.openbeautyfacts.org/product/8718452724307/jumbo-baby-shampoo-300-ml,2026-09-04,,eu-baby-kind-katalog.csv
4335896491806,Baby mildes Shampoo,K Classic,baby_kind,baby_0_36m,haar,DE,no,no,no,yes,,,,obf-category-or-name,no,,https://world.openbeautyfacts.org/product/4335896491806/baby-mildes-shampoo-k-classic,2026-09-04,,eu-baby-kind-katalog.csv
5025404004497,Lingettes toilette fesses bébé,KANDOO,baby_kind,baby_0_36m,windel,FR,no,no,no,yes,,,,obf-category-or-name,no,,https://world.openbeautyfacts.org/product/5025404004497/lingettes-toilette-fesses-bebe-kandoo,2026-09-04,,eu-baby-kind-katalog.csv
3605970586287,Baby Lío Balm,Kiehl's,baby_kind,baby_0_36m,sonst,ES,no,no,no,yes,,,,obf-category-or-name,no,,https://world.openbeautyfacts.org/product/3605970586287/baby-lio-balm-l-oreal,2026-09-04,,eu-baby-kind-katalog.csv
5900095002789,Baby cotton buds Baby Sensitive,Kindii,baby_kind,baby_0_36m,sonst,FR,no,no,no,yes,,,,obf-category-or-name,no,,https://world.openbeautyfacts.org/product/5900095002789/baby-cotton-buds-baby-sensitive-kindii,2026-09-04,,eu-baby-kind-katalog.csv
53900095034940,Baby wipes,Kindii,baby_kind,baby_0_36m,windel,PL,no,no,no,yes,,,,obf-category-or-name,no,,https://world.openbeautyfacts.org/product/53900095034940/baby-wipes-kindii,2026-09-04,,eu-baby-kind-katalog.csv
5900095033530,Wet wipes for infants and babies,Kindii,baby_kind,baby_0_36m,windel,PL,no,no,no,yes,,,,obf-category-or-name,no,,https://world.openbeautyfacts.org/product/5900095033530/wet-wipes-for-infants-and-babies-kindii,2026-09-04,,eu-baby-kind-katalog.csv
5900095035107,Wet wipes for infants and babies,Kindii,baby_kind,baby_0_36m,windel,PL,no,no,no,yes,,,,obf-category-or-name,no,,https://world.openbeautyfacts.org/product/5900095035107/wet-wipes-for-infants-and-babies-kindii,2026-09-04,,eu-baby-kind-katalog.csv
3282779338721,Klorane Bebe Gentle Foaming Gel Body And Hair 2X500ML (bath),Klorane,baby_kind,baby_0_36m,bad,FR,no,no,no,yes,,,,obf-category-or-name,no,,https://world.openbeautyfacts.org/product/3282779338721/klorane-bebe-gentle-foaming-gel-body-and-hair-2x500ml-bath,2026-09-04,,eu-baby-kind-katalog.csv
3282779327046,Klorane Bébé Baume apaisant et réparateur,Klorane,baby_kind,baby_0_36m,creme,FR,no,no,no,yes,,,,obf-category-or-name,no,,https://world.openbeautyfacts.org/product/3282779327046/klorane-bebe-baume-apaisant-et-reparateur,2026-09-04,,eu-baby-kind-katalog.csv
3282770055023,Klorane Bébé Crème hydratante Physio Calenduline,Klorane,baby_kind,baby_0_36m,creme,FR,no,no,no,yes,,,,obf-category-or-name,no,,https://world.openbeautyfacts.org/product/3282770055023/klorane-bebe-creme-hydratante-physio-calenduline,2026-09-04,,eu-baby-kind-katalog.csv
3282779326940,Klorane Bébé Crème protectrice pour le change,Klorane,baby_kind,baby_0_36m,windel,FR,no,no,no,yes,,,,obf-category-or-name,no,,https://world.openbeautyfacts.org/product/3282779326940/klorane-bebe-creme-protectrice-pour-le-change,2026-09-04,,eu-baby-kind-katalog.csv
3282779317337,Klorane Bébé Eryteal Liniment,Klorane,baby_kind,baby_0_36m,windel,FR,no,no,no,yes,,,,obf-category-or-name,no,,https://world.openbeautyfacts.org/product/3282779317337/klorane-bebe-eryteal-liniment,2026-09-04,,eu-baby-kind-katalog.csv
3282779053266,Klorane Bébé Eryteal Pommade,Klorane,baby_kind,baby_0_36m,windel,FR,no,no,no,yes,,,,obf-category-or-name,no,,https://world.openbeautyfacts.org/product/3282779053266/klorane-bebe-eryteal-pommade,2026-09-04,,eu-baby-kind-katalog.csv
3282779327039,Klorane Bébé Lingettes nettoyantes douceur au lait de toilette,Klorane,baby_kind,baby_0_36m,windel,FR,no,no,no,yes,,,,obf-category-or-name,no,,https://world.openbeautyfacts.org/product/3282779327039/klorane-bebe-lingettes-nettoyantes-douceur-au-lait-de-toilette,2026-09-04,,eu-baby-kind-katalog.csv
3282779393232,Klorane Bébé Moisturizing Lotion 500 Ml.,Klorane,baby_kind,baby_0_36m,creme,FR,no,no,no,yes,,,,obf-category-or-name,no,,https://world.openbeautyfacts.org/product/3282779393232/klorane-bebe-moisturizing-lotion-500-ml,2026-09-04,,eu-baby-kind-katalog.csv
3282779326919,Klorane Bébé Savon surgras très doux,Klorane,baby_kind,baby_0_36m,bad,FR,no,no,no,yes,,,,obf-category-or-name,no,,https://world.openbeautyfacts.org/product/3282779326919/klorane-bebe-savon-surgras-tres-doux,2026-09-04,,eu-baby-kind-katalog.csv
3282779326865,Klorane Bébé Shampooing doux démêlant,Klorane,baby_kind,baby_0_36m,haar,FR,no,no,no,yes,,,,obf-category-or-name,no,,https://world.openbeautyfacts.org/product/3282779326865/klorane-bebe-shampooing-doux-demelant,2026-09-04,,eu-baby-kind-katalog.csv
3282779411189,Spray Solaire enfant au calendula protecteur SPF50+ visage et corps,Klorane,baby_kind,baby_0_36m,spf,FR,no,no,no,yes,,,,obf-category-or-name,no,AAP/AAD: unter 6 Monaten SPF nicht first-line,https://world.openbeautyfacts.org/product/3282779411189/spray-solaire-enfant-au-calendula-protecteur-spf50-visage-et-corps-klorane,2026-09-04,"SAFETY NOTE unter 6 Mon.: Schatten/Kleidung first-line, kein SPF-First für Neonaten in App-Copy.",eu-baby-kind-katalog.csv
3282770038798,Crème lavante nourrissante cold cream,Klorane Bébé,baby_kind,baby_0_36m,creme,FR,no,no,no,yes,,,,obf-category-or-name,no,,https://world.openbeautyfacts.org/product/3282770038798/creme-lavante-nourrissante-cold-cream-klorane-bebe,2026-09-04,,eu-baby-kind-katalog.csv
3282779326834,Gel douceur moussant,Klorane Bébé,baby_kind,baby_0_36m,bad,FR,no,no,no,yes,,,,obf-category-or-name,no,,https://world.openbeautyfacts.org/product/3282779326834/gel-douceur-moussant-klorane-bebe,2026-09-04,,eu-baby-kind-katalog.csv
3282779005623,L'eau de bébé,Klorane Bébé,baby_kind,baby_0_36m,creme,FR,no,no,no,yes,,,,obf-category-or-name,no,,https://world.openbeautyfacts.org/product/3282779005623/l-eau-de-bebe-klorane-bebe,2026-09-04,,eu-baby-kind-katalog.csv
3282770023855,Lait de toilette protecteur sans rinçage,Klorane Bébé,baby_kind,baby_0_36m,reiniger,FR,no,no,no,yes,,,,obf-category-or-name,no,,https://world.openbeautyfacts.org/product/3282770023855/lait-de-toilette-protecteur-sans-rincage-klorane-bebe,2026-09-04,,eu-baby-kind-katalog.csv
3282779326988,Poudre de toilette protectrice,Klorane Bébé,baby_kind,baby_0_36m,creme,FR,no,no,no,yes,,,,obf-category-or-name,no,,https://world.openbeautyfacts.org/product/3282779326988/poudre-de-toilette-protectrice-klorane-bebe,2026-09-04,,eu-baby-kind-katalog.csv
8850002006553,Baby Powder White,Kodomo,baby_kind,baby_0_36m,sonst,ES,no,no,no,yes,,,,obf-category-or-name,no,,https://world.openbeautyfacts.org/product/8850002006553/baby-powder-white-kodomo,2026-09-04,,eu-baby-kind-katalog.csv
8720674306209,shampoo baby's,Kruidvat,baby_kind,baby_0_36m,haar,NL,no,no,no,yes,,,,obf-category-or-name,no,,https://world.openbeautyfacts.org/product/8720674306209/shampoo-baby-s-kruidvat,2026-09-04,,eu-baby-kind-katalog.csv
3450601052330,Gel lavant Corps & Cheveux,L'arbre vert,baby_kind,baby_0_36m,bad,FR,no,no,no,yes,,,,obf-category-or-name,no,,https://world.openbeautyfacts.org/product/3450601052330/gel-lavant-corps-cheveux-l-arbre-vert-bebe,2026-09-04,,eu-baby-kind-katalog.csv
3450601052316,Liniment oléo-calcaire,L'arbre vert,baby_kind,baby_0_36m,windel,FR,yes,no,no,yes,obf-label,,,obf-category-or-name,no,,https://world.openbeautyfacts.org/product/3450601052316/liniment-oleo-calcaire-l-arbre-vert-bebe,2026-09-04,,eu-baby-kind-katalog.csv
3337872419904,Anthelios SPF 50+ Dermo-Pediatrics Lait Bebe,La Roche-Posay,baby_kind,baby_0_36m,spf,FR,no,no,no,yes,,,,obf-category-or-name,no,AAP/AAD: unter 6 Monaten SPF nicht first-line,https://world.openbeautyfacts.org/product/3337872419904/anthelios-spf-50-dermo-pediatrics-lait-bebe-la-roche-posay,2026-09-04,"SAFETY NOTE unter 6 Mon.: Schatten/Kleidung first-line, kein SPF-First für Neonaten in App-Copy.",eu-baby-kind-katalog.csv
3337872412998,Lipikar Baume AP+M,La Roche-Posay,baby_kind,baby_0_36m,creme,FR;DE;AT;EU,yes,no,no,yes,brand-page,,,brand-page,no,,https://centrethermal.laroche-posay.fr/fr-FR/SPA-Source,2026-09-04,LRP Thermal Center: Lipikar Baume AP+M „Sans parfum“; bébé/enfant/adulte. DE-Seite JS-shell. Keine Therapie. CFI: nein.,eu-baby-kind-katalog.csv
3770000717143,Mon petit La Rosée Lait de toilette nettoyant huile amande bébé,LA ROSEE,baby_kind,baby_0_36m,reiniger,FR,no,no,no,yes,,,,obf-category-or-name,no,,https://world.openbeautyfacts.org/product/3770000717143/mon-petit-la-rosee-lait-de-toilette-nettoyant-huile-amande-bebe,2026-09-04,,eu-baby-kind-katalog.csv
3770000717150,Mon petit la rosée Liniment 100% naturel huile olive bébé,LA ROSEE,baby_kind,baby_0_36m,windel,FR,no,no,no,yes,,,,obf-category-or-name,no,,https://world.openbeautyfacts.org/product/3770000717150/mon-petit-la-rosee-liniment-100-naturel-huile-olive-bebe,2026-09-04,,eu-baby-kind-katalog.csv
3250391151844,Shampooing Vanille Abricot,Labell,baby_kind,kind_3_11,haar,FR,no,no,no,no,,,,kinderprodukt-ab-3-jahren,no,,https://world.openbeautyfacts.org/product/3250391151844/shampooing-vanille-abricot-labell,2026-09-04,,eu-baby-kind-katalog.csv
3664696005021,INSTANT BEBE Liniment oléocalcaire,Laboratoire Giphar,baby_kind,baby_0_36m,windel,FR,no,no,no,yes,,,,obf-category-or-name,no,,https://world.openbeautyfacts.org/product/3664696005021/instant-bebe-liniment-oleocalcaire-laboratoire-giphar,2026-09-04,,eu-baby-kind-katalog.csv
3518646126758,Liniment Oleo-Calcaire,Laboratoires Gilbert,baby_kind,baby_0_36m,windel,FR,no,no,no,yes,,,,obf-category-or-name,no,,https://world.openbeautyfacts.org/product/3518646126758/liniment-oleo-calcaire-laboratoires-gilbert,2026-09-04,,eu-baby-kind-katalog.csv
4061459916355,Baby & Kids Sensitive Sun Lotion,Lacura,baby_kind,baby_0_36m,creme,IE,no,no,yes,yes,,,cfi,obf-category-or-name,no,,https://world.openbeautyfacts.org/product/4061459916355/baby-kids-sensitive-sun-lotion-lacura,2026-09-04,,eu-baby-kind-katalog.csv
8717931600149,Lala's Baby Regular Vaseline,Lala's,baby_kind,baby_0_36m,creme,NL,no,no,no,yes,,,,obf-category-or-name,no,,https://world.openbeautyfacts.org/product/8717931600149/lala-s-baby-regular-vaseline,2026-09-04,,eu-baby-kind-katalog.csv
3058325050054,Crème hydratante protectrice,LASCAD,baby_kind,baby_0_36m,creme,FR,no,no,no,yes,,,,obf-category-or-name,no,,https://world.openbeautyfacts.org/product/3058325050054/creme-hydratante-protectrice-l-oreal,2026-09-04,,eu-baby-kind-katalog.csv
3600550848359,Crème hydratante protectrice pour le visage et le corps,LASCAD,baby_kind,baby_0_36m,creme,FR,no,no,no,yes,,,,obf-category-or-name,no,,https://world.openbeautyfacts.org/product/3600550848359/creme-hydratante-protectrice-pour-le-visage-et-le-corps-l-oreal,2026-09-04,,eu-baby-kind-katalog.csv
3600550806847,Crème lavante protectrice bain & douche,LASCAD,baby_kind,baby_0_36m,bad,FR,no,no,no,yes,,,,obf-category-or-name,no,,https://world.openbeautyfacts.org/product/3600550806847/creme-lavante-protectrice-bain-douche-l-oreal,2026-09-04,,eu-baby-kind-katalog.csv
3058325066246,Lingettes ultra-fraîches à l'eau nettoyante,LASCAD,baby_kind,baby_0_36m,windel,FR,no,no,no,yes,,,,obf-category-or-name,no,,https://world.openbeautyfacts.org/product/3058325066246/lingettes-ultra-fraiches-a-l-eau-nettoyante-l-oreal,2026-09-04,,eu-baby-kind-katalog.csv
3760099591335,Natural caresse à l'huile d'amande douce,LASCAD,baby_kind,baby_0_36m,windel,FR,no,no,no,yes,,,,obf-category-or-name,no,,https://world.openbeautyfacts.org/product/3760099591335/natural-caresse-a-l-huile-d-amande-douce-l-oreal,2026-09-04,,eu-baby-kind-katalog.csv
3770012829797,Poudre Soin Végetale 2 En 1 Recharge,Le Bébé Français Bio,baby_kind,baby_0_36m,bad,FR,no,no,no,yes,,,,obf-category-or-name,no,,https://world.openbeautyfacts.org/product/3770012829797/poudre-soin-vegetale-2-en-1-recharge-le-bebe-francais-bio,2026-09-04,,eu-baby-kind-katalog.csv
3178041334433,Bébé,Le Chat,baby_kind,baby_0_36m,sonst,FR,no,no,no,yes,,,,obf-category-or-name,no,,https://world.openbeautyfacts.org/product/3178041334433/bebe-henkel,2026-09-04,,eu-baby-kind-katalog.csv
3574661344621,Shampooing Extra Doux 2 en 1 avec de l'Abricot,Le Petit Marseillais,baby_kind,kind_3_11,haar,FR,no,no,no,no,,,,kinderprodukt-ab-3-jahren,no,,https://world.openbeautyfacts.org/product/3574661344621/shampooing-extra-doux-2-en-1-avec-de-l-abricot-le-petit-marseillais,2026-09-04,,eu-baby-kind-katalog.csv
3549620080018,Baby Organic,Le Petit Olivier,baby_kind,baby_0_36m,sonst,FR,no,no,no,yes,,,,obf-category-or-name,no,,https://world.openbeautyfacts.org/product/3549620080018/baby-organic-le-petit-olivier,2026-09-04,,eu-baby-kind-katalog.csv
3549620080001,Gel lavant douceur Corps & Cheveux,Le Petit Olivier,baby_kind,baby_0_36m,bad,FR,no,no,no,yes,,,,obf-category-or-name,no,,https://world.openbeautyfacts.org/product/3549620080001/gel-lavant-douceur-corps-cheveux-le-petit-olivier,2026-09-04,,eu-baby-kind-katalog.csv
3574661870175,Gel lavant doux Amande douce,Le tout petit marseillais bébé,baby_kind,baby_0_36m,bad,FR,no,no,no,yes,,,,obf-category-or-name,no,,https://world.openbeautyfacts.org/product/3574661870175/gel-lavant-doux-amande-douce-le-tout-petit-marseillais-bebe,2026-09-04,,eu-baby-kind-katalog.csv
3574661870168,Gel lavant doux Calendula,Le tout petit marseillais bébé,baby_kind,baby_0_36m,bad,FR,no,no,no,yes,,,,obf-category-or-name,no,,https://world.openbeautyfacts.org/product/3574661870168/gel-lavant-doux-calendula-le-tout-petit-marseillais-bebe,2026-09-04,,eu-baby-kind-katalog.csv
3263856209318,80 lingettes pour bébé,Leader Price,baby_kind,baby_0_36m,windel,FR,no,no,no,yes,,,,obf-category-or-name,no,,https://world.openbeautyfacts.org/product/3263856209318/80-lingettes-pour-bebe-leader-price,2026-09-04,,eu-baby-kind-katalog.csv
3263855776217,Bébé Gel lavant,Leader Price,baby_kind,baby_0_36m,bad,FR,no,no,no,yes,,,,obf-category-or-name,no,,https://world.openbeautyfacts.org/product/3263855776217/bebe-gel-lavant-leader-price,2026-09-04,,eu-baby-kind-katalog.csv
3263855774114,Bébé Gel lavant corps & cheveux,Leader Price,baby_kind,baby_0_36m,bad,FR,no,no,no,yes,,,,obf-category-or-name,no,,https://world.openbeautyfacts.org/product/3263855774114/bebe-gel-lavant-corps-cheveux-leader-price,2026-09-04,,eu-baby-kind-katalog.csv
3263855778037,"Bébé Lait de Toilette Visage, Corps et Change",Leader Price,baby_kind,baby_0_36m,windel,FR,no,no,no,yes,,,,obf-category-or-name,no,,https://world.openbeautyfacts.org/product/3263855778037/bebe-lait-de-toilette-visage-corps-et-change-leader-price,2026-09-04,,eu-baby-kind-katalog.csv
3263855774213,Bébé Shampooing très doux,Leader Price,baby_kind,baby_0_36m,haar,FR,no,no,no,yes,,,,obf-category-or-name,no,,https://world.openbeautyfacts.org/product/3263855774213/bebe-shampooing-tres-doux-leader-price,2026-09-04,,eu-baby-kind-katalog.csv
3263855778518,Bébé Sérum physiologique yeux et nez,Leader Price,baby_kind,baby_0_36m,sonst,FR,no,no,no,yes,,,,obf-category-or-name,no,,https://world.openbeautyfacts.org/product/3263855778518/bebe-serum-physiologique-yeux-et-nez-leader-price,2026-09-04,,eu-baby-kind-katalog.csv
3263855775333,Shampooing douche et bain parfum fraise,Leader Price,baby_kind,kind_3_11,bad,FR,no,no,no,no,,,,kinderprodukt-ab-3-jahren,no,,https://world.openbeautyfacts.org/product/3263855775333/shampooing-douche-et-bain-parfum-fraise-leader-price,2026-09-04,,eu-baby-kind-katalog.csv
5425011750419,Talc pour bébé,Les Bébés d Alpha,baby_kind,baby_0_36m,sonst,FR,no,no,no,yes,,,,obf-category-or-name,no,,https://world.openbeautyfacts.org/product/5425011750419/talc-pour-bebe-les-bebes-d-alpha,2026-09-04,,eu-baby-kind-katalog.csv
20182359,Carrés de coton,Lidl,baby_kind,baby_0_36m,sonst,FR,no,no,no,yes,,,,obf-category-or-name,no,,https://world.openbeautyfacts.org/product/20182359/carres-de-coton-lidl,2026-09-04,,eu-baby-kind-katalog.csv
4056489191681,Lingettes pour bébé sensitive Lupilu,Lidl,baby_kind,baby_0_36m,windel,FR,no,no,no,yes,,,,obf-category-or-name,no,,https://world.openbeautyfacts.org/product/4056489191681/lingettes-pour-bebe-sensitive-lupilu-lidl,2026-09-04,,eu-baby-kind-katalog.csv
4260678845037,Lingettes bébé,Lillydoo,baby_kind,baby_0_36m,windel,FR,no,no,no,yes,,,,obf-category-or-name,no,,https://world.openbeautyfacts.org/product/4260678845037/lingettes-bebe-lillydoo,2026-09-04,,eu-baby-kind-katalog.csv
5901912623477,Baby wipes,Love & Care Gugu,baby_kind,baby_0_36m,windel,PL,no,no,no,yes,,,,obf-category-or-name,no,,https://world.openbeautyfacts.org/product/5901912623477/baby-wipes-love-care-gugu,2026-09-04,,eu-baby-kind-katalog.csv
3700668700225,Eau nettoyante hypoallergénique,Love & Green,baby_kind,baby_0_36m,reiniger,FR,no,no,no,yes,,,,obf-category-or-name,no,,https://world.openbeautyfacts.org/product/3700668700225/eau-nettoyante-hypoallergenique-love-green,2026-09-04,,eu-baby-kind-katalog.csv
3506770302001,Spray protecteur hydratant SPF 30 haute protection,Lovea,baby_kind,kind_3_11,spf,FR,no,no,no,no,,,,kinderprodukt-ab-3-jahren,no,AAP/AAD: unter 6 Monaten SPF nicht first-line,https://world.openbeautyfacts.org/product/3506770302001/spray-protecteur-hydratant-spf-30-haute-protection-lovea,2026-09-04,"SAFETY NOTE unter 6 Mon.: Schatten/Kleidung first-line, kein SPF-First für Neonaten in App-Copy. Lovea: nur synthetic-scent-free (schwach) — FF für Baby-Katalog nicht gesetzt.",eu-baby-kind-katalog.csv
4335619041042,Lingettes bébé,Lupilu,baby_kind,baby_0_36m,windel,FR,no,no,yes,yes,,,cfi,obf-category-or-name,no,,https://world.openbeautyfacts.org/product/4335619041042/lingettes-bebe-lupilu,2026-09-04,,eu-baby-kind-katalog.csv
40879918,Lingettes pour bébés,Lupilu sensitive,baby_kind,baby_0_36m,windel,FR,no,no,yes,yes,,,cfi,obf-category-or-name,no,,https://world.openbeautyfacts.org/product/40879918/lingettes-pour-bebes-lupilu-sensitive,2026-09-04,,eu-baby-kind-katalog.csv
3517360002577,Douche & Bain parfum Cola,Léa Nature,baby_kind,kind_3_11,bad,FR,no,no,no,no,,,,kinderprodukt-ab-3-jahren,no,,https://world.openbeautyfacts.org/product/3517360002577/cola-lea-nature,2026-09-04,,eu-baby-kind-katalog.csv
3517360016079,Eau Thermale Jonzac Bébé Bio - Liniment Doux Oléo-Calcaire,Léa Nature,baby_kind,baby_0_36m,windel,FR,no,no,no,yes,,,,obf-category-or-name,no,,https://world.openbeautyfacts.org/product/3517360016079/eau-thermale-jonzac-bebe-bio-liniment-doux-oleo-calcaire-lea-nature,2026-09-04,,eu-baby-kind-katalog.csv
3517360012453,Liniment Doux Oléo-Calcaire - Eau Thermale Jonzac Bébé Bio,Léa Nature,baby_kind,baby_0_36m,windel,FR,no,no,no,yes,,,,obf-category-or-name,no,,https://world.openbeautyfacts.org/product/3517360012453/liniment-doux-oleo-calcaire-eau-thermale-jonzac-bebe-bio-lea-nature,2026-09-04,,eu-baby-kind-katalog.csv
3517360016819,SO'BIO ETIC - BABY LINIMENT OLÉO-CALCAIRE,Léa Nature,baby_kind,baby_0_36m,windel,FR,no,no,no,yes,,,,obf-category-or-name,no,,https://world.openbeautyfacts.org/product/3517360016819/so-bio-etic-baby-liniment-oleo-calcaire-lea-nature,2026-09-04,,eu-baby-kind-katalog.csv
3517360000320,So'Bio Etic Baby' Eau Nettoyante Visage & Corps,Léa Nature,baby_kind,baby_0_36m,reiniger,FR,no,no,no,yes,,,,obf-category-or-name,no,,https://world.openbeautyfacts.org/product/3517360000320/so-bio-etic-baby-eau-nettoyante-visage-corps-lea-nature,2026-09-04,,eu-baby-kind-katalog.csv
3517360000269,So'Bio Etic Baby' Gel Lavant,Léa Nature,baby_kind,baby_0_36m,bad,FR,no,no,no,yes,,,,obf-category-or-name,no,,https://world.openbeautyfacts.org/product/3517360000269/so-bio-etic-baby-gel-lavant-lea-nature,2026-09-04,,eu-baby-kind-katalog.csv
3517360000290,So'Bio Etic Baby' Liniment,Léa Nature,baby_kind,baby_0_36m,windel,FR,no,no,no,yes,,,,obf-category-or-name,no,,https://world.openbeautyfacts.org/product/3517360000290/so-bio-etic-baby-liniment-lea-nature,2026-09-04,,eu-baby-kind-katalog.csv
3564700685211,Crème hydratante visage & corps,Marque Repère,baby_kind,baby_0_36m,creme,FR,no,no,no,yes,,,,obf-category-or-name,no,,https://world.openbeautyfacts.org/product/3564700685211/creme-hydratante-visage-corps-marque-repere,2026-09-04,,eu-baby-kind-katalog.csv
3564700701058,Crème hydratante visage et corps,Marque Repère,baby_kind,baby_0_36m,creme,FR,no,no,no,yes,,,,obf-category-or-name,no,,https://world.openbeautyfacts.org/product/3564700701058/creme-hydratante-visage-corps-marque-repere,2026-09-04,,eu-baby-kind-katalog.csv
3564700427828,Dentamyl junior,Marque Repère,baby_kind,kind_3_11,sonst,FR,no,no,no,no,,,,kinderprodukt-ab-3-jahren,no,,https://world.openbeautyfacts.org/product/3564700427828/dentamyl-junior-marque-repere,2026-09-04,,eu-baby-kind-katalog.csv
3564700045305,Eau de mer physiologique stérile bébé,Marque Repère,baby_kind,baby_0_36m,sonst,FR,no,no,no,yes,,,,obf-category-or-name,no,,https://world.openbeautyfacts.org/product/3564700045305/eau-de-mer-physiologique-sterile-bebe-marque-repere,2026-09-04,,eu-baby-kind-katalog.csv
3564700701096,Gel lavant 2 en 1 Bio,Marque Repère,baby_kind,baby_0_36m,bad,FR,no,no,no,yes,,,,obf-category-or-name,no,,https://world.openbeautyfacts.org/product/3564700701096/gel-lavant-2-en-1-bio-marque-repere,2026-09-04,,eu-baby-kind-katalog.csv
3564700193358,Petit Manava Fruit du dragon,Marque Repère,baby_kind,kind_3_11,bad,FR,no,no,no,no,,,,kinderprodukt-ab-3-jahren,no,,https://world.openbeautyfacts.org/product/3564700193358/petit-manava-fruit-du-dragon-marque-repere,2026-09-04,,eu-baby-kind-katalog.csv
3600531070281,Baby Lips Electro Strike a Rose,Maybelline,baby_kind,baby_0_36m,creme,FR,no,no,no,yes,,,,obf-category-or-name,no,,https://world.openbeautyfacts.org/product/3600531070281/baby-lips-electro-strike-a-rose-l-oreal,2026-09-04,,eu-baby-kind-katalog.csv
7613312330333,Puder,milette Baby care,baby_kind,baby_0_36m,sonst,DE,no,no,no,yes,,,,obf-category-or-name,no,,https://world.openbeautyfacts.org/product/7613312330333/puder-milette-baby-care,2026-09-04,,eu-baby-kind-katalog.csv
3582910072393,Lingettes bébé,Mitosyl,baby_kind,baby_0_36m,windel,FR,no,no,no,yes,,,,obf-category-or-name,no,,https://world.openbeautyfacts.org/product/3582910072393/lingettes-bebe-mitosyl,2026-09-04,,eu-baby-kind-katalog.csv
3600550806281,Bain de confort lavant Cold Cream,Mixa,baby_kind,baby_0_36m,bad,FR,no,no,no,yes,,,,obf-category-or-name,no,,https://world.openbeautyfacts.org/product/3600550806281/bain-de-confort-lavant-cold-cream-mixa,2026-09-04,,eu-baby-kind-katalog.csv
3600551039848,Bébé - Gel lavant corps et cheveux,Mixa,baby_kind,baby_0_36m,bad,FR,no,no,no,yes,,,,obf-category-or-name,no,,https://world.openbeautyfacts.org/product/3600551039848/bebe-gel-lavant-corps-et-cheveux-mixa,2026-09-04,,eu-baby-kind-katalog.csv
3600551119922,Lait de toilette très doux,Mixa,baby_kind,baby_0_36m,reiniger,FR,no,no,no,yes,,,,obf-category-or-name,no,,https://world.openbeautyfacts.org/product/3600551119922/lait-de-toilette-tres-doux-mixa,2026-09-04,,eu-baby-kind-katalog.csv
3600551136806,Mixa bébé au lait de toilette,MIXA,baby_kind,baby_0_36m,reiniger,FR,no,no,no,yes,,,,obf-category-or-name,no,,https://world.openbeautyfacts.org/product/3600551136806/mixa-bebe-au-lait-de-toilette,2026-09-04,,eu-baby-kind-katalog.csv
3600550944242,Mixa bébé à l'eau minérale naturelle,Mixa,baby_kind,baby_0_36m,sonst,FR,no,no,no,yes,,,,obf-category-or-name,no,,https://world.openbeautyfacts.org/product/3600550944242/mixa-bebe-a-l-eau-minerale-naturelle,2026-09-04,,eu-baby-kind-katalog.csv
3600551153254,Mixa Panthenol Comfort Kalmerende Bodylotion,Mixa,baby_kind,baby_0_36m,creme,NL,no,no,no,yes,,,,obf-category-or-name,no,,https://world.openbeautyfacts.org/product/3600551153254/mixa-panthenol-comfort-kalmerende-bodylotion,2026-09-04,,eu-baby-kind-katalog.csv
3600550079227,Shampooing très doux (+20% gratuit),Mixa,baby_kind,baby_0_36m,haar,FR,no,no,no,yes,,,,obf-category-or-name,no,,https://world.openbeautyfacts.org/product/3600550079227/shampooing-tres-doux-20-gratuit-mixa,2026-09-04,,eu-baby-kind-katalog.csv
5600551154459,Micellar Shampoo,Mixa Baby,baby_kind,baby_0_36m,haar,PL,no,no,no,yes,,,,obf-category-or-name,no,,https://world.openbeautyfacts.org/product/5600551154459/micellar-shampoo-mixa-baby,2026-09-04,,eu-baby-kind-katalog.csv
3600550367188,Soap-free Surgras,Mixa Baby,baby_kind,baby_0_36m,haar,PL,no,no,no,yes,,,,obf-category-or-name,no,,https://world.openbeautyfacts.org/product/3600550367188/soap-free-surgras-mixa-baby,2026-09-04,,eu-baby-kind-katalog.csv
3058320006001,Lait de toilette très doux Vitamine E Huile d'amande douce,Mixa Bébé,baby_kind,baby_0_36m,reiniger,FR,no,no,no,yes,,,,obf-category-or-name,no,,https://world.openbeautyfacts.org/product/3058320006001/lait-de-toilette-tres-doux-vitamine-e-huile-d-amande-douce-mixa-bebe,2026-09-04,,eu-baby-kind-katalog.csv
3600550921045,Mixa Bébé Huile lavante apaisante Atopiance,mixa bébé,baby_kind,baby_0_36m,creme,FR,no,no,no,yes,,,,obf-category-or-name,no,,https://world.openbeautyfacts.org/product/3600550921045/mixa-bebe-huile-lavante-apaisante-atopiance,2026-09-04,,eu-baby-kind-katalog.csv
3600550454147,Mixa Bébé Lait de Toilette très Doux,Mixa Bébé,baby_kind,baby_0_36m,reiniger,FR,no,no,no,yes,,,,obf-category-or-name,no,,https://world.openbeautyfacts.org/product/3600550454147/mixa-bebe-lait-de-toilette-tres-doux,2026-09-04,,eu-baby-kind-katalog.csv
3600550136401,"Mixa Bébé Shampoing Tres Doux, Ne Pique Pas Les Yeux",Mixa bébé,baby_kind,baby_0_36m,haar,FR,no,no,no,yes,,,,obf-category-or-name,no,,https://world.openbeautyfacts.org/product/3600550136401/mixa-bebe-shampoing-tres-doux-ne-pique-pas-les-yeux,2026-09-04,,eu-baby-kind-katalog.csv
3600550235784,Shampoing - cheveux fragiles,Mixa bébé,baby_kind,baby_0_36m,haar,FR,no,no,no,yes,,,,obf-category-or-name,no,,https://world.openbeautyfacts.org/product/3600550235784/shampoing-cheveux-fragiles-mixa-bebe,2026-09-04,,eu-baby-kind-katalog.csv
3600551119915,Shampoing très doux,Mixa bébé,baby_kind,baby_0_36m,haar,FR,no,no,no,yes,,,,obf-category-or-name,no,,https://world.openbeautyfacts.org/product/3600551119915/shampoing-tres-doux-mixa-bebe,2026-09-04,,eu-baby-kind-katalog.csv
3600551119816,Shampoing très doux démêlant karité pur + huile de jojoba,Mixa Bébé,baby_kind,baby_0_36m,haar,FR,no,no,no,yes,,,,obf-category-or-name,no,,https://world.openbeautyfacts.org/product/3600551119816/shampoing-tres-doux-demelant-karite-pur-huile-de-jojoba-mixa-bebe,2026-09-04,,eu-baby-kind-katalog.csv
3600551119809,Shampooing très doux,Mixa Bébé,baby_kind,baby_0_36m,haar,FR,no,no,no,yes,,,,obf-category-or-name,no,,https://world.openbeautyfacts.org/product/3600551119809/shampooing-tres-doux-mixa-bebe,2026-09-04,,eu-baby-kind-katalog.csv
3600550920765,Lait Solaire Protection Bebe 1ères Vacances Spf50+,Mixa Solaire,baby_kind,baby_0_36m,spf,FR,no,no,no,yes,,,,obf-category-or-name,no,AAP/AAD: unter 6 Monaten SPF nicht first-line,https://world.openbeautyfacts.org/product/3600550920765/lait-solaire-protection-bebe-1eres-vacances-spf50-mixa-solaire,2026-09-04,"SAFETY NOTE unter 6 Mon.: Schatten/Kleidung first-line, kein SPF-First für Neonaten in App-Copy.",eu-baby-kind-katalog.csv
3760162124231,Baby Green Liniment Bio,MKL,baby_kind,baby_0_36m,windel,FR,no,no,no,yes,,,,obf-category-or-name,no,,https://world.openbeautyfacts.org/product/3760162124231/baby-green-liniment-bio-mkl,2026-09-04,,eu-baby-kind-katalog.csv
3350034013659,Crème hydratante visage & corps bio,Monoprix,baby_kind,baby_0_36m,creme,FR,no,no,no,yes,,,,obf-category-or-name,no,,https://world.openbeautyfacts.org/product/3350034013659/creme-hydratante-visage-corps-bio-monoprix-bebe,2026-09-04,,eu-baby-kind-katalog.csv
3350033527041,L'eau nettoyante,Monoprix,baby_kind,baby_0_36m,reiniger,FR,no,no,no,yes,,,,obf-category-or-name,no,,https://world.openbeautyfacts.org/product/3350033527041/l-eau-nettoyante-monoprix-bebe,2026-09-04,,eu-baby-kind-katalog.csv
3350033527089,La crème hydratante,Monoprix,baby_kind,baby_0_36m,creme,FR,no,no,no,yes,,,,obf-category-or-name,no,,https://world.openbeautyfacts.org/product/3350033527089/la-creme-hydratante-monoprix-bebe,2026-09-04,,eu-baby-kind-katalog.csv
3350033527065,Le gel lavant sans savon,Monoprix,baby_kind,baby_0_36m,bad,FR,no,no,no,yes,,,,obf-category-or-name,no,,https://world.openbeautyfacts.org/product/3350033527065/le-gel-lavant-sans-savon-monoprix-bebe,2026-09-04,,eu-baby-kind-katalog.csv
3350033527027,Le lait de toilette Douceur à l'extrait de fleur de coton,Monoprix,baby_kind,baby_0_36m,reiniger,FR,no,no,no,yes,,,,obf-category-or-name,no,,https://world.openbeautyfacts.org/product/3350033527027/le-lait-de-toilette-douceur-a-l-extrait-de-fleur-de-coton-monoprix-bebe,2026-09-04,,eu-baby-kind-katalog.csv
3350033362291,Les Lingettes débarbouillantes x40,Monoprix bébé,baby_kind,baby_0_36m,windel,FR,no,no,no,yes,,,,obf-category-or-name,no,,https://world.openbeautyfacts.org/product/3350033362291/les-lingettes-debarbouillantes-x40-monoprix-bebe,2026-09-04,,eu-baby-kind-katalog.csv
3504105025854,Crème change,Mustela,baby_kind,baby_0_36m,windel,FR,no,no,no,yes,,,,brand-line+obf,no,,https://world.openbeautyfacts.org/product/3504105025854/creme-change-mustela,2026-09-04,Mustela Kernlinie oft parfümiert; Stelatopia für FF priorisieren.,eu-baby-kind-katalog.csv
3504105029982,Crème hydratante apaisante visage,Mustela,baby_kind,baby_0_36m,creme,FR,no,no,no,yes,,,,brand-line+obf,no,,https://world.openbeautyfacts.org/product/3504105029982/creme-hydratante-apaisante-visage-mustela,2026-09-04,Mustela Kernlinie oft parfümiert; Stelatopia für FF priorisieren.,eu-baby-kind-katalog.csv
3504105028671,Crème nourrissante au cold cream,Mustela,baby_kind,baby_0_36m,creme,FR,no,no,no,yes,,,,brand-line+obf,no,,https://world.openbeautyfacts.org/product/3504105028671/creme-nourrissante-au-cold-cream-mustela,2026-09-04,Mustela Kernlinie oft parfümiert; Stelatopia für FF priorisieren.,eu-baby-kind-katalog.csv
3504105035969,Crème visage bébé Mustela,Mustela,baby_kind,baby_0_36m,creme,FR,no,no,no,yes,,,,brand-line+obf,no,,https://world.openbeautyfacts.org/product/3504105035969/creme-visage-bebe-mustela,2026-09-04,Mustela Kernlinie oft parfümiert; Stelatopia für FF priorisieren.,eu-baby-kind-katalog.csv
,Crème émolliente visage Stelatopia,Mustela,baby_kind,baby_0_36m,creme,FR;EU,yes,no,no,yes,brand-page,,,brand-page,no,,https://www.mustela.fr/products/creme-emolliente-visage-stelatopia,2026-09-04,Markenseite: sans parfum / 0% PARFUM; dès la naissance. Keine Therapie. CFI: nein.,eu-baby-kind-katalog.csv
3504105028374,Gel lavant doux,Mustela,baby_kind,baby_0_36m,bad,FR,no,no,no,yes,,,,brand-line+obf,no,,https://world.openbeautyfacts.org/product/3504105028374/gel-lavant-doux-mustela,2026-09-04,Mustela Kernlinie oft parfümiert; Stelatopia für FF priorisieren.,eu-baby-kind-katalog.csv
3504105028527,Hydra Bébé Lait Corps,Mustela,baby_kind,baby_0_36m,creme,FR,no,no,no,yes,,,,brand-line+obf,no,,https://world.openbeautyfacts.org/product/3504105028527/hydra-bebe-lait-corps-mustela,2026-09-04,Mustela Kernlinie oft parfümiert; Stelatopia für FF priorisieren.,eu-baby-kind-katalog.csv
3504105024390,Lait solaire très haute protection SPF50+,Mustela,baby_kind,baby_0_36m,spf,FR,no,no,no,yes,,,,brand-line+obf,no,AAP/AAD: unter 6 Monaten SPF nicht first-line,https://world.openbeautyfacts.org/product/3504105024390/lait-solaire-tres-haute-protection-spf50-mustela,2026-09-04,"Mustela Kernlinie oft parfümiert; Stelatopia für FF priorisieren.; SAFETY NOTE unter 6 Mon.: Schatten/Kleidung first-line, kein SPF-First für Neonaten in App-Copy.",eu-baby-kind-katalog.csv
3504105026202,Lait solaire très haute protection spécial visage SPF50+,Mustela,baby_kind,baby_0_36m,spf,FR,no,no,no,yes,,,,brand-line+obf,no,AAP/AAD: unter 6 Monaten SPF nicht first-line,https://world.openbeautyfacts.org/product/3504105026202/lait-solaire-tres-haute-protection-special-visage-spf50-mustela,2026-09-04,"Mustela Kernlinie oft parfümiert; Stelatopia für FF priorisieren.; SAFETY NOTE unter 6 Mon.: Schatten/Kleidung first-line, kein SPF-First für Neonaten in App-Copy.",eu-baby-kind-katalog.csv
3504105035631,Mustela hydra,Mustela,baby_kind,baby_0_36m,creme,FR;PL;PT,no,no,no,yes,,,,brand-line+obf,no,,https://world.openbeautyfacts.org/product/3504105035631/mustela-hydra,2026-09-04,Mustela Kernlinie oft parfümiert; Stelatopia für FF priorisieren.,eu-baby-kind-katalog.csv
3504105028282,Mustela Hydra Bébé Crème Visage,Mustela,baby_kind,baby_0_36m,creme,FR,no,no,no,yes,,,,brand-line+obf,no,,https://world.openbeautyfacts.org/product/3504105028282/mustela-hydra-bebe-creme-visage,2026-09-04,Mustela Kernlinie oft parfümiert; Stelatopia für FF priorisieren.,eu-baby-kind-katalog.csv
3504105024567,Savon surgras au Cold Cream nutri-protecteur,Mustela,baby_kind,baby_0_36m,bad,FR,no,no,no,yes,,,,brand-line+obf,no,,https://world.openbeautyfacts.org/product/3504105024567/savon-surgras-au-cold-cream-nutri-protecteur-mustela,2026-09-04,Mustela Kernlinie oft parfümiert; Stelatopia für FF priorisieren.,eu-baby-kind-katalog.csv
3504105034412,Soin Croûtes de lait,Mustela,baby_kind,baby_0_36m,creme,FR,no,no,no,yes,,,,brand-line+obf,no,,https://world.openbeautyfacts.org/product/3504105034412/soin-croutes-de-lait-mustela,2026-09-04,Mustela Kernlinie oft parfümiert; Stelatopia für FF priorisieren.,eu-baby-kind-katalog.csv
3504105031541,Spray lait solaire très haute protection SPF 50+ waterproof,Mustela,baby_kind,baby_0_36m,spf,FR,no,no,no,yes,,,,brand-line+obf,no,AAP/AAD: unter 6 Monaten SPF nicht first-line,https://world.openbeautyfacts.org/product/3504105031541/spray-lait-solaire-tres-haute-protection-spf-50-waterproof-mustela,2026-09-04,"Mustela Kernlinie oft parfümiert; Stelatopia für FF priorisieren.; SAFETY NOTE unter 6 Mon.: Schatten/Kleidung first-line, kein SPF-First für Neonaten in App-Copy.",eu-baby-kind-katalog.csv
3504105033217,Spray solaire haute protection bébé enfant,Mustela,baby_kind,baby_0_36m,spf,FR,no,no,no,yes,,,,brand-line+obf,no,AAP/AAD: unter 6 Monaten SPF nicht first-line,https://world.openbeautyfacts.org/product/3504105033217/spray-solaire-haute-protection-bebe-enfant-mustela,2026-09-04,"Mustela Kernlinie oft parfümiert; Stelatopia für FF priorisieren.; SAFETY NOTE unter 6 Mon.: Schatten/Kleidung first-line, kein SPF-First für Neonaten in App-Copy.",eu-baby-kind-katalog.csv
3504105028947,Stelatopia,Mustela,baby_kind,baby_0_36m,creme,FR,yes,no,no,yes,brand-page-inci-no-parfum,,,brand-page,no,,https://www.mustela.com/products/baume-emollient-stelatopia,2026-09-04,Mustela Stelatopia Baume: dès la naissance (hors néonatologie); INCI Markenseite ohne Parfum.,eu-baby-kind-katalog.csv
3504105028312,Stick nourrissant au cold cream,Mustela,baby_kind,baby_0_36m,creme,FR,no,no,no,yes,,,,brand-line+obf,no,,https://world.openbeautyfacts.org/product/3504105028312/stick-nourrissant-au-cold-cream-mustela,2026-09-04,Mustela Kernlinie oft parfümiert; Stelatopia für FF priorisieren.,eu-baby-kind-katalog.csv
3517360001303,Liniment oleo-calcaire,Natessance,baby_kind,baby_0_36m,windel,FR,no,no,no,yes,,,,obf-category-or-name,no,,https://world.openbeautyfacts.org/product/3517360001303/liniment-oleo-calcaire-natessance,2026-09-04,,eu-baby-kind-katalog.csv
3517360000993,Bioliniment protecteur,Natessance bébé,baby_kind,baby_0_36m,windel,FR,no,no,no,yes,,,,obf-category-or-name,no,,https://world.openbeautyfacts.org/product/3517360000993/bioliniment-protecteur-natessance-bebe,2026-09-04,,eu-baby-kind-katalog.csv
3574660536522,First Touch Shampoo,Natusan,baby_kind,baby_0_36m,haar,FR,yes,no,no,yes,obf-label,,,obf-category-or-name,no,,https://world.openbeautyfacts.org/product/3574660536522/first-touch-shampoo-natusan,2026-09-04,,eu-baby-kind-katalog.csv
8720254710556,Naïf Baby & kids nourishing shampoo,Naïf,baby_kind,baby_0_36m,haar,NL,no,no,no,yes,,,,obf-category-or-name,no,,https://world.openbeautyfacts.org/product/8720254710556/naif-baby-kids-nourishing-shampoo,2026-09-04,,eu-baby-kind-katalog.csv
8720254710594,Naïf Baby & kids nourishing shampoo refill,Naïf,baby_kind,baby_0_36m,haar,NL,no,no,no,yes,,,,obf-category-or-name,no,,https://world.openbeautyfacts.org/product/8720254710594/naif-baby-kids-nourishing-shampoo-refill,2026-09-04,,eu-baby-kind-katalog.csv
8717953117328,Naïf Baby & Kids Verzachtende Bodylotion,Naïf,baby_kind,baby_0_36m,creme,NL,no,no,no,yes,,,,obf-category-or-name,no,,https://world.openbeautyfacts.org/product/8717953117328/naif-baby-kids-verzachtende-bodylotion,2026-09-04,,eu-baby-kind-katalog.csv
3250392066819,80 Lingettes bébé,Netto,baby_kind,baby_0_36m,windel,FR,no,no,no,yes,,,,obf-category-or-name,no,,https://world.openbeautyfacts.org/product/3250392066819/80-lingettes-bebe-netto,2026-09-04,,eu-baby-kind-katalog.csv
3250391906611,Shampooing doux,Netto,baby_kind,baby_0_36m,haar,FR,no,no,no,yes,,,,obf-category-or-name,no,,https://world.openbeautyfacts.org/product/3250391906611/shampooing-doux-netto,2026-09-04,,eu-baby-kind-katalog.csv
0659525114954,Toallitas baby,Nikky,baby_kind,baby_0_36m,windel,ES,no,no,no,yes,,,,obf-category-or-name,no,,https://world.openbeautyfacts.org/product/0659525114954/toallitas-baby-nikky,2026-09-04,,eu-baby-kind-katalog.csv
4005808861446,Baby pure & sensitive,Nivea,baby_kind,baby_0_36m,windel,FR,no,no,no,yes,,,,obf-category-or-name,no,,https://world.openbeautyfacts.org/product/4005808861446/baby-pure-sensitive-nivea,2026-09-04,,eu-baby-kind-katalog.csv
80058045,Baby shampoo & bath,Nivea,baby_kind,baby_0_36m,bad,AT,no,no,no,yes,,,,obf-category-or-name,no,,https://world.openbeautyfacts.org/product/80058045/baby-shampoo-bath-nivea,2026-09-04,,eu-baby-kind-katalog.csv
4005900260857,Baby Shampooing Extra Doux,Nivea,baby_kind,baby_0_36m,haar,FR,no,no,no,yes,,,,obf-category-or-name,no,,https://world.openbeautyfacts.org/product/4005900260857/baby-shampooing-extra-doux-nivea,2026-09-04,,eu-baby-kind-katalog.csv
4005900246592,Baby sun Crème solaire très haute protection FPS 50+,Nivea,baby_kind,baby_0_36m,spf,FR,no,no,no,yes,,,,obf-category-or-name,no,AAP/AAD: unter 6 Monaten SPF nicht first-line,https://world.openbeautyfacts.org/product/4005900246592/baby-sun-creme-solaire-tres-haute-protection-fps-50-nivea,2026-09-04,"SAFETY NOTE unter 6 Mon.: Schatten/Kleidung first-line, kein SPF-First für Neonaten in App-Copy.",eu-baby-kind-katalog.csv
4005900001191,Baby Sun lait solaire FPS 50+,Nivea,baby_kind,baby_0_36m,spf,FR,no,no,no,yes,,,,obf-category-or-name,no,AAP/AAD: unter 6 Monaten SPF nicht first-line,https://world.openbeautyfacts.org/product/4005900001191/baby-sun-lait-solaire-fps-50-nivea,2026-09-04,"SAFETY NOTE unter 6 Mon.: Schatten/Kleidung first-line, kein SPF-First für Neonaten in App-Copy.",eu-baby-kind-katalog.csv
9005800261041,Baby sun protection cream,Nivea,baby_kind,baby_0_36m,spf,AT,no,no,no,yes,,,,obf-category-or-name,no,AAP/AAD: unter 6 Monaten SPF nicht first-line,https://world.openbeautyfacts.org/product/9005800261041/baby-sun-protection-cream-nivea,2026-09-04,"SAFETY NOTE unter 6 Mon.: Schatten/Kleidung first-line, kein SPF-First für Neonaten in App-Copy.",eu-baby-kind-katalog.csv
0400590091195,Crème solaire Spray Bébé Enfant Corps Visage Spf 50+ Très Haute Protection Peau Sensible Sun,Nivea,baby_kind,baby_0_36m,spf,FR,no,no,no,yes,,,,obf-category-or-name,no,AAP/AAD: unter 6 Monaten SPF nicht first-line,https://world.openbeautyfacts.org/product/0400590091195/creme-solaire-spray-bebe-enfant-corps-visage-spf-50-tres-haute-protection-peau-sensible-sun-nivea,2026-09-04,"SAFETY NOTE unter 6 Mon.: Schatten/Kleidung first-line, kein SPF-First für Neonaten in App-Copy.",eu-baby-kind-katalog.csv
0400590059751,Crème solaire Spray Bébé Enfant Spf 50+ Haute Protection Peau Sensible,Nivea,baby_kind,baby_0_36m,spf,FR,no,no,no,yes,,,,obf-category-or-name,no,AAP/AAD: unter 6 Monaten SPF nicht first-line,https://world.openbeautyfacts.org/product/0400590059751/creme-solaire-spray-bebe-enfant-spf-50-haute-protection-peau-sensible-sun-nivea,2026-09-04,"SAFETY NOTE unter 6 Mon.: Schatten/Kleidung first-line, kein SPF-First für Neonaten in App-Copy.",eu-baby-kind-katalog.csv
42236498,Gel lavant douceur corps & cheveux baby,Nivea,baby_kind,baby_0_36m,bad,FR,no,no,no,yes,,,,obf-category-or-name,no,,https://world.openbeautyfacts.org/product/42236498/gel-lavant-douceur-corps-cheveux-baby-nivea,2026-09-04,,eu-baby-kind-katalog.csv
4005808805648,Gel lavant douceur corps & cheveux Nourisson et bébés,Nivea,baby_kind,baby_0_36m,bad,FR,no,no,no,yes,,,,obf-category-or-name,no,,https://world.openbeautyfacts.org/product/4005808805648/gel-lavant-douceur-corps-cheveux-nourisson-et-bebes-nivea,2026-09-04,,eu-baby-kind-katalog.csv
4005808244416,Lait de toilette nourrissant Pure & sensitive,Nivea,baby_kind,baby_0_36m,reiniger,FR,no,no,no,yes,,,,obf-category-or-name,no,,https://world.openbeautyfacts.org/product/4005808244416/lait-de-toilette-nourrissant-pure-sensitive-nivea,2026-09-04,,eu-baby-kind-katalog.csv
9005800369495,Nivea baby care,Nivea,baby_kind,baby_0_36m,sonst,HR,no,no,no,yes,,,,obf-category-or-name,no,,https://world.openbeautyfacts.org/product/9005800369495/nivea-baby-care,2026-09-04,,eu-baby-kind-katalog.csv
4005808705276,Nivea Baby Eau Douce Nettoyante,Nivea,baby_kind,baby_0_36m,creme,FR,no,no,no,yes,,,,obf-category-or-name,no,,https://world.openbeautyfacts.org/product/4005808705276/nivea-baby-eau-douce-nettoyante,2026-09-04,,eu-baby-kind-katalog.csv
4005808364077,Nivea Baby Lait de toilette sans rinçage,Nivea,baby_kind,baby_0_36m,reiniger,FR,no,no,no,yes,,,,obf-category-or-name,no,,https://world.openbeautyfacts.org/product/4005808364077/nivea-baby-lait-de-toilette-sans-rincage,2026-09-04,,eu-baby-kind-katalog.csv
4005900273994,Nivea Baby Lait Nettoyant,Nivea,baby_kind,baby_0_36m,sonst,FR,no,no,no,yes,,,,obf-category-or-name,no,,https://world.openbeautyfacts.org/product/4005900273994/nivea-baby-lait-nettoyant,2026-09-04,,eu-baby-kind-katalog.csv
0590017090542,Baby Oil,Nivea Baby,baby_kind,baby_0_36m,creme,PL,no,no,no,yes,,,,obf-category-or-name,no,,https://world.openbeautyfacts.org/product/0590017090542/baby-oil-nivea-baby,2026-09-04,,eu-baby-kind-katalog.csv
4005900488404,Eau micellaire nettoyante,Nivea baby,baby_kind,baby_0_36m,reiniger,FR,no,no,no,yes,,,,obf-category-or-name,no,,https://world.openbeautyfacts.org/product/4005900488404/eau-micellaire-nettoyante-nivea-baby,2026-09-04,,eu-baby-kind-katalog.csv
9005800369549,Face & body soft cream,Nivea baby,baby_kind,baby_0_36m,creme,PL,no,no,no,yes,,,,obf-category-or-name,no,,https://world.openbeautyfacts.org/product/9005800369549/face-body-soft-cream-nivea-baby,2026-09-04,,eu-baby-kind-katalog.csv
4006000034249,Gute Nacht Lotion,Nivea Baby,baby_kind,baby_0_36m,creme,DE,no,no,no,yes,,,,obf-category-or-name,no,,https://world.openbeautyfacts.org/product/4006000034249/gute-nacht-lotion-nivea-baby,2026-09-04,,eu-baby-kind-katalog.csv
4006000034201,Kopf bis Fuß Bad & Shampoo,Nivea Baby,baby_kind,baby_0_36m,haar,DE,no,no,no,yes,,,,obf-category-or-name,no,,https://world.openbeautyfacts.org/product/4006000034201/kopf-bis-fuss-bad-shampoo-nivea-baby,2026-09-04,,eu-baby-kind-katalog.csv
5900017090344,Moisturizing lotion,Nivea baby,baby_kind,baby_0_36m,creme,PL,no,no,no,yes,,,,obf-category-or-name,no,,https://world.openbeautyfacts.org/product/5900017090344/moisturizing-lotion-nivea-baby,2026-09-04,,eu-baby-kind-katalog.csv
4005808361182,SHAMPOOING & BAIN HAPPY BATH,Nivea Baby,baby_kind,baby_0_36m,bad,FR,no,no,no,yes,,,,obf-category-or-name,no,,https://world.openbeautyfacts.org/product/4005808361182/shampooing-bain-happy-bath-nivea-baby,2026-09-04,,eu-baby-kind-katalog.csv
4005808379828,SHAMPOOING & BAIN HAPPY BATH,Nivea Baby,baby_kind,baby_0_36m,bad,FR,no,no,no,yes,,,,obf-category-or-name,no,,https://world.openbeautyfacts.org/product/4005808379828/shampooing-bain-happy-bath-nivea-baby,2026-09-04,,eu-baby-kind-katalog.csv
4005900911957,Baby & kids sensitive protect 50+,Nivea sun,baby_kind,baby_0_36m,spf,FR,no,no,no,yes,,,,obf-category-or-name,no,AAP/AAD: unter 6 Monaten SPF nicht first-line,https://world.openbeautyfacts.org/product/4005900911957/baby-kids-sensitive-protect-50-nivea-sun,2026-09-04,"SAFETY NOTE unter 6 Mon.: Schatten/Kleidung first-line, kein SPF-First für Neonaten in App-Copy.",eu-baby-kind-katalog.csv
4005808364190,Huile douceur,Nivéa baby,baby_kind,baby_0_36m,creme,FR,no,no,no,yes,,,,obf-category-or-name,no,,https://world.openbeautyfacts.org/product/4005808364190/huile-douceur-nivea-baby,2026-09-04,,eu-baby-kind-katalog.csv
8436029700560,AMOSELI LINGETTES BEBE x 72 unités,No Name,baby_kind,baby_0_36m,windel,FR,no,no,no,yes,,,,obf-category-or-name,no,,https://world.openbeautyfacts.org/product/8436029700560/amoseli-lingettes-bebe-x-72-unites-no-name,2026-09-04,,eu-baby-kind-katalog.csv
7331121418447,Soft & Gentle Baby wipes,Nordic Formula,baby_kind,baby_0_36m,windel,SE,no,no,no,yes,,,,obf-category-or-name,no,,https://world.openbeautyfacts.org/product/7331121418447/soft-gentle-baby-wipes-nordic-formula,2026-09-04,,eu-baby-kind-katalog.csv
8011502007390,Baby naturali,O-PAC,baby_kind,baby_0_36m,creme,IT,no,no,no,yes,,,,obf-category-or-name,no,,https://world.openbeautyfacts.org/product/8011502007390/baby-naturali-o-pac,2026-09-04,,eu-baby-kind-katalog.csv
5900116093215,Cream for cradle cap,Oillan baby,baby_kind,baby_0_36m,creme,PL,no,no,no,yes,,,,obf-category-or-name,no,,https://world.openbeautyfacts.org/product/5900116093215/cream-for-cradle-cap-oillan-baby,2026-09-04,,eu-baby-kind-katalog.csv
5900095034674,Wet wipes for infants and babies,Ola baby,baby_kind,baby_0_36m,windel,PL,no,no,no,yes,,,,obf-category-or-name,no,,https://world.openbeautyfacts.org/product/5900095034674/wet-wipes-for-infants-and-babies-ola-baby,2026-09-04,,eu-baby-kind-katalog.csv
8001090632937,Junior 6+ Star Wars,oral-b,baby_kind,kind_3_11,creme,DE,no,no,no,no,,,,kinderprodukt-ab-3-jahren,no,,https://world.openbeautyfacts.org/product/8001090632937/junior-6-star-wars-oral-b,2026-09-04,,eu-baby-kind-katalog.csv
4015400622413,Natural clean,P&G,baby_kind,baby_0_36m,windel,FR,yes,no,no,yes,obf-label,,,obf-category-or-name,no,,https://world.openbeautyfacts.org/product/4015400622413/natural-clean-p-g,2026-09-04,,eu-baby-kind-katalog.csv
4015400621966,Sensitive,P&G,baby_kind,baby_0_36m,windel,FR,yes,no,no,yes,obf-label,,,obf-category-or-name,no,,https://world.openbeautyfacts.org/product/4015400621966/sensitive-p-g,2026-09-04,,eu-baby-kind-katalog.csv
8006530140171,Aqua soft touch,Pampers,baby_kind,baby_0_36m,windel,BE,no,no,no,yes,,,,obf-category-or-name,no,,https://world.openbeautyfacts.org/product/8006530140171/aqua-soft-touch-pampers,2026-09-04,,eu-baby-kind-katalog.csv
8006530116305,Baby wipes,Pampers,baby_kind,baby_0_36m,windel,PL,no,no,no,yes,,,,obf-category-or-name,no,,https://world.openbeautyfacts.org/product/8006530116305/baby-wipes-pampers,2026-09-04,,eu-baby-kind-katalog.csv
8006530135269,Baby wipes,Pampers,baby_kind,baby_0_36m,windel,PL,no,no,no,yes,,,,obf-category-or-name,no,,https://world.openbeautyfacts.org/product/8006530135269/baby-wipes-pampers,2026-09-04,,eu-baby-kind-katalog.csv
8006540815885,Baby wipes,Pampers,baby_kind,baby_0_36m,windel,FR,no,no,no,yes,,,,obf-category-or-name,no,,https://world.openbeautyfacts.org/product/8006540815885/baby-wipes-pampers,2026-09-04,,eu-baby-kind-katalog.csv
8001841062624,Baby wipes Pampers Sensitive,Pampers,baby_kind,baby_0_36m,windel,PL,no,no,no,yes,,,,obf-category-or-name,no,,https://world.openbeautyfacts.org/product/8001841062624/baby-wipes-pampers-sensitive,2026-09-04,,eu-baby-kind-katalog.csv
8700216250641,Harmonie Protect & Care,Pampers,baby_kind,baby_0_36m,windel,FR,no,no,no,yes,,,,obf-category-or-name,no,,https://world.openbeautyfacts.org/product/8700216250641/harmonie-protect-care-pampers,2026-09-04,,eu-baby-kind-katalog.csv
8001090934444,lingettes bébé,pampers,baby_kind,baby_0_36m,windel,FR,no,no,no,yes,,,,obf-category-or-name,no,,https://world.openbeautyfacts.org/product/8001090934444/lingettes-bebe-pampers,2026-09-04,,eu-baby-kind-katalog.csv
4015400623496,Lingettes bébé New Baby Sensitive,Pampers,baby_kind,baby_0_36m,windel,FR,no,no,no,yes,,,,obf-category-or-name,no,,https://world.openbeautyfacts.org/product/4015400623496/lingettes-bebe-new-baby-sensitive-pampers,2026-09-04,,eu-baby-kind-katalog.csv
8006530116558,Pampers 99% Water Babydoekjes,Pampers,baby_kind,baby_0_36m,windel,NL,no,no,no,yes,,,,obf-category-or-name,no,,https://world.openbeautyfacts.org/product/8006530116558/pampers-99-water-babydoekjes,2026-09-04,,eu-baby-kind-katalog.csv
3574661474915,Baby Shampoo,Penaten,baby_kind,baby_0_36m,haar,DE,no,no,no,yes,,,,obf-category-or-name,no,,https://world.openbeautyfacts.org/product/3574661474915/baby-shampoo-penaten,2026-09-04,Penaten: Markenseite Ultra Sensitiv/Sensible Haut = parfümfrei; Klassik oft parfümiert.,eu-baby-kind-katalog.csv
3574661491066,Penaten Creme,Penaten,baby_kind,baby_0_36m,creme,DE,no,no,no,yes,,,,obf-category-or-name,no,,https://world.openbeautyfacts.org/product/3574661491066/penaten-creme,2026-09-04,Penaten: Markenseite Ultra Sensitiv/Sensible Haut = parfümfrei; Klassik oft parfümiert.,eu-baby-kind-katalog.csv
3574661691626,natursanft Massage- & Pflegeöl,Penaten (Johnson & Johnson),baby_kind,baby_0_36m,creme,AT;DE,no,no,no,yes,,,,obf-category-or-name,no,,https://world.openbeautyfacts.org/product/3574661691626/natursanft-massage-pflegeol-penaten-johnson-johnson,2026-09-04,Penaten: Markenseite Ultra Sensitiv/Sensible Haut = parfümfrei; Klassik oft parfümiert.,eu-baby-kind-katalog.csv
00321275,Penaten Baby Wundschutzcrème,Penaten (Johnson & Johnson),baby_kind,baby_0_36m,windel,DE,no,no,no,yes,,,,obf-category-or-name,no,,https://world.openbeautyfacts.org/product/00321275/penaten-baby-wundschutzcreme-penaten-johnson-johnson,2026-09-04,Penaten: Markenseite Ultra Sensitiv/Sensible Haut = parfümfrei; Klassik oft parfümiert.,eu-baby-kind-katalog.csv
8711568044048,3+ Toothpaste,Peppa Pig,baby_kind,kind_3_11,sonst,FR,no,no,no,no,,,,kinderprodukt-ab-3-jahren,no,,https://world.openbeautyfacts.org/product/8711568044048/3-toothpaste-peppa-pig,2026-09-04,,eu-baby-kind-katalog.csv
3700593603875,Lessive bébé,Persadon,baby_kind,baby_0_36m,bad,FR,no,no,no,yes,,,,obf-category-or-name,no,,https://world.openbeautyfacts.org/product/3700593603875/lessive-bebe-persadon,2026-09-04,,eu-baby-kind-katalog.csv
3250391649051,Lingettes bébé,Pomette,baby_kind,baby_0_36m,windel,FR,no,no,no,yes,,,,obf-category-or-name,no,,https://world.openbeautyfacts.org/product/3250391649051/lingettes-bebe-pomette,2026-09-04,,eu-baby-kind-katalog.csv
3250392927189,Gel lavant corps et cheveux,Pommette,baby_kind,baby_0_36m,haar,FR,no,no,no,yes,,,,obf-category-or-name,no,,https://world.openbeautyfacts.org/product/3250392927189/gel-lavant-corps-et-cheveux-pommette,2026-09-04,,eu-baby-kind-katalog.csv
3250391966950,Lait de toilette bebe,Pommette,baby_kind,baby_0_36m,reiniger,FR,no,no,no,yes,,,,obf-category-or-name,no,,https://world.openbeautyfacts.org/product/3250391966950/lait-de-toilette-bebe-pommette,2026-09-04,,eu-baby-kind-katalog.csv
3250391503544,Sensitive - lingettes imprégnées bébé,Pommette,baby_kind,baby_0_36m,windel,FR,no,no,no,yes,,,,obf-category-or-name,no,,https://world.openbeautyfacts.org/product/3250391503544/sensitive-lingettes-impregnees-bebe-pommette,2026-09-04,,eu-baby-kind-katalog.csv
3245678691403,Lingettes bébé,Pouce,baby_kind,baby_0_36m,windel,FR,no,no,no,yes,,,,obf-category-or-name,no,,https://world.openbeautyfacts.org/product/3245678691403/lingettes-bebe-pouce,2026-09-04,,eu-baby-kind-katalog.csv
3596710520503,Lingettes bébé,Pouce,baby_kind,baby_0_36m,windel,FR,no,no,no,yes,,,,obf-category-or-name,no,,https://world.openbeautyfacts.org/product/3596710520503/lingettes-bebe-pouce,2026-09-04,,eu-baby-kind-katalog.csv
3596710535064,Lingettes bébé,Pouce,baby_kind,baby_0_36m,windel,FR,no,no,no,yes,,,,obf-category-or-name,no,,https://world.openbeautyfacts.org/product/3596710535064/lingettes-bebe-pouce,2026-09-04,,eu-baby-kind-katalog.csv
3245678703908,Maxi carrés bébé,Pouce,baby_kind,baby_0_36m,sonst,FR,no,no,no,yes,,,,obf-category-or-name,no,,https://world.openbeautyfacts.org/product/3245678703908/maxi-carres-bebe-pouce,2026-09-04,,eu-baby-kind-katalog.csv
3251241047584,Huile pour bébé idéale massage,Prim'age,baby_kind,baby_0_36m,creme,FR,no,no,no,yes,,,,obf-category-or-name,no,,https://world.openbeautyfacts.org/product/3251241047584/huile-pour-bebe-ideale-massage-prim-age,2026-09-04,,eu-baby-kind-katalog.csv
6009523601811,Special Baby Shampoo,Purity,baby_kind,baby_0_36m,haar,FR,no,no,no,yes,,,,obf-category-or-name,no,,https://world.openbeautyfacts.org/product/6009523601811/special-baby-shampoo-purity,2026-09-04,,eu-baby-kind-katalog.csv
5701943100882,P20 Kids SPF50+ Zonnebrandcrème,Riemann,baby_kind,baby_0_36m,spf,NL,no,no,no,yes,,,,obf-category-or-name,no,AAP/AAD: unter 6 Monaten SPF nicht first-line,https://world.openbeautyfacts.org/product/5701943100882/p20-kids-spf50-zonnebrandcreme-riemann,2026-09-04,"SAFETY NOTE unter 6 Mon.: Schatten/Kleidung first-line, kein SPF-First für Neonaten in App-Copy.",eu-baby-kind-katalog.csv
3401540393640,Saforelle Bébé Liniment Oléo-Calcaire,Saforelle Bébé,baby_kind,baby_0_36m,windel,FR,no,no,no,yes,,,,obf-category-or-name,no,,https://world.openbeautyfacts.org/product/3401540393640/saforelle-bebe-liniment-oleo-calcaire,2026-09-04,,eu-baby-kind-katalog.csv
5712873709144,Fri Baby VådServietter,Salling,baby_kind,baby_0_36m,windel,DK,no,no,no,yes,,,,obf-category-or-name,no,,https://world.openbeautyfacts.org/product/5712873709144/fri-baby-vadservietter-salling,2026-09-04,,eu-baby-kind-katalog.csv
8718951647527,Zero Baby & Kids Corps & Cheveux,Sanex,baby_kind,baby_0_36m,sonst,BE;FR,no,no,no,yes,,,,obf-category-or-name,no,,https://world.openbeautyfacts.org/product/8718951647527/zero-baby-kids-corps-cheveux-sanex,2026-09-04,,eu-baby-kind-katalog.csv
9782253122111,Doliprane bebe,Sanofi,baby_kind,baby_0_36m,creme,FR,no,no,no,yes,,,,obf-category-or-name,no,,https://world.openbeautyfacts.org/product/9782253122111/doliprane-bebe-sanofi,2026-09-04,,eu-baby-kind-katalog.csv
8480017132222,Baby baño espuma,Sebamed,baby_kind,baby_0_36m,sonst,ES,no,no,no,yes,,,,obf-category-or-name,no,,https://world.openbeautyfacts.org/product/8480017132222/baby-bano-espuma-sebamed,2026-09-04,Sebamed Baby & Kind; FF nur mit Label (manche SKUs mit Parfum).,eu-baby-kind-katalog.csv
8720181501784,Kids toothpaste 0-6 years old,Signal,baby_kind,kind_3_11,sonst,FR,no,no,no,no,,,,kinderprodukt-ab-3-jahren,no,,https://world.openbeautyfacts.org/product/8720181501784/kids-toothpaste-0-6-years-old-unilever,2026-09-04,,eu-baby-kind-katalog.csv
8720181501814,Protection caries longue durée,Signal,baby_kind,kind_3_11,creme,FR,no,no,no,no,,,,kinderprodukt-ab-3-jahren,no,,https://world.openbeautyfacts.org/product/8720181501814/protection-caries-longue-duree-signal,2026-09-04,,eu-baby-kind-katalog.csv
8717644091777,Signal Dentifrice Enfants 7+ Ans Menthe Pokémon 75ml,Signal,baby_kind,kind_3_11,creme,FR,no,no,no,no,,,,kinderprodukt-ab-3-jahren,no,,https://world.openbeautyfacts.org/product/8717644091777/signal-dentifrice-enfants-7-ans-menthe-pokemon-75ml-unilever,2026-09-04,,eu-baby-kind-katalog.csv
8710522350256,Signal Dentifrice Enfants Baby 0-3 Ans Fraise 3x50ml,Signal,baby_kind,baby_0_36m,creme,FR,no,no,no,yes,,,,obf-category-or-name,no,,https://world.openbeautyfacts.org/product/8710522350256/signal-dentifrice-enfants-baby-0-3-ans-fraise-3x50ml-unilever,2026-09-04,,eu-baby-kind-katalog.csv
3560071310769,Lingettes Bébé à l'Aloe Vera,Simpl,baby_kind,baby_0_36m,windel,FR,no,no,no,yes,,,,obf-category-or-name,no,,https://world.openbeautyfacts.org/product/3560071310769/lingettes-bebe-a-l-aloe-vera-simpl,2026-09-04,,eu-baby-kind-katalog.csv
8710447384671,"Skip Lessive Liquide Sensitive Peaux Sensibles & Bébés 2,8l 56 Lavages",Skip,baby_kind,baby_0_36m,sonst,FR,no,no,no,yes,,,,obf-category-or-name,no,,https://world.openbeautyfacts.org/product/8710447384671/skip-lessive-liquide-sensitive-peaux-sensibles-bebes-2-8l-56-lavages,2026-09-04,,eu-baby-kind-katalog.csv
3517360019476,crème hydratante protectrice bio,so'bio,baby_kind,baby_0_36m,creme,FR,no,no,no,yes,,,,obf-category-or-name,no,,https://world.openbeautyfacts.org/product/3517360019476/creme-hydratante-protectrice-bio-so-bio,2026-09-04,,eu-baby-kind-katalog.csv
9100000824017,Pretty Baby Feuchte Waschlappen,Spar,baby_kind,baby_0_36m,sonst,AT;FR,no,no,no,yes,,,,obf-category-or-name,no,,https://world.openbeautyfacts.org/product/9100000824017/pretty-baby-feuchte-waschlappen-spar,2026-09-04,,eu-baby-kind-katalog.csv
8003510022557,Splend'Or Baby Shampo,Splend'Or,baby_kind,baby_0_36m,sonst,IT,no,no,no,yes,,,,obf-category-or-name,no,,https://world.openbeautyfacts.org/product/8003510022557/splend-or-baby-shampo,2026-09-04,,eu-baby-kind-katalog.csv
8711218979126,Sudocrem Multi expert,Sudocrem,baby_kind,baby_0_36m,creme,NL,no,no,no,yes,,,,obf-category-or-name,no,,https://world.openbeautyfacts.org/product/8711218979126/sudocrem-multi-expert,2026-09-04,,eu-baby-kind-katalog.csv
5907502687423,Soothing Baby Powder,Sylveco dla dzieci,baby_kind,baby_0_36m,sonst,PL,no,no,no,yes,,,,obf-category-or-name,no,,https://world.openbeautyfacts.org/product/5907502687423/soothing-baby-powder-sylveco-dla-dzieci,2026-09-04,,eu-baby-kind-katalog.csv
8711868013850,Baby wipes regular,Teddy care,baby_kind,baby_0_36m,windel,FR,no,no,no,yes,,,,obf-category-or-name,no,,https://world.openbeautyfacts.org/product/8711868013850/baby-wipes-regular-teddy-care,2026-09-04,,eu-baby-kind-katalog.csv
8711868013874,Baby Wipes Sensitive,Teddy care,baby_kind,baby_0_36m,windel,FR,no,no,no,yes,,,,obf-category-or-name,no,,https://world.openbeautyfacts.org/product/8711868013874/baby-wipes-sensitive-teddy-care,2026-09-04,,eu-baby-kind-katalog.csv
8711868006296,natural baby wipes,teddy care,baby_kind,baby_0_36m,windel,FR,no,no,no,yes,,,,obf-category-or-name,no,,https://world.openbeautyfacts.org/product/8711868006296/natural-baby-wipes-teddy-care,2026-09-04,,eu-baby-kind-katalog.csv
8711868004575,Lingettes bébé,TeddyCare,baby_kind,baby_0_36m,windel,FR,no,no,no,yes,,,,obf-category-or-name,no,,https://world.openbeautyfacts.org/product/8711868004575/lingettes-bebe-teddycare,2026-09-04,,eu-baby-kind-katalog.csv
5045731103908,Plastic-free Baby Wipes,Teeny stars,baby_kind,baby_0_36m,windel,PL,no,no,no,yes,,,,obf-category-or-name,no,,https://world.openbeautyfacts.org/product/5045731103908/plastic-free-baby-wipes-teeny-stars,2026-09-04,,eu-baby-kind-katalog.csv
3178040689510,Teraxyl junior 2 en 1,Teraxyl,baby_kind,kind_3_11,bad,FR,no,no,no,no,,,,kinderprodukt-ab-3-jahren,no,,https://world.openbeautyfacts.org/product/3178040689510/teraxyl-junior-2-en-1-henkel,2026-09-04,,eu-baby-kind-katalog.csv
20095963,Lingettes Imprégnées Pour Bébés,Toujours,baby_kind,baby_0_36m,windel,FR,no,no,no,yes,,,,obf-category-or-name,no,,https://world.openbeautyfacts.org/product/20095963/lingettes-impregnees-pour-bebes-toujours,2026-09-04,,eu-baby-kind-katalog.csv
20294786,Toujours - Sensitive Baby - Feuchttücher FüR Lidl,Toujours,baby_kind,baby_0_36m,creme,FR,no,no,no,yes,,,,obf-category-or-name,no,,https://world.openbeautyfacts.org/product/20294786/toujours-sensitive-baby-feuchttucher-fur-lidl,2026-09-04,,eu-baby-kind-katalog.csv
5907489072397,Chusteczki nawilżające dla dzieci,Tullino,baby_kind,baby_0_36m,windel,PL,no,no,no,yes,,,,obf-category-or-name,no,,https://world.openbeautyfacts.org/product/5907489072397/chusteczki-nawilżające-dla-dzieci-tullino,2026-09-04,,eu-baby-kind-katalog.csv
3256221674286,Gel lavant corps et cheveux,U,baby_kind,baby_0_36m,bad,FR,no,no,no,yes,,,,obf-category-or-name,no,,https://world.openbeautyfacts.org/product/3256221674286/gel-lavant-corps-et-cheveux-u,2026-09-04,,eu-baby-kind-katalog.csv
3256224043997,Shampooing doux,U,baby_kind,baby_0_36m,haar,FR,no,no,no,yes,,,,obf-category-or-name,no,,https://world.openbeautyfacts.org/product/3256224043997/shampooing-doux-u,2026-09-04,,eu-baby-kind-katalog.csv
3661434002076,1er Shampoing Extra Doux,Uriage,baby_kind,baby_0_36m,haar,FR,no,no,no,yes,,,,obf-category-or-name,no,,https://world.openbeautyfacts.org/product/3661434002076/uriage-1er-shampooing,2026-09-04,Uriage Bébé 1ère Crème laut Marke parfümiert — FF=no.,eu-baby-kind-katalog.csv
3661434000546,1er Sérum physiologique naturel,Uriage,baby_kind,baby_0_36m,sonst,FR,no,no,no,yes,,,,obf-category-or-name,no,,https://world.openbeautyfacts.org/product/3661434000546/1er-serum-physiologique-naturel-uriage,2026-09-04,Uriage Bébé 1ère Crème laut Marke parfümiert — FF=no.,eu-baby-kind-katalog.csv
3661434000416,Uriage Bébé - 1ère Eau Nettoyante,Uriage,baby_kind,baby_0_36m,reiniger,FR,no,no,no,yes,,,,obf-category-or-name,no,,https://world.openbeautyfacts.org/product/3661434000416/uriage-bebe-1ere-eau-nettoyante,2026-09-04,Uriage Bébé 1ère Crème laut Marke parfümiert — FF=no.,eu-baby-kind-katalog.csv
5099514200209,Baby wipes,Water wipes,baby_kind,baby_0_36m,windel,PL,no,no,no,yes,,,,obf-category-or-name,no,,https://world.openbeautyfacts.org/product/5099514200209/baby-wipes-water-wipes,2026-09-04,,eu-baby-kind-katalog.csv
5099514001486,Baby wipes,Waterwipes,baby_kind,baby_0_36m,windel,PL,no,no,no,yes,,,,obf-category-or-name,no,,https://world.openbeautyfacts.org/product/5099514001486/baby-wipes-waterwipes,2026-09-04,,eu-baby-kind-katalog.csv
5099514005026,Baby wipes,Waterwipes,baby_kind,baby_0_36m,windel,PL,no,no,no,yes,,,,obf-category-or-name,no,,https://world.openbeautyfacts.org/product/5099514005026/baby-wipes-waterwipes,2026-09-04,,eu-baby-kind-katalog.csv
5099514400074,Water Wipes,Waterwipes,baby_kind,baby_0_36m,windel,BE;PL,no,no,no,yes,,,,obf-category-or-name,no,,https://world.openbeautyfacts.org/product/5099514400074/water-wipes-waterwipes,2026-09-04,,eu-baby-kind-katalog.csv
5099514400159,Waterwipes Babydoekjes,Waterwipes,baby_kind,baby_0_36m,windel,NL,no,no,no,yes,,,,obf-category-or-name,no,,https://world.openbeautyfacts.org/product/5099514400159/waterwipes-babydoekjes,2026-09-04,,eu-baby-kind-katalog.csv
4001638096539,Baby Body Lotion,Weleda,baby_kind,baby_0_36m,creme,IE,no,no,no,yes,,,,brand-line+obf,no,,https://world.openbeautyfacts.org/product/4001638096539/baby-body-lotion-weleda,2026-09-04,Weleda Calendula Standard oft mit Duft/ätherischen Ölen — FF nur parfümfrei-SKU.,eu-baby-kind-katalog.csv
4001638096829,Baby body lotion,Weleda,baby_kind,baby_0_36m,creme,ES,no,no,no,yes,,,,brand-line+obf,no,,https://world.openbeautyfacts.org/product/4001638096829/baby-body-lotion-weleda,2026-09-04,Weleda Calendula Standard oft mit Duft/ätherischen Ölen — FF nur parfümfrei-SKU.,eu-baby-kind-katalog.csv
,Calendula Gesichtscreme parfümfrei,Weleda,baby_kind,baby_0_36m,creme,DE;AT,yes,no,no,yes,brand-page,,,brand-page,no,,https://www.weleda.de/produkt/calendula-gesichtscreme-parfuemfrei-g004246,2026-09-04,Markenseite: parfümfreie Calendula Gesichtscreme Weleda Baby. CFI: nein.,eu-baby-kind-katalog.csv
,Calendula Pflegeöl parfümfrei,Weleda,baby_kind,baby_0_36m,creme,DE;AT,yes,no,no,yes,brand-page,,,brand-page,no,,https://www.weleda.de/produkt/calendula-pflegeoel-parfuemfrei-g007528,2026-09-04,Markenseite: unparfümiertes Calendula-Pflegeöl für Babypflege. CFI: nein.,eu-baby-kind-katalog.csv
,Calendula Wundschutzcreme parfümfrei,Weleda,baby_kind,baby_0_36m,windel,DE;AT,yes,no,no,yes,brand-page,,,brand-page,no,,https://www.weleda.de/baby,2026-09-04,Weleda Baby: Wundschutzcreme auch parfümfrei; von Geburt. Nicht Rx. CFI: nein.,eu-baby-kind-katalog.csv
4001638088138,Weleda Baby calendula billenbalsem,Weleda,baby_kind,baby_0_36m,windel,NL,no,no,no,yes,,,,brand-line+obf,no,,https://world.openbeautyfacts.org/product/4001638088138/weleda-baby-calendula-billenbalsem,2026-09-04,Weleda Calendula Standard oft mit Duft/ätherischen Ölen — FF nur parfümfrei-SKU.,eu-baby-kind-katalog.csv
3596204358506,Weleda Baby Calendula Bodymilk,Weleda,baby_kind,baby_0_36m,creme,NL,no,no,no,yes,,,,brand-line+obf,no,,https://world.openbeautyfacts.org/product/3596204358506/weleda-baby-calendula-bodymilk,2026-09-04,Weleda Calendula Standard oft mit Duft/ätherischen Ölen — FF nur parfümfrei-SKU.,eu-baby-kind-katalog.csv
4001638096614,Weleda Baby calendula gezichtscrème,Weleda,baby_kind,baby_0_36m,creme,NL,no,no,no,yes,,,,brand-line+obf,no,,https://world.openbeautyfacts.org/product/4001638096614/weleda-baby-calendula-gezichtscreme,2026-09-04,Weleda Calendula Standard oft mit Duft/ätherischen Ölen — FF nur parfümfrei-SKU.,eu-baby-kind-katalog.csv
4001638096515,Weleda Baby calendula haar- en bodyshampoo,Weleda,baby_kind,baby_0_36m,haar,NL,no,no,no,yes,,,,brand-line+obf,no,,https://world.openbeautyfacts.org/product/4001638096515/baby-calendula-waschlotion-shampoo-weleda,2026-09-04,Weleda Calendula Standard oft mit Duft/ätherischen Ölen — FF nur parfümfrei-SKU.,eu-baby-kind-katalog.csv
3596209937119,Weleda Bébé Calendula - Bain Crème,Weleda,baby_kind,baby_0_36m,bad,FR,no,no,no,yes,,,,brand-line+obf,no,,https://world.openbeautyfacts.org/product/3596209937119/weleda-bebe-calendula-bain-creme,2026-09-04,Weleda Calendula Standard oft mit Duft/ätherischen Ölen — FF nur parfümfrei-SKU.,eu-baby-kind-katalog.csv
3596206529621,Weleda Bébé Calendula - Crème pour le change,Weleda,baby_kind,baby_0_36m,windel,FR,no,no,no,yes,,,,brand-line+obf,no,,https://world.openbeautyfacts.org/product/3596206529621/weleda-bebe-calendula-creme-pour-le-change,2026-09-04,Weleda Calendula Standard oft mit Duft/ätherischen Ölen — FF nur parfümfrei-SKU.,eu-baby-kind-katalog.csv
3596204358520,Weleda Bébé Calendula - Crème protectrice Visage,Weleda,baby_kind,baby_0_36m,creme,FR,no,no,no,yes,,,,brand-line+obf,no,,https://world.openbeautyfacts.org/product/3596204358520/weleda-bebe-calendula-creme-protectrice-visage,2026-09-04,Weleda Calendula Standard oft mit Duft/ätherischen Ölen — FF nur parfümfrei-SKU.,eu-baby-kind-katalog.csv
3596204519990,Weleda Bébé Huile de Massage Ventre de Bébé,Weleda,baby_kind,baby_0_36m,creme,FR,no,no,no,yes,,,,brand-line+obf,no,,https://world.openbeautyfacts.org/product/3596204519990/weleda-bebe-huile-de-massage-ventre-de-bebe,2026-09-04,Weleda Calendula Standard oft mit Duft/ätherischen Ölen — FF nur parfümfrei-SKU.,eu-baby-kind-katalog.csv
3596209656003,Weleda Bébé Huile de toilette au Calendula,Weleda,baby_kind,baby_0_36m,creme,FR,no,no,no,yes,,,,brand-line+obf,no,,https://world.openbeautyfacts.org/product/3596209656003/weleda-bebe-huile-de-toilette-au-calendula,2026-09-04,Weleda Calendula Standard oft mit Duft/ätherischen Ölen — FF nur parfümfrei-SKU.,eu-baby-kind-katalog.csv
4001638096560,Weleda Calendula verzorgende olie,Weleda,baby_kind,baby_0_36m,creme,NL,no,no,no,yes,,,,brand-line+obf,no,,https://world.openbeautyfacts.org/product/4001638096560/weleda-calendula-verzorgende-olie,2026-09-04,Weleda Calendula Standard oft mit Duft/ätherischen Ölen — FF nur parfümfrei-SKU.,eu-baby-kind-katalog.csv
3800232739757,Natural baby shampoo & body wash,Wooden spoon,baby_kind,baby_0_36m,haar,BG;HU,no,no,no,yes,,,,obf-category-or-name,no,,https://world.openbeautyfacts.org/product/3800232739757/natural-baby-shampoo-body-wash-wooden-spoon,2026-09-04,,eu-baby-kind-katalog.csv
8712561405737,Baby shampoo,Zwitsal,baby_kind,baby_0_36m,haar,NL,no,no,no,yes,,,,obf-category-or-name,no,,https://world.openbeautyfacts.org/product/8712561405737/baby-shampoo-zwitsal,2026-09-04,,eu-baby-kind-katalog.csv
8721317738180,Zwitsal Baby & Kids Bath Care Set,Zwitsal,baby_kind,baby_0_36m,bad,NL,no,no,no,yes,,,,obf-category-or-name,no,,https://world.openbeautyfacts.org/product/8721317738180/zwitsal-baby-kids-bath-care-set,2026-09-04,,eu-baby-kind-katalog.csv
8720181770500,Zwitsal Baby & Kids Mini Geschenkset,Zwitsal,baby_kind,baby_0_36m,sonst,NL,no,no,no,yes,,,,obf-category-or-name,no,,https://world.openbeautyfacts.org/product/8720181770500/zwitsal-baby-kids-mini-geschenkset,2026-09-04,,eu-baby-kind-katalog.csv
8711700508483,Zwitsal Baby vochtige washandjes,Zwitsal,baby_kind,baby_0_36m,windel,NL,no,no,no,yes,,,,obf-category-or-name,no,,https://world.openbeautyfacts.org/product/8711700508483/zwitsal-baby-vochtige-washandjes,2026-09-04,,eu-baby-kind-katalog.csv
8720181649646,Zwitsal Baby zachte crème,Zwitsal,baby_kind,baby_0_36m,creme,NL,no,no,no,yes,,,,obf-category-or-name,no,,https://world.openbeautyfacts.org/product/8720181649646/zwitsal-baby-zachte-creme,2026-09-04,,eu-baby-kind-katalog.csv
8720181649196,Zwitsal Conditioner,Zwitsal,baby_kind,baby_0_36m,creme,NL,no,no,no,yes,,,,obf-category-or-name,no,,https://world.openbeautyfacts.org/product/8720181649196/zwitsal-conditioner,2026-09-04,,eu-baby-kind-katalog.csv
0083800049004,7TH Heaven Superfood Pomegranate Peel-Off Mask,7th Heaven,erwachsen_gesicht,erwachsen,haut_gesicht,NL,,,yes,,,,leaping-bunny,,no,,https://world.openbeautyfacts.org/product/0083800049004/7th-heaven-superfood-pomegranate-peel-off-mask,2026-09-04,OBF-Label crowd-sourced; Siegel vor Launch re-checken,eu-flag-katalog-gesicht.csv
3282770202120,Protect Crème SPF50+,A-Derma,erwachsen_gesicht,erwachsen,haut_gesicht,FR,yes,,,,obf-label,,,,no,,https://world.openbeautyfacts.org/product/3282770202120/protect-creme-spf50-a-derma,2026-09-04,,eu-flag-katalog-gesicht.csv
7319861018585,Kids Active Sun Lotion SPF 50+,ACO,erwachsen_gesicht,erwachsen,haut_gesicht,SE,yes,,,,obf-label,,,,no,,https://world.openbeautyfacts.org/product/7319861018585/kids-active-sun-lotion-spf-50-aco,2026-09-04,,eu-flag-katalog-gesicht.csv
7319861018509,Sun face cream,ACO,erwachsen_gesicht,erwachsen,haut_gesicht,NL|SE,yes,,,,obf-label,,,,no,,https://world.openbeautyfacts.org/product/7319861018509/sun-face-cream-aco,2026-09-04,,eu-flag-katalog-gesicht.csv
3770022721098,Savon solide L'agrume Visage - Aleyria Cosmétiques,Aleyria Cosmétiques,erwachsen_gesicht,erwachsen,haut_gesicht,FR,,,yes,,,,obf-label,,no,,https://world.openbeautyfacts.org/product/3770022721098/savon-solide-l-agrume-visage-aleyria-cosmetiques,2026-09-04,,eu-flag-katalog-gesicht.csv
3770022721036,Savon solide Le floral Visage - Aleyria Cosmétiques,Aleyria Cosmétiques,erwachsen_gesicht,erwachsen,haut_gesicht,FR,,,yes,,,,obf-label,,no,,https://world.openbeautyfacts.org/product/3770022721036/savon-solide-le-floral-visage-aleyria-cosmetiques,2026-09-04,,eu-flag-katalog-gesicht.csv
3770022721050,Savon solide Le fraicheur Visage - Aleyria Cosmétiques,Aleyria Cosmétiques,erwachsen_gesicht,erwachsen,haut_gesicht,FR,,,yes,,,,obf-label,,no,,https://world.openbeautyfacts.org/product/3770022721050/savon-solide-le-fraicheur-visage-aleyria-cosmetiques,2026-09-04,,eu-flag-katalog-gesicht.csv
3770022721012,Savon solide Le Naturel Visage- Aleyria Cosmétiques,Aleyria Cosmétiques,erwachsen_gesicht,erwachsen,haut_gesicht,FR,,,yes,,,,obf-label,,no,,https://world.openbeautyfacts.org/product/3770022721012/savon-solide-le-naturel-visage-aleyria-cosmetiques,2026-09-04,,eu-flag-katalog-gesicht.csv
3770022721074,Savon solide Le Provençal Visage - Aleyria Cosmétiques,Aleyria Cosmétiques,erwachsen_gesicht,erwachsen,haut_gesicht,FR,,,yes,,,,obf-label,,no,,https://world.openbeautyfacts.org/product/3770022721074/savon-solide-le-provencal-visage-aleyria-cosmetiques,2026-09-04,,eu-flag-katalog-gesicht.csv
3760075074227,Spray solaire bébé 100 % naturel* haute protection - 50 sensible,Alphanova Sun,erwachsen_gesicht,erwachsen,haut_gesicht,FR,yes,,,,obf-label,,,,no,,https://world.openbeautyfacts.org/product/3760075074227/spray-solaire-bebe-100-naturel-haute-protection-50-sensible-alphanova-sun,2026-09-04,,eu-flag-katalog-gesicht.csv
7313272135244,Solcreme ansikte SPF 30,apoteket,erwachsen_gesicht,erwachsen,haut_gesicht,SE,yes,,,,obf-label,,,,no,,https://world.openbeautyfacts.org/product/7313272135244/solcreme-ansikte-spf-30-apoteket,2026-09-04,,eu-flag-katalog-gesicht.csv
7313272150896,Solcreme ansikte SPF 50,apoteket,erwachsen_gesicht,erwachsen,haut_gesicht,SE,yes,,,,obf-label,,,,no,,https://world.openbeautyfacts.org/product/7313272150896/solcreme-ansikte-spf-50-apoteket,2026-09-04,,eu-flag-katalog-gesicht.csv
7313272153712,Solfluid ansikte,apoteket,erwachsen_gesicht,erwachsen,haut_gesicht,SE,yes,,,,obf-label,,,,no,,https://world.openbeautyfacts.org/product/7313272153712/solfluid-ansikte-apoteket,2026-09-04,,eu-flag-katalog-gesicht.csv
7313272135268,Sollotion högt skydd SPF 30,apoteket,erwachsen_gesicht,erwachsen,haut_gesicht,SE,yes,,,,obf-label,,,,no,,https://world.openbeautyfacts.org/product/7313272135268/sollotion-hogt-skydd-spf-30-apoteket,2026-09-04,,eu-flag-katalog-gesicht.csv
7313272139747,Sollotion SPF 30,apoteket,erwachsen_gesicht,erwachsen,haut_gesicht,SE,yes,,,,obf-label,,,,no,,https://world.openbeautyfacts.org/product/7313272139747/sollotion-spf-30-apoteket,2026-09-04,,eu-flag-katalog-gesicht.csv
7313272150940,Solspray SPF 30,apoteket,erwachsen_gesicht,erwachsen,haut_gesicht,SE,yes,,,,obf-label,,,,no,,https://world.openbeautyfacts.org/product/7313272150940/solspray-spf-30-apoteket,2026-09-04,,eu-flag-katalog-gesicht.csv
8436024790016,Gel aloe Vera puro,Atlantia,erwachsen_gesicht,erwachsen,haut_gesicht,ES,yes,,,,obf-label,,,,no,,https://world.openbeautyfacts.org/product/8436024790016/gel-aloe-vera-puro-atlantia,2026-09-04,,eu-flag-katalog-gesicht.csv
3282779316392,Réparateur après-soleil,Avene,erwachsen_gesicht,erwachsen,haut_gesicht,FR,,yes,,,,obf-label,,,no,,https://world.openbeautyfacts.org/product/3282779316392/reparateur-apres-soleil-avene,2026-09-04,,eu-flag-katalog-gesicht.csv
3282770138801,Avène Tolérance CONTROL Creme,Avène,erwachsen_gesicht,erwachsen,haut_gesicht,DE|AT|FR|EU,yes,,,,claim,,,,no,,https://www.eau-thermale-avene.de/p/tolerance-control-creme-3282770138801-0c591b54,2026-09-04,Claim: 'Ohne Duftstoffe'; INCI ohne Parfum/Fragrance auf Markenseite; kein NC-Claim gefunden → NC=no,eu-flag-katalog-gesicht.csv
3282779002738,Cold Cream - crème,Avène,erwachsen_gesicht,erwachsen,haut_gesicht,FR,,yes,,,,obf-label,,,no,,https://world.openbeautyfacts.org/product/3282779002738/cold-cream-creme-avene,2026-09-04,,eu-flag-katalog-gesicht.csv
3282779059848,Eluage Crème anti-âge restructurant,Avène,erwachsen_gesicht,erwachsen,haut_gesicht,FR,,yes,,,,obf-label,,,no,,https://world.openbeautyfacts.org/product/3282779059848/eluage-creme-anti-age-restructurant-avene,2026-09-04,,eu-flag-katalog-gesicht.csv
3282770073478,Soin lèvres sensibles,Avène,erwachsen_gesicht,erwachsen,haut_gesicht,FR,,yes,,,,obf-label,,,no,,https://world.openbeautyfacts.org/product/3282770073478/soin-levres-sensibles-avene,2026-09-04,,eu-flag-katalog-gesicht.csv
3282770100402,Trixera,Avène,erwachsen_gesicht,erwachsen,haut_gesicht,FR,,yes,,,,obf-label,,,no,,https://world.openbeautyfacts.org/product/3282770100402/trixera-avene,2026-09-04,,eu-flag-katalog-gesicht.csv
3282779363815,Très Haute Protection Spray 50+ SPF,Avène,erwachsen_gesicht,erwachsen,haut_gesicht,FR,,yes,,,,obf-label,,,no,,https://world.openbeautyfacts.org/product/3282779363815/tres-haute-protection-spray-50-spf-avene,2026-09-04,,eu-flag-katalog-gesicht.csv
3282779405485,Xeracalm A.D. Baume relipidant,Avène,erwachsen_gesicht,erwachsen,haut_gesicht,FR,,yes,,,,obf-label,,,no,,https://world.openbeautyfacts.org/product/3282779405485/xeracalm-a-d-baume-relipidant-avene,2026-09-04,,eu-flag-katalog-gesicht.csv
07581365,Ysthéal +,Avène,erwachsen_gesicht,erwachsen,haut_gesicht,FR,,yes,,,,obf-label,,,no,,https://world.openbeautyfacts.org/product/07581365/ystheal-avene,2026-09-04,,eu-flag-katalog-gesicht.csv
3282770037005,Ysthéal Intense concentré antirides rénovateur de peau,Avène,erwachsen_gesicht,erwachsen,haut_gesicht,FR,yes,yes,,,obf-label,obf-label,,,no,,https://world.openbeautyfacts.org/product/3282770037005/ystheal-intense-concentre-antirides-renovateur-de-peau-avene,2026-09-04,,eu-flag-katalog-gesicht.csv
4005900261038,NIVEA SUN Protect & Sensitive Sun Lotion SPF 30,Beiersdorf,erwachsen_gesicht,erwachsen,haut_gesicht,SE,yes,,,,obf-label,,,,no,,https://world.openbeautyfacts.org/product/4005900261038/nivea-sun-protect-sensitive-sun-lotion-spf-30-beiersdorf,2026-09-04,,eu-flag-katalog-gesicht.csv
4005900127365,Protect & Sensitive 50,Beiersdorf,erwachsen_gesicht,erwachsen,haut_gesicht,FR,yes,,,,obf-label,,,,no,,https://world.openbeautyfacts.org/product/4005900127365/protect-sensitive-50-beiersdorf,2026-09-04,,eu-flag-katalog-gesicht.csv
8480010207170,Natural Crema de Manos,Belle,erwachsen_gesicht,erwachsen,haut_gesicht,ES,yes,,,,obf-label,,,,no,,https://world.openbeautyfacts.org/product/8480010207170/natural-crema-de-manos-belle,2026-09-04,,eu-flag-katalog-gesicht.csv
6414504296106,Suihkusaippua,Berner,erwachsen_gesicht,erwachsen,haut_gesicht,FI,yes,,,,obf-label,,,,no,,https://world.openbeautyfacts.org/product/6414504296106/suihkusaippua-berner,2026-09-04,,eu-flag-katalog-gesicht.csv
3329310002113,Masque visage purifiant Argile verte,Biocos,erwachsen_gesicht,erwachsen,haut_gesicht,FR,yes,,,,obf-label,,,,no,,https://world.openbeautyfacts.org/product/3329310002113/masque-visage-purifiant-argile-verte-biocos,2026-09-04,,eu-flag-katalog-gesicht.csv
,Bioderma Sensibio H2O,Bioderma,erwachsen_gesicht,erwachsen,haut_gesicht,DE|AT|FR|EU,yes,,,,claim,,,,no,,https://www.bioderma.de/unsere-produkte/sensibio/h2o,2026-09-04,Claim: 'Unparfümiert',eu-flag-katalog-gesicht.csv
,Bioderma Sébium Gel moussant,Bioderma,erwachsen_gesicht,erwachsen,haut_gesicht,DE|AT|FR|EU,,yes,,,,brand-page,,,no,,https://www.bioderma.de/unsere-produkte/sebium/gel-moussant,2026-09-04,Claim: 'Nicht komedogen'; Seite sagt auch 'Leichter frischer Duft' → nicht parfümfrei,eu-flag-katalog-gesicht.csv
,Bioderma Sébium H2O,Bioderma,erwachsen_gesicht,erwachsen,haut_gesicht,DE|AT|FR|EU,,yes,,,,brand-page,,,no,,https://www.bioderma.de/unsere-produkte/sebium/h2o,2026-09-04,Claim: 'Nicht komedogen',eu-flag-katalog-gesicht.csv
3401573670053,Créaline TS H2O Solution micellaire,Bioderma,erwachsen_gesicht,erwachsen,haut_gesicht,FR,yes,,,,obf-label,,,,no,,https://world.openbeautyfacts.org/product/3401573670053/crealine-ts-h2o-solution-micellaire-bioderma,2026-09-04,,eu-flag-katalog-gesicht.csv
3401353688513,Photoderm Bronz SPF 50+,Bioderma,erwachsen_gesicht,erwachsen,haut_gesicht,FR,,yes,,,,obf-label,,,no,,https://world.openbeautyfacts.org/product/3401353688513/photoderm-bronz-spf-50-bioderma,2026-09-04,,eu-flag-katalog-gesicht.csv
3401353688742,Photoderm MAX SPF 50+ Spray très haute protection,Bioderma,erwachsen_gesicht,erwachsen,sonst,FR,yes,yes,,,obf-label,obf-label,,,no,,https://world.openbeautyfacts.org/product/3401353688742/photoderm-max-spf-50-spray-tres-haute-protection-bioderma,2026-09-04,,eu-flag-katalog-gesicht.csv
5017634247843,Anti-boutons,Bioré,erwachsen_gesicht,erwachsen,haut_gesicht,FR,,yes,,,,obf-label,,,no,,https://world.openbeautyfacts.org/product/5017634247843/anti-boutons-biore,2026-09-04,,eu-flag-katalog-gesicht.csv
5028197417574,Canneberge givrée - lotion scintillante,Body Shop,erwachsen_gesicht,erwachsen,haut_gesicht,FR,,,yes,,,,obf-label,,no,,https://world.openbeautyfacts.org/product/5028197417574/canneberge-givree-lotion-scintillante-body-shop,2026-09-04,,eu-flag-katalog-gesicht.csv
5028197417482,Canneberge givrée beurre corporel,Body Shop,erwachsen_gesicht,erwachsen,haut_gesicht,FR,,,yes,,,,obf-label,,no,,https://world.openbeautyfacts.org/product/5028197417482/canneberge-givree-beurre-corporel-body-shop,2026-09-04,,eu-flag-katalog-gesicht.csv
5028197417871,Canneberge givrée exfoliant au sucre,Body Shop,erwachsen_gesicht,erwachsen,haut_gesicht,FR,,,yes,,,,obf-label,,no,,https://world.openbeautyfacts.org/product/5028197417871/canneberge-givree-exfoliant-au-sucre-body-shop,2026-09-04,,eu-flag-katalog-gesicht.csv
3052503155104,Air mat la nouvelle matité indétectable - ivoire rosé,Bourjois,erwachsen_gesicht,erwachsen,haut_gesicht,FR,,yes,,,,obf-label,,,no,,https://world.openbeautyfacts.org/product/3052503155104/air-mat-la-nouvelle-matite-indetectable-ivoire-rose-bourjois,2026-09-04,,eu-flag-katalog-gesicht.csv
9313880201001,Loose powder 04 Medium to dark,Bys,erwachsen_gesicht,erwachsen,haut_gesicht,FR,,,yes,,,,obf-label,,no,,https://world.openbeautyfacts.org/product/9313880201001/loose-powder-04-medium-to-dark-bys,2026-09-04,,eu-flag-katalog-gesicht.csv
,CeraVe Ausgleichender Reinigungsschaum,CeraVe,erwachsen_gesicht,erwachsen,haut_gesicht,DE|AT|EU,yes,yes,,,claim,brand-page,,,no,,https://www.cerave.de/hautpflege/reinigung-fuer-gesicht-und-koerper/ausgleichender-reinigungsschaum,2026-09-04,Claim: 'Nicht komedogene Formel' + 'ohne Duftstoffe oder Parabene',eu-flag-katalog-gesicht.csv
,CeraVe Feuchtigkeitsspendendes HA Water Gel,CeraVe,erwachsen_gesicht,erwachsen,haut_gesicht,DE|AT|EU,yes,yes,,,claim,brand-page,,,no,,https://www.cerave.de/hautpflege/gesichtspflege/feuchtigkeitsspendendes-ha-water-gel,2026-09-04,Claim: 'nicht komedogen … und ohne Duftstoffe' / 'ohne Parfüm'; INCI ohne Parfum/Fragrance geprüft auf Produktseite,eu-flag-katalog-gesicht.csv
3337875597449,CeraVe Hydraterende Gezichtscrème,CeraVe,erwachsen_gesicht,erwachsen,haut_gesicht,NL,,yes,,,,obf-label,,,no,,https://world.openbeautyfacts.org/product/3337875597449/facial-moisturising-lotion-cerave,2026-09-04,,eu-flag-katalog-gesicht.csv
3337875597395,Hydraterende Melk,CeraVe,erwachsen_gesicht,erwachsen,haut_gesicht,IE|NL,yes,yes,,,obf-label,obf-label,,,no,,https://world.openbeautyfacts.org/product/3337875597395/moisturising-lotion-cerave,2026-09-04,,eu-flag-katalog-gesicht.csv
3337875598996,moisturising cream,CeraVe,erwachsen_gesicht,erwachsen,sonst,FR|RO,yes,,,,obf-label,,,,no,,https://world.openbeautyfacts.org/product/3337875598996/moisturising-cream-cerave,2026-09-04,,eu-flag-katalog-gesicht.csv
,Cetaphil Feuchtigkeitscreme,Cetaphil,erwachsen_gesicht,erwachsen,haut_gesicht,DE|AT|EU,yes,yes,,,claim,brand-page,,,no,,https://www.cetaphil.de/produktkategorie/feuchtigkeitspflege/feuchtigkeitscreme/1874015.html,2026-09-04,Claim: 'Nicht komedogen' + 'Ohne Parfüm'; INCI ohne Parfum,eu-flag-katalog-gesicht.csv
,Cetaphil Sanfte Reinigungslotion,Cetaphil,erwachsen_gesicht,erwachsen,haut_gesicht,DE|AT|EU,yes,yes,,,claim,brand-page,,,no,,https://www.cetaphil.de/produktkategorie/reinigung/reinigungslotion/7127319.html,2026-09-04,Claim: 'Nicht komedogen' + 'duftstofffreie Reinigungslotion',eu-flag-katalog-gesicht.csv
,Cetaphil Sanfte Tagespflege mit Hyaluronsäure,Cetaphil,erwachsen_gesicht,erwachsen,haut_gesicht,DE|AT|EU,yes,yes,,,claim,brand-page,,,no,,https://www.cetaphil.de/produktkategorie/feuchtigkeitspflege/tagespflege-mit-hyalurons%C3%A4ure/14136571.html,2026-09-04,Claim: 'Nicht komedogen' + 'Ohne Duftstoffe',eu-flag-katalog-gesicht.csv
20231460,Crème solaire enfant FPS50+,Cien,erwachsen_gesicht,erwachsen,haut_gesicht,ES|FR|NL,yes,,,,obf-label,,,,no,,https://world.openbeautyfacts.org/product/20231460/cien-sun,2026-09-04,,eu-flag-katalog-gesicht.csv
3329310012495,Pâte d'argile,Copar,erwachsen_gesicht,erwachsen,haut_gesicht,FR,yes,,,,obf-label,,,,no,,https://world.openbeautyfacts.org/product/3329310012495/pate-d-argile-copar,2026-09-04,,eu-flag-katalog-gesicht.csv
3257984523521,Les Soins Eau micellaire Peaux Sensibles,Cora,erwachsen_gesicht,erwachsen,haut_gesicht,FR,yes,,,,obf-label,,,,no,,https://world.openbeautyfacts.org/product/3257984523521/les-soins-eau-micellaire-peaux-sensibles-cora,2026-09-04,,eu-flag-katalog-gesicht.csv
0870223028675,Nettoyant Corporel Hydratant Huile de Macadamia,Daily Defense,erwachsen_gesicht,erwachsen,haut_gesicht,FR,,,yes,,,,obf-label,,no,,https://world.openbeautyfacts.org/product/0870223028675/nettoyant-corporel-hydratant-huile-de-macadamia-daily-defense,2026-09-04,,eu-flag-katalog-gesicht.csv
3560070848898,SensilianeSun lait protecteur 50+,Dermato Science,erwachsen_gesicht,erwachsen,haut_gesicht,FR,yes,,,,obf-label,,,,no,,https://world.openbeautyfacts.org/product/3560070848898/sensilianesun-lait-protecteur-50-dermato-science,2026-09-04,,eu-flag-katalog-gesicht.csv
0718334337432,Lotion à la noix de coco,Desert Essence,erwachsen_gesicht,erwachsen,haut_gesicht,FR,yes,,yes,,obf-label,,obf-label,,no,,https://world.openbeautyfacts.org/product/0718334337432/desert-essence-coconut-hand-and-body-lotion,2026-09-04,,eu-flag-katalog-gesicht.csv
3178040694149,Crème Anti-Rides Nuit Haute Tolérance,Diadermine,erwachsen_gesicht,erwachsen,haut_gesicht,FR,yes,,,,obf-label,,,,no,,https://world.openbeautyfacts.org/product/3178040694149/creme-anti-rides-nuit-haute-tolerance-henkel,2026-09-04,,eu-flag-katalog-gesicht.csv
3178040694156,Lotion micellaire démaquillante Haute Tolérance,Diadermine,erwachsen_gesicht,erwachsen,haut_gesicht,FR,yes,,,,obf-label,,,,no,,https://world.openbeautyfacts.org/product/3178040694156/lotion-micellaire-demaquillante-haute-tolerance-henkel,2026-09-04,,eu-flag-katalog-gesicht.csv
8711700784245,Lait pour le corps Deep Care Complex,Dove,erwachsen_gesicht,erwachsen,haut_gesicht,FR,yes,,,,obf-label,,,,no,,https://world.openbeautyfacts.org/product/8711700784245/lait-pour-le-corps-deep-care-complex-unilever,2026-09-04,,eu-flag-katalog-gesicht.csv
4020829005037,Crème de jour fluide,Dr. Hauschka,erwachsen_gesicht,erwachsen,haut_gesicht,FR,yes,,,,obf-label,,,,no,,https://world.openbeautyfacts.org/product/4020829005037/creme-de-jour-fluide-dr-hauschka,2026-09-04,,eu-flag-katalog-gesicht.csv
3282770037500,Keracnyl gel moussant visage et corps,Ducray,erwachsen_gesicht,erwachsen,haut_gesicht,FR,,yes,,,,obf-label,,,no,,https://world.openbeautyfacts.org/product/3282770037500/keracnyl-gel-moussant-visage-et-corps-ducray,2026-09-04,,eu-flag-katalog-gesicht.csv
3287570131014,Huile de massage aux huiles essentielles,Durance,erwachsen_gesicht,erwachsen,haut_gesicht,FR,,,yes,,,,obf-label,,no,,https://world.openbeautyfacts.org/product/3287570131014/huile-de-massage-aux-huiles-essentielles-durance,2026-09-04,,eu-flag-katalog-gesicht.csv
09162008,Durex play massage douceur,Durex,erwachsen_gesicht,erwachsen,haut_gesicht,FR,yes,,,,obf-label,,,,no,,https://world.openbeautyfacts.org/product/09162008/durex-play-massage-douceur,2026-09-04,,eu-flag-katalog-gesicht.csv
3282779178624,Trixéra+,Eau thermale Avène,erwachsen_gesicht,erwachsen,haut_gesicht,FR,yes,yes,,,obf-label,obf-label,,,no,,https://world.openbeautyfacts.org/product/3282779178624/trixera-eau-thermale-avene,2026-09-04,,eu-flag-katalog-gesicht.csv
3517360003314,Nutritive Gel nettoyant surgras,Eau thermale Jonzac,erwachsen_gesicht,erwachsen,haut_gesicht,FR,yes,yes,,,obf-label,obf-label,,,no,,https://world.openbeautyfacts.org/product/3517360003314/nutritive-gel-nettoyant-surgras-eau-thermale-jonzac,2026-09-04,,eu-flag-katalog-gesicht.csv
3517360025750,"Reactive CONTROL, Crème miraculeuse HAUTE TOLERANCE",EAU THERMALE JONZAC,erwachsen_gesicht,erwachsen,haut_gesicht,FR,,yes,,,,obf-label,,,no,,https://world.openbeautyfacts.org/product/3517360025750/reactive-control-creme-miraculeuse-haute-tolerance-eau-thermale-jonzac,2026-09-04,,eu-flag-katalog-gesicht.csv
3517360001419,REhydrate Lait corps réhydratant,Eau thermale Jonzac,erwachsen_gesicht,erwachsen,haut_gesicht,FR,,yes,,,,obf-label,,,no,,https://world.openbeautyfacts.org/product/3517360001419/rehydrate-lait-corps-rehydratant-eau-thermale-jonzac,2026-09-04,,eu-flag-katalog-gesicht.csv
4033981742054,Opalovací krém SPF 15 bio,Eco cosmetics,erwachsen_gesicht,erwachsen,haut_gesicht,CZ,,,yes,,,,obf-label,,no,,https://world.openbeautyfacts.org/product/4033981742054/opalovaci-krem-spf-15-bio-eco-cosmetics,2026-09-04,,eu-flag-katalog-gesicht.csv
3045204804181,Naturals,Ecran Sun,erwachsen_gesicht,erwachsen,haut_gesicht,FR,yes,,,,obf-label,,,,no,,https://world.openbeautyfacts.org/product/3045204804181/naturals-ecran-sun,2026-09-04,,eu-flag-katalog-gesicht.csv
7350113020048,All Glow‘d Up Vegan Sugar Scrub,Estrid,erwachsen_gesicht,erwachsen,haut_gesicht,DE|FI|NL|SE,,,yes,,,,obf-label,,no,,https://world.openbeautyfacts.org/product/7350113020048/all-glow-d-up-vegan-sugar-scrub-estrid,2026-09-04,,eu-flag-katalog-gesicht.csv
,Eucerin AtopiControl Beruhigende Gesichtscreme,Eucerin,erwachsen_gesicht,erwachsen,haut_gesicht,DE|AT|EU,yes,,,,claim,,,,no,,https://www.eucerin.de/produkte/atopicontrol/beruhigende-gesichtscreme,2026-09-04,Claim: frei von Duftstoffen; kein NC-Claim auf Seite gefunden,eu-flag-katalog-gesicht.csv
4005800192883,Eucerin DermoPure Cleansing Gel,Eucerin,erwachsen_gesicht,erwachsen,haut_gesicht,BE|DE|FR|NL,yes,yes,,,obf-label,obf-label,,,no,,https://world.openbeautyfacts.org/product/4005800192883/eucerin-dermopure-cleansing-gel,2026-09-04,,eu-flag-katalog-gesicht.csv
,Eucerin DERMOPURE CLINICAL Hydra Repair,Eucerin,erwachsen_gesicht,erwachsen,haut_gesicht,DE|AT|EU,yes,yes,,,claim,brand-page,,,no,,https://www.eucerin.de/produkte/dermopure-clinical/hydra-repair,2026-09-04,Claim: 'Nicht komedogen' + 'Ohne Duftstoffe',eu-flag-katalog-gesicht.csv
,Eucerin DERMOPURE CLINICAL Klärendes Tonic,Eucerin,erwachsen_gesicht,erwachsen,haut_gesicht,DE|AT|EU,yes,yes,,,claim,brand-page,,,no,,https://www.eucerin.de/produkte/dermopure-clinical/klaerendes-tonic,2026-09-04,Claim: 'Nicht komedogen' + 'Ohne Duftstoffe',eu-flag-katalog-gesicht.csv
,Eucerin DERMOPURE CLINICAL Mat Fluid,Eucerin,erwachsen_gesicht,erwachsen,haut_gesicht,DE|AT|EU,,yes,,,,brand-page,,,no,,https://www.eucerin.de/produkte/dermopure-clinical/mat-fluid,2026-09-04,Claim: 'Nicht komedogen'; Parfümfrei nicht in Fetch bestätigt → FF=no,eu-flag-katalog-gesicht.csv
,Eucerin DERMOPURE CLINICAL Porenverfeinerndes Reinigungsgel,Eucerin,erwachsen_gesicht,erwachsen,haut_gesicht,DE|AT|EU,yes,yes,,,claim,brand-page,,,no,,https://www.eucerin.de/produkte/dermopure-clinical/porenverfeinerndes-reinigungsgel,2026-09-04,Claim: 'Nicht komedogen'; 'Frei von Duftstoffen',eu-flag-katalog-gesicht.csv
8436008569799,(ohne Namen),Fleurymer,erwachsen_gesicht,erwachsen,haut_gesicht,ES,,,yes,,,,obf-label,,no,,https://world.openbeautyfacts.org/product/8436008569799/fleurymer,2026-09-04,,eu-flag-katalog-gesicht.csv
3516170022751,Crème mains de Provence Essence d'amande,Florame,erwachsen_gesicht,erwachsen,haut_gesicht,FR,yes,,,,obf-label,,,,no,,https://world.openbeautyfacts.org/product/3516170022751/creme-mains-de-provence-essence-d-amande-florame,2026-09-04,,eu-flag-katalog-gesicht.csv
8470001549990,Fotoprotector ISDIN Gel Cream 30 SPF,Fotoprotector ISDIN,erwachsen_gesicht,erwachsen,haut_gesicht,ES,,yes,,,,obf-label,,,no,,https://world.openbeautyfacts.org/product/8470001549990/fotoprotector-isdin-gel-cream-30-spf,2026-09-04,,eu-flag-katalog-gesicht.csv
3600542433266,Brightening serum,Garnier,erwachsen_gesicht,erwachsen,haut_gesicht,IE,,,yes,,,,cfi,,no,,https://world.openbeautyfacts.org/product/3600542433266/brightening-serum-garnier,2026-09-04,OBF-Label crowd-sourced; Siegel vor Launch re-checken,eu-flag-katalog-gesicht.csv
3600541729476,Micellar Cleansing Water,Garnier,erwachsen_gesicht,erwachsen,haut_gesicht,FR,yes,,,,obf-label,,,,no,,https://world.openbeautyfacts.org/product/3600541729476/micellar-cleansing-water-l-oreal,2026-09-04,,eu-flag-katalog-gesicht.csv
3600541738508,Miracle Wake Up Crème Anti-Âge défatigant,Garnier,erwachsen_gesicht,erwachsen,haut_gesicht,FR,,yes,,,,obf-label,,,no,,https://world.openbeautyfacts.org/product/3600541738508/miracle-wake-up-creme-anti-age-defatigant-l-oreal,2026-09-04,,eu-flag-katalog-gesicht.csv
3600530171972,Dream Mat Mousse 48 Beige ensoleillé,Gemey,erwachsen_gesicht,erwachsen,haut_gesicht,FR,,yes,,,,obf-label,,,no,,https://world.openbeautyfacts.org/product/3600530171972/dream-mat-mousse-48-beige-ensoleille-gemey,2026-09-04,,eu-flag-katalog-gesicht.csv
3600530523641,Dream Satin Fluide Sable,Gemey Maybelline,erwachsen_gesicht,erwachsen,haut_gesicht,FR,,yes,,,,obf-label,,,no,,https://world.openbeautyfacts.org/product/3600530523641/dream-satin-fluide-sable-gemey-maybelline,2026-09-04,,eu-flag-katalog-gesicht.csv
3701154720093,Nettoyant Visage,Horace,erwachsen_gesicht,erwachsen,unspecified,FR,,,yes,,,,obf-label,,no,,https://world.openbeautyfacts.org/product/3701154720093/nettoyant-visage-horace,2026-09-04,,eu-flag-katalog-gesicht.csv
0682223020111,Jack Black Protein Booster Eye Rescue,Jack,erwachsen_gesicht,erwachsen,sonst,NL,,,yes,,,,obf-label,,no,,https://world.openbeautyfacts.org/product/0682223020111/jack-black-protein-booster-eye-rescue,2026-09-04,,eu-flag-katalog-gesicht.csv
4000196031976,Hand & Nagelcreme,Kamill,erwachsen_gesicht,erwachsen,haut_gesicht,DE,,,yes,,,,obf-label,,no,,https://world.openbeautyfacts.org/product/4000196031976/hand-nagelcreme-kamill,2026-09-04,,eu-flag-katalog-gesicht.csv
3760171121023,Crème visage anti-âge,Kuomayé Bio,erwachsen_gesicht,erwachsen,haut_gesicht,FR,,,yes,,,,obf-label,,no,,https://world.openbeautyfacts.org/product/3760171121023/creme-visage-anti-age-kuomaye-bio,2026-09-04,,eu-flag-katalog-gesicht.csv
3600523461103,Eau biphase micellaire,L'Oréal,erwachsen_gesicht,erwachsen,haut_gesicht,FR,yes,,,,obf-label,,,,no,,https://world.openbeautyfacts.org/product/3600523461103/eau-biphase-micellaire-l-oreal,2026-09-04,,eu-flag-katalog-gesicht.csv
3600522838876,Accord Parfait fond de teint unifiant sur-mesure Lin,L'Oréal Paris,erwachsen_gesicht,erwachsen,haut_gesicht,FR,,yes,,,,obf-label,,,no,,https://world.openbeautyfacts.org/product/3600522838876/accord-parfait-fond-de-teint-unifiant-sur-mesure-lin-l-oreal,2026-09-04,,eu-flag-katalog-gesicht.csv
3600522365884,Solution Micellaire,L'Oréal Paris,erwachsen_gesicht,erwachsen,haut_gesicht,FR,yes,,,,obf-label,,,,no,,https://world.openbeautyfacts.org/product/3600522365884/solution-micellaire-l-oreal,2026-09-04,,eu-flag-katalog-gesicht.csv
3337872414145,Cicaplast Mains,La Roche Posay,erwachsen_gesicht,erwachsen,haut_gesicht,FR,yes,,,,obf-label,,,,no,,https://world.openbeautyfacts.org/product/3337872414145/cicaplast-mains-la-roche-posay,2026-09-04,,eu-flag-katalog-gesicht.csv
,La Roche-Posay Toleriane Sensitive Crème,La Roche-Posay,erwachsen_gesicht,erwachsen,haut_gesicht,FR|DE|AT|EU,yes,yes,,,claim,brand-page,,,no,,https://www.laroche-posay.fr/gammes/visage/toleriane/toleriane-sensitive-creme.-soin-hydratant-apaisant-protecteur/LRP_128.html,2026-09-04,Claim laut Markenseite (Snippet): 'Non comédogène' + 'SANS PARFUM'; Direktabruf Cloudflare-blockiert — vor Launch Seite erneut öffnen,eu-flag-katalog-gesicht.csv
3337872418570,Lipikar Baume AP+,La Roche-Posay,erwachsen_gesicht,erwachsen,haut_gesicht,FR,yes,,,,obf-label,,,,no,,https://world.openbeautyfacts.org/product/3337872418570/lipikar-ap-m-triple-repair-moisturizing-cream-la-roche-posay,2026-09-04,,eu-flag-katalog-gesicht.csv
3266191023595,crème mains aloe vera,la vie claire,erwachsen_gesicht,erwachsen,haut_gesicht,FR,yes,,yes,,obf-label,,obf-label,,no,,https://world.openbeautyfacts.org/product/3266191023595/creme-mains-aloe-vera-la-vie-claire,2026-09-04,,eu-flag-katalog-gesicht.csv
3506770501008,Crème visage protectrice SPF 50 anti-rides au Monoï de Tahiti,Laboratoires Biocos,erwachsen_gesicht,erwachsen,haut_gesicht,FR,yes,,yes,,obf-label,,obf-label,,no,,https://world.openbeautyfacts.org/product/3506770501008/creme-visage-protectrice-spf-50-anti-rides-au-monoi-de-tahiti-laboratoires-biocos,2026-09-04,,eu-flag-katalog-gesicht.csv
4021457614134,Baume à lèvres au jojoba bio et à l'amande bio,Lavera,erwachsen_gesicht,erwachsen,haut_gesicht,FR,,,yes,,,,obf-label,,no,,https://world.openbeautyfacts.org/product/4021457614134/baume-a-levres-au-jojoba-bio-et-a-l-amande-bio-lavera,2026-09-04,,eu-flag-katalog-gesicht.csv
3549620003093,Baume à lèvres à l'huile d'argan anti-âge,Le Petit Olivier,erwachsen_gesicht,erwachsen,haut_gesicht,FR,yes,,,,obf-label,,,,no,,https://world.openbeautyfacts.org/product/3549620003093/baume-a-levres-a-l-huile-d-argan-anti-age-le-petit-olivier,2026-09-04,,eu-flag-katalog-gesicht.csv
3549629000024,Crème mains hydratante Huile d'olive,Le Petit Olivier,erwachsen_gesicht,erwachsen,haut_gesicht,FR,,,yes,,,,obf-label,,no,,https://world.openbeautyfacts.org/product/3549629000024/creme-mains-hydratante-huile-d-olive-le-petit-olivier,2026-09-04,,eu-flag-katalog-gesicht.csv
3549620020335,Huile sèche Karité et amande douce,Le Petit Olivier,erwachsen_gesicht,erwachsen,haut_gesicht,FR,,,yes,,,,obf-label,,no,,https://world.openbeautyfacts.org/product/3549620020335/huile-seche-karite-et-amande-douce-le-petit-olivier,2026-09-04,,eu-flag-katalog-gesicht.csv
3331300011968,Ultimate Slim Sérum 100% Actif Cure Cellulite Rebelle,Linéance,erwachsen_gesicht,erwachsen,haut_gesicht,FR,yes,,,,obf-label,,,,no,,https://world.openbeautyfacts.org/product/3331300011968/ultimate-slim-serum-100-actif-cure-cellulite-rebelle-lineance,2026-09-04,,eu-flag-katalog-gesicht.csv
7350069280176,Rosehip oil,Loelle,erwachsen_gesicht,erwachsen,haut_gesicht,SE,,,yes,,,,obf-label,,no,,https://world.openbeautyfacts.org/product/7350069280176/rosehip-oil-loelle,2026-09-04,,eu-flag-katalog-gesicht.csv
3506770302001,Spray protecteur hydratant SPF 30 haute protection,Lovea,erwachsen_gesicht,erwachsen,haut_gesicht,FR,yes,,yes,,obf-label,,obf-label,,no,,https://world.openbeautyfacts.org/product/3506770302001/spray-protecteur-hydratant-spf-30-haute-protection-lovea,2026-09-04,,eu-flag-katalog-gesicht.csv
3517360006162,BB Cream Mon lait d'Ânesse  SPF 10 - 01 beige lumière,Léa Nature,erwachsen_gesicht,erwachsen,haut_gesicht,FR,yes,yes,,,obf-label,obf-label,,,no,,https://world.openbeautyfacts.org/product/3517360006162/bb-cream-mon-lait-d-anesse-spf-10-01-beige-lumiere-lea-nature,2026-09-04,,eu-flag-katalog-gesicht.csv
3517360005998,BB cream texture légère perfecteur de teint - 01 beige nude,Léa Nature,erwachsen_gesicht,erwachsen,haut_gesicht,FR,,yes,,,,obf-label,,,no,,https://world.openbeautyfacts.org/product/3517360005998/bb-cream-texture-legere-perfecteur-de-teint-01-beige-nude-lea-nature,2026-09-04,,eu-flag-katalog-gesicht.csv
3517360008685,Précieux Argan Eau micellaire anti-âge,Léa Nature,erwachsen_gesicht,erwachsen,haut_gesicht,FR,yes,,,,obf-label,,,,no,,https://world.openbeautyfacts.org/product/3517360008685/precieux-argan-eau-micellaire-anti-age-lea-nature,2026-09-04,,eu-flag-katalog-gesicht.csv
3478821003680,Précieux argan Huile de bain et massage,Léa Nature,erwachsen_gesicht,erwachsen,haut_gesicht,FR,yes,,,,obf-label,,,,no,,https://world.openbeautyfacts.org/product/3478821003680/precieux-argan-huile-de-bain-et-massage-lea-nature,2026-09-04,,eu-flag-katalog-gesicht.csv
8591113028446,Original Home Spa Beer Cosmetics,Manufaktura,erwachsen_gesicht,erwachsen,haut_gesicht,CZ,,,yes,,,,leaping-bunny,,no,,https://world.openbeautyfacts.org/product/8591113028446/original-home-spa-beer-cosmetics-manufaktura,2026-09-04,OBF-Label crowd-sourced; Siegel vor Launch re-checken,eu-flag-katalog-gesicht.csv
5719806324900,Læbebalsam,Matas,erwachsen_gesicht,erwachsen,haut_gesicht,DK,yes,,,,obf-label,,,,no,,https://world.openbeautyfacts.org/product/5719806324900/laebebalsam-matas,2026-09-04,,eu-flag-katalog-gesicht.csv
3600530512232,Pure Sun Mineral Bronze Shimmer Powder 02 Soleil Hâlé,Maybelline,erwachsen_gesicht,erwachsen,haut_gesicht,FR,yes,,,,obf-label,,,,no,,https://world.openbeautyfacts.org/product/3600530512232/pure-sun-mineral-bronze-shimmer-powder-02-soleil-hale-l-oreal,2026-09-04,,eu-flag-katalog-gesicht.csv
3600530625987,SuperStay 24h fond de teint stretch beige éclat,Maybelline,erwachsen_gesicht,erwachsen,haut_gesicht,FR,,yes,,,,obf-label,,,no,,https://world.openbeautyfacts.org/product/3600530625987/superstay-24h-fond-de-teint-stretch-beige-eclat-l-oreal,2026-09-04,,eu-flag-katalog-gesicht.csv
3600550362534,BB Crème Solaire Teinté SPF 50+,Mixa,erwachsen_gesicht,erwachsen,haut_gesicht,FR,yes,yes,,,obf-label,obf-label,,,no,,https://world.openbeautyfacts.org/product/3600550362534/bb-creme-solaire-teinte-spf-50-mixa,2026-09-04,,eu-flag-katalog-gesicht.csv
3600550880687,Crème riche apaisante pro-tolérance,Mixa,erwachsen_gesicht,erwachsen,haut_gesicht,FR,yes,yes,,,obf-label,obf-label,,,no,,https://world.openbeautyfacts.org/product/3600550880687/creme-riche-apaisante-pro-tolerance-mixa,2026-09-04,,eu-flag-katalog-gesicht.csv
3600550538175,Hydratant teinté protecteur anti-imperfections Dermo Defense,Mixa,erwachsen_gesicht,erwachsen,haut_gesicht,FR,,yes,,,,obf-label,,,no,,https://world.openbeautyfacts.org/product/3600550538175/hydratant-teinte-protecteur-anti-imperfections-dermo-defense-mixa,2026-09-04,,eu-flag-katalog-gesicht.csv
3600550199338,Lait corps nutritif protecteur,Mixa,erwachsen_gesicht,erwachsen,haut_gesicht,FR,yes,,,,obf-label,,,,no,,https://world.openbeautyfacts.org/product/3600550199338/lait-corps-nutritif-protecteur-mixa,2026-09-04,,eu-flag-katalog-gesicht.csv
3600550216592,Lait Solaire Tolérance Optimale SPF50,Mixa,erwachsen_gesicht,erwachsen,haut_gesicht,FR,yes,,,,obf-label,,,,no,,https://world.openbeautyfacts.org/product/3600550216592/lait-solaire-tolerance-optimale-spf-50-enfants-et-adulte-peau-sensible-mixa,2026-09-04,,eu-flag-katalog-gesicht.csv
3600550164008,Soin protecteur regénérant Thé vert + Vigne rouge régénérante,Mixa,erwachsen_gesicht,erwachsen,haut_gesicht,FR,yes,,,,obf-label,,,,no,,https://world.openbeautyfacts.org/product/3600550164008/soin-protecteur-regenerant-the-vert-vigne-rouge-regenerante-mixa,2026-09-04,,eu-flag-katalog-gesicht.csv
4006000128689,2in1 primer daily UV serum SPF 50+,Nivea Sun,erwachsen_gesicht,erwachsen,haut_gesicht,SE,yes,,,,obf-label,,,,no,,https://world.openbeautyfacts.org/product/4006000128689/2in1-primer-daily-uv-serum-spf-50-nivea-sun,2026-09-04,,eu-flag-katalog-gesicht.csv
4005900601902,UV Face SPF 50 Sensitive,Nivea Sun,erwachsen_gesicht,erwachsen,haut_gesicht,SE,yes,,,,obf-label,,,,no,,https://world.openbeautyfacts.org/product/4005900601902/uv-face-spf-50-sensitive-nivea-sun,2026-09-04,,eu-flag-katalog-gesicht.csv
3760214630208,L'Expert,Omum,erwachsen_gesicht,erwachsen,haut_gesicht,FR,,,yes,,,,obf-label,,no,,https://world.openbeautyfacts.org/product/3760214630208/l-expert-omum,2026-09-04,,eu-flag-katalog-gesicht.csv
30096189,La Confidente,Omum,erwachsen_gesicht,erwachsen,haut_gesicht,FR,,,yes,,,,obf-label,,no,,https://world.openbeautyfacts.org/product/30096189/la-confidente-omum,2026-09-04,,eu-flag-katalog-gesicht.csv
3760214630017,La Surdouée,Omum,erwachsen_gesicht,erwachsen,haut_gesicht,FR,,,yes,,,,obf-label,,no,,https://world.openbeautyfacts.org/product/3760214630017/la-surdouee-omum,2026-09-04,,eu-flag-katalog-gesicht.csv
3760214630024,Le Bienfaiteur,Omum,erwachsen_gesicht,erwachsen,haut_gesicht,FR,,,yes,,,,obf-label,,no,,https://world.openbeautyfacts.org/product/3760214630024/le-bienfaiteur-omum,2026-09-04,,eu-flag-katalog-gesicht.csv
3760214630178,Le Coach fermeté,Omum,erwachsen_gesicht,erwachsen,haut_gesicht,FR,,,yes,,,,obf-label,,no,,https://world.openbeautyfacts.org/product/3760214630178/le-coach-fermete-omum,2026-09-04,,eu-flag-katalog-gesicht.csv
3760214630185,Ma Jolie Peau,Omum,erwachsen_gesicht,erwachsen,haut_gesicht,FR,,,yes,,,,obf-label,,no,,https://world.openbeautyfacts.org/product/3760214630185/ma-jolie-peau-omum,2026-09-04,,eu-flag-katalog-gesicht.csv
3770002306062,Comme à la plage Crème bonne mine hydratante et autobronzante,Pulpe de vie,erwachsen_gesicht,erwachsen,haut_gesicht,FR,,,yes,,,,obf-label,,no,,https://world.openbeautyfacts.org/product/3770002306062/comme-a-la-plage-creme-bonne-mine-hydratante-et-autobronzante-pulpe-de-vie,2026-09-04,,eu-flag-katalog-gesicht.csv
3607349796754,BB Cream matte - 001 claire,Rimmel,erwachsen_gesicht,erwachsen,haut_gesicht,FR,,yes,,,,obf-label,,,no,,https://world.openbeautyfacts.org/product/3607349796754/bb-cream-matte-001-claire-rimmel,2026-09-04,,eu-flag-katalog-gesicht.csv
3607343730341,BB cream radiance 9 en 1 SPF 20 - 001 claire,Rimmel,erwachsen_gesicht,erwachsen,haut_gesicht,FR,,yes,,,,obf-label,,,no,,https://world.openbeautyfacts.org/product/3607343730341/bb-cream-radiance-9-en-1-spf-20-001-claire-rimmel,2026-09-04,,eu-flag-katalog-gesicht.csv
3361370627073,MB dermo cold crème Saint-Gervais Mont Blanc,Rivadis,erwachsen_gesicht,erwachsen,haut_gesicht,FR,yes,yes,,,obf-label,obf-label,,,no,,https://world.openbeautyfacts.org/product/3361370627073/mb-dermo-cold-creme-saint-gervais-mont-blanc-rivadis,2026-09-04,,eu-flag-katalog-gesicht.csv
3517360016970,Hydra Aloé Vera,So Bio Etic,erwachsen_gesicht,erwachsen,haut_gesicht,FR|SE,yes,,,,obf-label,,,,no,,https://world.openbeautyfacts.org/product/3517360016970/hydra-aloe-vera-so-bio-etic,2026-09-04,,eu-flag-katalog-gesicht.csv
3770020070006,L'incontournable savon au lait de chèvre parfum amande,Soin Amalthée,erwachsen_gesicht,erwachsen,haut_gesicht,FR,,,yes,,,,obf-label,,no,,https://world.openbeautyfacts.org/product/3770020070006/l-incontournable-savon-au-lait-de-chevre-parfum-amande-soin-amalthee,2026-09-04,,eu-flag-katalog-gesicht.csv
3770020070020,L'incontournable savon au lait de chèvre parfum rose,Soin Amalthée,erwachsen_gesicht,erwachsen,haut_gesicht,FR,,,yes,,,,obf-label,,no,,https://world.openbeautyfacts.org/product/3770020070020/l-incontournable-savon-au-lait-de-chevre-parfum-rose-soin-amalthee,2026-09-04,,eu-flag-katalog-gesicht.csv
3770020070013,L'incontournable savon au lait de chèvre parfum thé,Soin Amalthée,erwachsen_gesicht,erwachsen,haut_gesicht,FR,,,yes,,,,obf-label,,no,,https://world.openbeautyfacts.org/product/3770020070013/l-incontournable-savon-au-lait-de-chevre-parfum-the-soin-amalthee,2026-09-04,,eu-flag-katalog-gesicht.csv
4066447814958,Crema solare 50+ spray,Sun dance,erwachsen_gesicht,erwachsen,haut_gesicht,AT|DE|IT,yes,,,,obf-label,,,,no,,https://world.openbeautyfacts.org/product/4066447814958/crema-solare-50-spray-dm,2026-09-04,,eu-flag-katalog-gesicht.csv
3401344502200,Cicavit+ Crème,SVR,erwachsen_gesicht,erwachsen,sonst,FR,yes,,,,obf-label,,,,no,,https://world.openbeautyfacts.org/product/3401344502200/cicavit-creme-svr,2026-09-04,,eu-flag-katalog-gesicht.csv
3401381381691,Topialyse - Crème Émolliente,SVR,erwachsen_gesicht,erwachsen,sonst,FR,yes,,,,obf-label,,,,no,,https://world.openbeautyfacts.org/product/3401381381691/topialyse-creme-emolliente-svr,2026-09-04,,eu-flag-katalog-gesicht.csv
5600829361105,Active Botanical Eye Contour (15ml),TandheM,erwachsen_gesicht,erwachsen,haut_gesicht,PT,,,yes,,,,obf-label,,no,,https://world.openbeautyfacts.org/product/5600829361105/active-botanical-eye-contour-15ml-tandhem-neurocosmetics,2026-09-04,,eu-flag-katalog-gesicht.csv
5600829361099,Pro-Aging Essential Face Serum (30 ml),TandheM,erwachsen_gesicht,erwachsen,haut_gesicht,PT,,,yes,,,,obf-label,,no,,https://world.openbeautyfacts.org/product/5600829361099/pro-aging-essential-face-serum-30-ml-tandhem-neurocosmetics,2026-09-04,,eu-flag-katalog-gesicht.csv
5061087560738,Starter retinol serum,The Inkey List,erwachsen_gesicht,erwachsen,haut_gesicht,NL,yes,,yes,,obf-label,,cfi,,no,,https://world.openbeautyfacts.org/product/5061087560738/starter-retinol-serum-the-inkey-list,2026-09-04,OBF-Label crowd-sourced; Siegel vor Launch re-checken,eu-flag-katalog-gesicht.csv
5060879821989,"Vitamin B, C and E moisturizer",The Inkey List,erwachsen_gesicht,erwachsen,haut_gesicht,NL,yes,,yes,,obf-label,,cfi,,no,,https://world.openbeautyfacts.org/product/5060879821989/vitamin-b-c-and-e-moisturizer-the-inkey-list,2026-09-04,OBF-Label crowd-sourced; Siegel vor Launch re-checken,eu-flag-katalog-gesicht.csv
3504750011028,monoï tiki tahiti,tiare,erwachsen_gesicht,erwachsen,haut_gesicht,FR,,,yes,,,,obf-label,,no,,https://world.openbeautyfacts.org/product/3504750011028/monoi-tiki-tahiti-tiare,2026-09-04,,eu-flag-katalog-gesicht.csv
3661434006968,Xemose - Baume Oléo-Apaisant Anti-Grattage,Uriage,erwachsen_gesicht,erwachsen,sonst,BE|FR,yes,,,,obf-label,,,,no,,https://world.openbeautyfacts.org/product/3661434006968/xemose-baume-oleo-apaisant-anti-grattage-uriage,2026-09-04,,eu-flag-katalog-gesicht.csv
,Vichy NORMADERM Anti-Age,Vichy,erwachsen_gesicht,erwachsen,haut_gesicht,DE|AT|EU,,yes,,,,brand-page,,,no,,https://www.vichy.de/alle-produkte/hautpflege/tagescremes/akne/normaderm-anti-age,2026-09-04,Claim: 'nicht komedogen'; INCI enthält PARFUM/FRAGRANCE → FF=no,eu-flag-katalog-gesicht.csv
3596200064432,Contour des Yeux hydratant,Weleda,erwachsen_gesicht,erwachsen,sonst,FR,yes,,,,obf-label,,,,no,,https://world.openbeautyfacts.org/product/3596200064432/contour-des-yeux-hydratant-weleda,2026-09-04,,eu-flag-katalog-gesicht.csv
3596206332825,Crème au calendula,Weleda,erwachsen_gesicht,erwachsen,haut_gesicht,FR,yes,,,,obf-label,,,,no,,https://world.openbeautyfacts.org/product/3596206332825/creme-au-calendula-weleda,2026-09-04,,eu-flag-katalog-gesicht.csv
3596200064425,Fluide hydratant 24h,Weleda,erwachsen_gesicht,erwachsen,sonst,FR,,yes,,,,obf-label,,,no,,https://world.openbeautyfacts.org/product/3596200064425/fluide-hydratant-24h-weleda,2026-09-04,,eu-flag-katalog-gesicht.csv
3401360192539,Fluide matifiant,Weleda,erwachsen_gesicht,erwachsen,sonst,FR,,yes,,,,obf-label,,,no,,https://world.openbeautyfacts.org/product/3401360192539/fluide-matifiant-weleda,2026-09-04,,eu-flag-katalog-gesicht.csv
3596202092938,Iris Crème de jour hydratante,Weleda,erwachsen_gesicht,erwachsen,haut_gesicht,FR,yes,,,,obf-label,,,,no,,https://world.openbeautyfacts.org/product/3596202092938/iris-creme-de-jour-hydratante-weleda,2026-09-04,,eu-flag-katalog-gesicht.csv
3660005548890,Pur Bleuet,Yves Rocher,erwachsen_gesicht,erwachsen,haut_gesicht,FR,yes,,,,obf-label,,,,no,,https://world.openbeautyfacts.org/product/3660005548890/pur-bleuet-yves-rocher,2026-09-04,,eu-flag-katalog-gesicht.csv
8710444217408,Suncare,Zenova,erwachsen_gesicht,erwachsen,haut_gesicht,FR,yes,,,,obf-label,,,,no,,https://world.openbeautyfacts.org/product/8710444217408/suncare-zenova,2026-09-04,,eu-flag-katalog-gesicht.csv
3760354680255,Baume de tamanu,Zenzitude,erwachsen_gesicht,erwachsen,haut_gesicht,FR,,,yes,,,,obf-label,,no,,https://world.openbeautyfacts.org/product/3760354680255/baume-de-tamanu-zenzitude,2026-09-04,,eu-flag-katalog-gesicht.csv
3760354680286,beurre de karité bio,Zenzitude,erwachsen_gesicht,erwachsen,haut_gesicht,FR,,,yes,,,,obf-label,,no,,https://world.openbeautyfacts.org/product/3760354680286/beurre-de-karite-bio-zenzitude,2026-09-04,,eu-flag-katalog-gesicht.csv
3760354680293,beurre de karité bio,Zenzitude,erwachsen_gesicht,erwachsen,haut_gesicht,FR,,,yes,,,,obf-label,,no,,https://world.openbeautyfacts.org/product/3760354680293/beurre-de-karite-bio-zenzitude,2026-09-04,,eu-flag-katalog-gesicht.csv
3760354680095,bougie de massage fleur de tiaré,Zenzitude,erwachsen_gesicht,erwachsen,haut_gesicht,FR,,,yes,,,,obf-label,,no,,https://world.openbeautyfacts.org/product/3760354680095/bougie-de-massage-fleur-de-tiare-zenzitude,2026-09-04,,eu-flag-katalog-gesicht.csv
3760354680101,Bougie de massage pomme d'amour,Zenzitude,erwachsen_gesicht,erwachsen,haut_gesicht,FR,,,yes,,,,obf-label,,no,,https://world.openbeautyfacts.org/product/3760354680101/bougie-de-massage-pomme-d-amour-zenzitude,2026-09-04,,eu-flag-katalog-gesicht.csv
3760354680118,bougie de massage vanille tonka,Zenzitude,erwachsen_gesicht,erwachsen,haut_gesicht,FR,,,yes,,,,obf-label,,no,,https://world.openbeautyfacts.org/product/3760354680118/bougie-de-massage-vanille-tonka-zenzitude,2026-09-04,,eu-flag-katalog-gesicht.csv
3760354680279,Coffret occitan,Zenzitude,erwachsen_gesicht,erwachsen,haut_gesicht,FR,,,yes,,,,obf-label,,no,,https://world.openbeautyfacts.org/product/3760354680279/coffret-occitan-zenzitude,2026-09-04,,eu-flag-katalog-gesicht.csv
3760354680163,huile de chanvre bio,Zenzitude,erwachsen_gesicht,erwachsen,haut_gesicht,FR,,,yes,,,,obf-label,,no,,https://world.openbeautyfacts.org/product/3760354680163/huile-de-chanvre-bio-zenzitude,2026-09-04,,eu-flag-katalog-gesicht.csv
3760354680132,huile de tamanu,Zenzitude,erwachsen_gesicht,erwachsen,haut_gesicht,FR,,,yes,,,,obf-label,,no,,https://world.openbeautyfacts.org/product/3760354680132/huile-de-tamanu-zenzitude,2026-09-04,,eu-flag-katalog-gesicht.csv
3760354680019,huile démaquillante passion,Zenzitude,erwachsen_gesicht,erwachsen,haut_gesicht,FR,,,yes,,,,obf-label,,no,,https://world.openbeautyfacts.org/product/3760354680019/huile-demaquillante-passion-zenzitude,2026-09-04,,eu-flag-katalog-gesicht.csv
3760354680248,huile démaquillante vanille,Zenzitude,erwachsen_gesicht,erwachsen,haut_gesicht,FR,,,yes,,,,obf-label,,no,,https://world.openbeautyfacts.org/product/3760354680248/huile-demaquillante-vanille-zenzitude,2026-09-04,,eu-flag-katalog-gesicht.csv
3760354680231,Macérât de calendula,Zenzitude,erwachsen_gesicht,erwachsen,haut_gesicht,FR,,,yes,,,,obf-label,,no,,https://world.openbeautyfacts.org/product/3760354680231/macerat-de-calendula-zenzitude,2026-09-04,,eu-flag-katalog-gesicht.csv
3760354680323,savon cléananas,Zenzitude,erwachsen_gesicht,erwachsen,haut_gesicht,FR,,,yes,,,,obf-label,,no,,https://world.openbeautyfacts.org/product/3760354680323/savon-cleananas-zenzitude,2026-09-04,,eu-flag-katalog-gesicht.csv
3760354680347,Savon exfoliant,Zenzitude,erwachsen_gesicht,erwachsen,haut_gesicht,FR,,,yes,,,,obf-label,,no,,https://world.openbeautyfacts.org/product/3760354680347/savon-exfoliant-zenzitude,2026-09-04,,eu-flag-katalog-gesicht.csv
3760354680309,Savon tamanu,Zenzitude,erwachsen_gesicht,erwachsen,haut_gesicht,FR,,,yes,,,,obf-label,,no,,https://world.openbeautyfacts.org/product/3760354680309/savon-tamanu-zenzitude,2026-09-04,,eu-flag-katalog-gesicht.csv
3760354680316,Savon zenzitude,Zenzitude,erwachsen_gesicht,erwachsen,haut_gesicht,FR,,,yes,,,,obf-label,,no,,https://world.openbeautyfacts.org/product/3760354680316/savon-zenzitude,2026-09-04,,eu-flag-katalog-gesicht.csv
3282770202120,Protect Crème SPF50+,A-Derma,jugend,teen_or_ya_unclear,basis_creme,FR,yes,,,,obf-label,,,,no,,https://world.openbeautyfacts.org/product/3282770202120/protect-creme-spf50-a-derma,2026-09-04,,eu-jugend-katalog.csv
7319861018585,Kids Active Sun Lotion SPF 50+,ACO,jugend,teen_or_ya_unclear,basis_spf,SE,yes,,,,obf-label,,,,no,,https://world.openbeautyfacts.org/product/7319861018585/kids-active-sun-lotion-spf-50-aco,2026-09-04,,eu-jugend-katalog.csv
7319861018509,Sun face cream,ACO,jugend,teen_or_ya_unclear,basis_creme,NL;SE,yes,,,,obf-label,,,,no,,https://world.openbeautyfacts.org/product/7319861018509/sun-face-cream-aco,2026-09-04,,eu-jugend-katalog.csv
7313272135244,Solcreme ansikte SPF 30,apoteket,jugend,teen_or_ya_unclear,basis_spf,SE,yes,,,,obf-label,,,,no,,https://world.openbeautyfacts.org/product/7313272135244/solcreme-ansikte-spf-30-apoteket,2026-09-04,,eu-jugend-katalog.csv
7313272150896,Solcreme ansikte SPF 50,apoteket,jugend,teen_or_ya_unclear,basis_spf,SE,yes,,,,obf-label,,,,no,,https://world.openbeautyfacts.org/product/7313272150896/solcreme-ansikte-spf-50-apoteket,2026-09-04,,eu-jugend-katalog.csv
7313272153712,Solfluid ansikte,apoteket,jugend,teen_or_ya_unclear,basis_spf,SE,yes,,,,obf-label,,,,no,,https://world.openbeautyfacts.org/product/7313272153712/solfluid-ansikte-apoteket,2026-09-04,,eu-jugend-katalog.csv
7313272135268,Sollotion högt skydd SPF 30,apoteket,jugend,teen_or_ya_unclear,basis_spf,SE,yes,,,,obf-label,,,,no,,https://world.openbeautyfacts.org/product/7313272135268/sollotion-hogt-skydd-spf-30-apoteket,2026-09-04,,eu-jugend-katalog.csv
7313272135275,Sollotion SPF 30,apoteket,jugend,teen_or_ya_unclear,basis_spf,SE,yes,,,,obf-label,,,,no,,https://world.openbeautyfacts.org/product/7313272135275/sollotion-spf-30-apoteket,2026-09-04,,eu-jugend-katalog.csv
7313272139747,Sollotion SPF 30,apoteket,jugend,teen_or_ya_unclear,basis_spf,SE,yes,,,,obf-label,,,,no,,https://world.openbeautyfacts.org/product/7313272139747/sollotion-spf-30-apoteket,2026-09-04,,eu-jugend-katalog.csv
7313272150834,Sollotion SPF 30,apoteket,jugend,teen_or_ya_unclear,basis_spf,SE,yes,,,,obf-label,,,,no,,https://world.openbeautyfacts.org/product/7313272150834/sollotion-spf-30-apoteket,2026-09-04,,eu-jugend-katalog.csv
7313272150940,Solspray SPF 30,apoteket,jugend,teen_or_ya_unclear,basis_spf,SE,yes,,,,obf-label,,,,no,,https://world.openbeautyfacts.org/product/7313272150940/solspray-spf-30-apoteket,2026-09-04,,eu-jugend-katalog.csv
3282779059848,Eluage Crème anti-âge restructurant,Avène,jugend,young_adult,basis_creme,FR,,yes,,,,obf-label,,,yes,,https://world.openbeautyfacts.org/product/3282779059848/eluage-creme-anti-age-restructurant-avene,2026-09-04,not-for-minors: Retinol/Anti-Aging — nur young_adult / kein Teen-Vorschlag,eu-jugend-katalog.csv
3282779363815,Très Haute Protection Spray 50+ SPF,Avène,jugend,teen_or_ya_unclear,basis_spf,FR,,yes,,,,obf-label,,,no,,https://world.openbeautyfacts.org/product/3282779363815/tres-haute-protection-spray-50-spf-avene,2026-09-04,,eu-jugend-katalog.csv
4005900261038,NIVEA SUN Protect & Sensitive Sun Lotion SPF 30,Beiersdorf,jugend,teen_or_ya_unclear,basis_spf,SE,yes,,,,obf-label,,,,no,,https://world.openbeautyfacts.org/product/4005900261038/nivea-sun-protect-sensitive-sun-lotion-spf-30-beiersdorf,2026-09-04,,eu-jugend-katalog.csv
4005900127365,Protect & Sensitive 50,Beiersdorf,jugend,teen_or_ya_unclear,basis_spf,FR,yes,,,,obf-label,,,,no,,https://world.openbeautyfacts.org/product/4005900127365/protect-sensitive-50-beiersdorf,2026-09-04,,eu-jugend-katalog.csv
3329310002113,Masque visage purifiant Argile verte,Biocos,jugend,teen_or_ya_unclear,sonst,FR,yes,,,,obf-label,,,,no,,https://world.openbeautyfacts.org/product/3329310002113/masque-visage-purifiant-argile-verte-biocos,2026-09-04,,eu-jugend-katalog.csv
,Bioderma Photoderm AKN Mat LSF 30,Bioderma,jugend,tween_teen,basis_spf,DE;AT;FR;EU,,yes,,,,brand-page,,,no,,https://www.bioderma.de/unsere-produkte/photoderm/akn-mat-lsf-30,2026-09-04,"DE: Erwachsene, Teenager; Nicht komedogen; Seite sagt 'Parfümiert' → FF=no; Salicyl+Glykolsäure",eu-jugend-katalog.csv
,Bioderma Sébium Gel moussant,Bioderma,jugend,tween_teen,akne_reiniger,DE;AT;FR;EU,,yes,,,,brand-page,,,no,,https://www.bioderma.de/unsere-produkte/sebium/gel-moussant,2026-09-04,"DE: Erwachsene, Teenager; Nicht komedogen; leichter frischer Duft → FF=no",eu-jugend-katalog.csv
,Bioderma Sébium H2O,Bioderma,jugend,tween_teen,akne_reiniger,DE;AT;FR;EU,,yes,,,,brand-page,,,no,,https://www.bioderma.de/unsere-produkte/sebium/h2o,2026-09-04,"DE: Erwachsene, Teenager; Nicht komedogen",eu-jugend-katalog.csv
3401573670053,Créaline TS H2O Solution micellaire,Bioderma,jugend,tween_teen,basis_reiniger,FR,yes,,,,obf-label,,,,no,,https://world.openbeautyfacts.org/product/3401573670053/crealine-ts-h2o-solution-micellaire-bioderma,2026-09-04,,eu-jugend-katalog.csv
3401353688513,Photoderm Bronz SPF 50+,Bioderma,jugend,tween_teen,basis_spf,FR,,yes,,,,obf-label,,,no,,https://world.openbeautyfacts.org/product/3401353688513/photoderm-bronz-spf-50-bioderma,2026-09-04,,eu-jugend-katalog.csv
3401353688742,Photoderm MAX SPF 50+ Spray très haute protection,Bioderma,jugend,tween_teen,basis_spf,FR,yes,yes,,,obf-label,obf-label,,,no,,https://world.openbeautyfacts.org/product/3401353688742/photoderm-max-spf-50-spray-tres-haute-protection-bioderma,2026-09-04,,eu-jugend-katalog.csv
5017634247843,Anti-boutons,Bioré,jugend,teen_or_ya_unclear,akne_active,FR,,yes,,,,obf-label,,,no,,https://world.openbeautyfacts.org/product/5017634247843/anti-boutons-biore,2026-09-04,,eu-jugend-katalog.csv
,CeraVe Ausgleichender Reinigungsschaum,CeraVe,jugend,tween_teen,basis_reiniger,DE;AT;EU,yes,yes,,,brand-page,brand-page,,,no,,https://www.cerave.de/hautpflege/reinigung-fuer-gesicht-und-koerper/ausgleichender-reinigungsschaum,2026-09-04,DE: Nicht komedogen; parfümfrei/ohne Duftstoffe; INCI mit Niacinamid+Salicylsäure,eu-jugend-katalog.csv
,CeraVe Feuchtigkeitsspendendes HA Water Gel,CeraVe,jugend,tween_teen,basis_creme,DE;AT;EU,yes,yes,,,brand-page,brand-page,,,no,,https://www.cerave.de/hautpflege/gesichtspflege/feuchtigkeitsspendendes-ha-water-gel,2026-09-04,DE: nicht komedogen + ohne Duftstoffe/parfümfrei; laut Seite auch zu Akne neigende Haut,eu-jugend-katalog.csv
3337875597449,CeraVe Hydraterende Gezichtscrème,CeraVe,jugend,tween_teen,basis_creme,NL,,yes,,,,obf-label,,,no,,https://world.openbeautyfacts.org/product/3337875597449/facial-moisturising-lotion-cerave,2026-09-04,OBF NC/FF label; EU countries from OBF,eu-jugend-katalog.csv
3337875597395,Hydraterende Melk,CeraVe,jugend,tween_teen,basis_creme,IE;NL,,yes,,,,obf-label,,,no,,https://world.openbeautyfacts.org/product/3337875597395/moisturising-lotion-cerave,2026-09-04,OBF NC/FF label; EU countries from OBF,eu-jugend-katalog.csv
3337875598996,moisturising cream,CeraVe,jugend,tween_teen,basis_creme,FR;RO,yes,,,,obf-label,,,,no,,https://world.openbeautyfacts.org/product/3337875598996/moisturising-cream-cerave,2026-09-04,OBF NC/FF label; EU countries from OBF,eu-jugend-katalog.csv
,Cetaphil Feuchtigkeitscreme,Cetaphil,jugend,tween_teen,basis_creme,DE;AT;EU,yes,yes,,,brand-page,brand-page,,,no,,https://www.cetaphil.de/produktkategorie/feuchtigkeitspflege/feuchtigkeitscreme/1874015.html,2026-09-04,DE: Ohne Parfüm + Nicht komedogen; INCI ohne Parfum,eu-jugend-katalog.csv
,Cetaphil Sanfte Reinigungslotion,Cetaphil,jugend,tween_teen,basis_reiniger,DE;AT;EU,yes,yes,,,brand-page,brand-page,,,no,,https://www.cetaphil.de/produktkategorie/reinigung/reinigungslotion/7127319.html,2026-09-04,DE: duftstofffrei + Nicht komedogen; INCI ohne Parfum; PZN 14136594,eu-jugend-katalog.csv
,Cetaphil Sanfte Tagespflege mit Hyaluronsäure,Cetaphil,jugend,tween_teen,basis_creme,DE;AT;EU,yes,yes,,,brand-page,brand-page,,,no,,https://www.cetaphil.de/produktkategorie/feuchtigkeitspflege/tagespflege-mit-hyalurons%C3%A4ure/14136571.html,2026-09-04,DE: NC + ohne Duftstoffe,eu-jugend-katalog.csv
8056386602200,Client Sun LSF 50,Cien,jugend,teen_or_ya_unclear,basis_spf,DE,,,yes,,,,cfi,,no,,https://world.openbeautyfacts.org/product/8056386602200/client-sun-lsf-50-cien,2026-09-04,,eu-jugend-katalog.csv
20283131,Crème de jour anti-rides Q10,Cien,jugend,young_adult,basis_creme,FR,,,yes,,,,cfi,,yes,,https://world.openbeautyfacts.org/product/20283131/creme-de-jour-anti-rides-q10-cien,2026-09-04,not-for-minors: Retinol/Anti-Aging — nur young_adult / kein Teen-Vorschlag,eu-jugend-katalog.csv
20434182,Crème de jour anti-âge Gold (Or 1%),Cien,jugend,young_adult,basis_creme,FR,,,yes,,,,cfi,,yes,,https://world.openbeautyfacts.org/product/20434182/creme-de-jour-anti-age-gold-or-1-cien,2026-09-04,not-for-minors: Retinol/Anti-Aging — nur young_adult / kein Teen-Vorschlag,eu-jugend-katalog.csv
20231460,Crème solaire enfant FPS50+,Cien,jugend,teen_or_ya_unclear,basis_creme,FR;NL;ES,yes,,yes,,obf-label,,cfi,,no,,https://world.openbeautyfacts.org/product/20231460/cien-sun,2026-09-04,,eu-jugend-katalog.csv
20864781,Eau micellaire sensitive,Cien,jugend,teen_or_ya_unclear,basis_reiniger,BG;FR,,,yes,,,,cfi,,no,,https://world.openbeautyfacts.org/product/20864781/eau-micellaire-sensitive-cien,2026-09-04,,eu-jugend-katalog.csv
20864774,Micellar water fresh,Cien,jugend,teen_or_ya_unclear,basis_reiniger,BE;FR,,,yes,,,,cfi,,no,,https://world.openbeautyfacts.org/product/20864774/micellar-water-fresh-cien,2026-09-04,,eu-jugend-katalog.csv
20382933,Sonnenmilch classic LSF 30,cien,jugend,teen_or_ya_unclear,basis_spf,DE,,,yes,,,,cfi,,no,,https://world.openbeautyfacts.org/product/20382933/sonnenmilch-classic-lsf-30-cien,2026-09-04,,eu-jugend-katalog.csv
4056489405191,Sonnencreme 50 LSF HOCH,Cien Sun,jugend,teen_or_ya_unclear,basis_spf,DE,,,yes,,,,cfi,,no,,https://world.openbeautyfacts.org/product/4056489405191/sonnencreme-50-lsf-hoch-cien-sun,2026-09-04,,eu-jugend-katalog.csv
4056489617419,Sonnenmilch 50 LSF | Hoch,Cien sun,jugend,teen_or_ya_unclear,basis_spf,DE,,,yes,,,,cfi,,no,,https://world.openbeautyfacts.org/product/4056489617419/sonnenmilch-50-lsf-hoch-cien-sun,2026-09-04,,eu-jugend-katalog.csv
3257984523521,Les Soins Eau micellaire Peaux Sensibles,Cora,jugend,teen_or_ya_unclear,basis_reiniger,FR,yes,,,,obf-label,,,,no,,https://world.openbeautyfacts.org/product/3257984523521/les-soins-eau-micellaire-peaux-sensibles-cora,2026-09-04,,eu-jugend-katalog.csv
3560070848898,SensilianeSun lait protecteur 50+,Dermato Science,jugend,teen_or_ya_unclear,basis_spf,FR,yes,,yes,,obf-label,,cfi,,no,,https://world.openbeautyfacts.org/product/3560070848898/sensilianesun-lait-protecteur-50-dermato-science,2026-09-04,,eu-jugend-katalog.csv
3178040694149,Crème Anti-Rides Nuit Haute Tolérance,Diadermine,jugend,young_adult,basis_creme,FR,yes,,,,obf-label,,,,yes,,https://world.openbeautyfacts.org/product/3178040694149/creme-anti-rides-nuit-haute-tolerance-henkel,2026-09-04,not-for-minors: Retinol/Anti-Aging — nur young_adult / kein Teen-Vorschlag,eu-jugend-katalog.csv
3178040694156,Lotion micellaire démaquillante Haute Tolérance,Diadermine,jugend,teen_or_ya_unclear,basis_creme,FR,yes,,,,obf-label,,,,no,,https://world.openbeautyfacts.org/product/3178040694156/lotion-micellaire-demaquillante-haute-tolerance-henkel,2026-09-04,,eu-jugend-katalog.csv
4020829005037,Crème de jour fluide,Dr. Hauschka,jugend,teen_or_ya_unclear,basis_creme,FR,yes,,,,obf-label,,,,no,,https://world.openbeautyfacts.org/product/4020829005037/creme-de-jour-fluide-dr-hauschka,2026-09-04,,eu-jugend-katalog.csv
3282770037500,Keracnyl gel moussant visage et corps,Ducray,jugend,teen_or_ya_unclear,akne_reiniger,FR,,yes,,,,obf-label,,,no,,https://world.openbeautyfacts.org/product/3282770037500/keracnyl-gel-moussant-visage-et-corps-ducray,2026-09-04,,eu-jugend-katalog.csv
3517360003314,Nutritive Gel nettoyant surgras,Eau thermale Jonzac,jugend,teen_or_ya_unclear,basis_reiniger,FR,yes,yes,,,obf-label,obf-label,,,no,,https://world.openbeautyfacts.org/product/3517360003314/nutritive-gel-nettoyant-surgras-eau-thermale-jonzac,2026-09-04,,eu-jugend-katalog.csv
3517360025750,"Reactive CONTROL, Crème miraculeuse HAUTE TOLERANCE",EAU THERMALE JONZAC,jugend,teen_or_ya_unclear,basis_creme,FR,,yes,,,,obf-label,,,no,,https://world.openbeautyfacts.org/product/3517360025750/reactive-control-creme-miraculeuse-haute-tolerance-eau-thermale-jonzac,2026-09-04,,eu-jugend-katalog.csv
4033981742054,Opalovací krém SPF 15 bio,Eco cosmetics,jugend,teen_or_ya_unclear,basis_spf,CZ,,,yes,,,,obf-label,,no,,https://world.openbeautyfacts.org/product/4033981742054/opalovaci-krem-spf-15-bio-eco-cosmetics,2026-09-04,,eu-jugend-katalog.csv
4005800192883,Eucerin DermoPure Cleansing Gel,Eucerin,jugend,teen_or_ya_unclear,akne_reiniger,BE;FR;DE;NL,,yes,,,,obf-label,,,no,,https://world.openbeautyfacts.org/product/4005800192883/eucerin-dermopure-cleansing-gel,2026-09-04,,eu-jugend-katalog.csv
,Eucerin DERMOPURE CLINICAL Hydra Repair,Eucerin,jugend,teen_or_ya_unclear,akne_creme,DE;AT;EU,yes,yes,,,brand-page,brand-page,,,no,,https://www.eucerin.de/produkte/dermopure-clinical/hydra-repair,2026-09-04,DE: Nicht komedogen + Ohne Duftstoffe; therapiebegleitend — App≠Therapie,eu-jugend-katalog.csv
,Eucerin DERMOPURE CLINICAL Klärendes Tonic,Eucerin,jugend,teen_or_ya_unclear,akne_active,DE;AT;EU,yes,yes,,,brand-page,brand-page,,,no,,https://www.eucerin.de/produkte/dermopure-clinical/klaerendes-tonic,2026-09-04,DE Markenseite: NC + ohne Duftstoffe,eu-jugend-katalog.csv
,Eucerin DERMOPURE CLINICAL Mat Fluid,Eucerin,jugend,teen_or_ya_unclear,akne_creme,DE;AT;EU,,yes,,,,brand-page,,,no,,https://www.eucerin.de/produkte/dermopure-clinical/mat-fluid,2026-09-04,DE: NC; FF nicht bestätigt,eu-jugend-katalog.csv
,Eucerin DERMOPURE CLINICAL Porenverfeinerndes Reinigungsgel,Eucerin,jugend,teen_or_ya_unclear,akne_reiniger,DE;AT;EU,yes,yes,,,brand-page,brand-page,,,no,,https://www.eucerin.de/produkte/dermopure-clinical/porenverfeinerndes-reinigungsgel,2026-09-04,DE: BHA/Salicylsäure; Nicht komedogen; frei von Duftstoffen; PZN 19729844,eu-jugend-katalog.csv
8470001549990,Fotoprotector ISDIN Gel Cream 30 SPF,Fotoprotector ISDIN,jugend,teen_or_ya_unclear,basis_spf,ES,,yes,,,,obf-label,,,no,,https://world.openbeautyfacts.org/product/8470001549990/fotoprotector-isdin-gel-cream-30-spf,2026-09-04,,eu-jugend-katalog.csv
3600542578585,50* Super UV Acide Hyaluronique,Garnier,jugend,teen_or_ya_unclear,basis_spf,BE,,,yes,,,,cfi,,no,,https://world.openbeautyfacts.org/product/3600542578585/50-super-uv-acide-hyaluronique-garnier,2026-09-04,,eu-jugend-katalog.csv
3600542512886,Enfant sensitive expert + Spf 50+,Garnier,jugend,teen_or_ya_unclear,basis_spf,FR,,,yes,,,,cfi,,no,,https://world.openbeautyfacts.org/product/3600542512886/enfant-sensitive-expert-spf-50-garnier-ambre-solaire,2026-09-04,,eu-jugend-katalog.csv
3600542520263,Enfant sensitive expert + Spf 50+ Spay,Garnier,jugend,teen_or_ya_unclear,basis_spf,FR,,,yes,,,,cfi,,no,,https://world.openbeautyfacts.org/product/3600542520263/enfant-sensitive-expert-spf-50-spay-l-oreal,2026-09-04,,eu-jugend-katalog.csv
36005426450723600542597821,Garnier PureActive BHA+ Niacinamide SPF50+ Anti-Imperfections Fluid,Garnier,jugend,teen_or_ya_unclear,akne_creme,NL,,,yes,,,,cfi,,no,,https://world.openbeautyfacts.org/product/36005426450723600542597821/garnier-pureactive-bha-niacinamide-spf50-anti-imperfections-fluid,2026-09-04,,eu-jugend-katalog.csv
3600542663304,Garnier Salicylic Fresh & Matte Hydrating Sorbet Cream,Garnier,jugend,teen_or_ya_unclear,basis_creme,NL,,,yes,,,,cfi,,no,,https://world.openbeautyfacts.org/product/3600542663304/garnier-salicylic-fresh-matte-hydrating-sorbet-cream,2026-09-04,,eu-jugend-katalog.csv
4084200772901,Hautklar,Garnier,jugend,teen_or_ya_unclear,akne_active,DE;IE,,,yes,,,,cfi,,no,,https://world.openbeautyfacts.org/product/4084200772901/hautklar-l-oreal,2026-09-04,,eu-jugend-katalog.csv
3600542624909,Hydra 24h protect spf 30,Garnier,jugend,teen_or_ya_unclear,basis_spf,FR,,,yes,,,,cfi,,no,,https://world.openbeautyfacts.org/product/3600542624909/hydra-24h-protect-spf-30-garnier,2026-09-04,,eu-jugend-katalog.csv
3600541729476,Micellar Cleansing Water,Garnier,jugend,teen_or_ya_unclear,basis_reiniger,FR,yes,,yes,,obf-label,,cfi,,no,,https://world.openbeautyfacts.org/product/3600541729476/micellar-cleansing-water-l-oreal,2026-09-04,,eu-jugend-katalog.csv
3600541738508,Miracle Wake Up Crème Anti-Âge défatigant,Garnier,jugend,young_adult,basis_creme,FR,,yes,yes,,,obf-label,cfi,,yes,,https://world.openbeautyfacts.org/product/3600541738508/miracle-wake-up-creme-anti-age-defatigant-l-oreal,2026-09-04,not-for-minors: Retinol/Anti-Aging — nur young_adult / kein Teen-Vorschlag,eu-jugend-katalog.csv
3600541744554,Mizellen,Garnier,jugend,teen_or_ya_unclear,basis_reiniger,DE,,,yes,,,,cfi,,no,,https://world.openbeautyfacts.org/product/3600541744554/mizellen-l-oreal,2026-09-04,,eu-jugend-katalog.csv
3215662980011,PureActive Gel nettoyant assainissant,Garnier,jugend,teen_or_ya_unclear,akne_reiniger,FR,,,yes,,,,cfi,,no,,https://world.openbeautyfacts.org/product/3215662980011/pureactive-gel-nettoyant-assainissant-l-oreal,2026-09-04,,eu-jugend-katalog.csv
3600542520454,Sensitive expert + Spf 50+,Garnier,jugend,teen_or_ya_unclear,basis_spf,FR,,,yes,,,,cfi,,no,,https://world.openbeautyfacts.org/product/3600542520454/sensitive-expert-spf-50-l-oreal,2026-09-04,,eu-jugend-katalog.csv
3600541271814,Sensitive Expert+ - Lait visage & corps FPS 50+ pour peaux sensibles,Garnier,jugend,teen_or_ya_unclear,basis_spf,FR,,,yes,,,,cfi,,no,,https://world.openbeautyfacts.org/product/3600541271814/sensitive-expert-lait-visage-corps-fps-50-pour-peaux-sensibles-l-oreal,2026-09-04,,eu-jugend-katalog.csv
3600541594968,Skin Active Solution Micellaire Tout En 1 Peaux Sèches et Sensibles,Garnier,jugend,teen_or_ya_unclear,basis_reiniger,FR,,,yes,,,,cfi,,no,,https://world.openbeautyfacts.org/product/3600541594968/skin-active-solution-micellaire-tout-en-1-peaux-seches-et-sensibles-l-oreal,2026-09-04,,eu-jugend-katalog.csv
3600541144019,Skin Naturals Ultra Lift + Sérum Crème Soin anti-rides global 2 en 1,Garnier,jugend,young_adult,serum,FR,,,yes,,,,cfi,,yes,,https://world.openbeautyfacts.org/product/3600541144019/skin-naturals-ultra-lift-serum-creme-soin-anti-rides-global-2-en-1-l-oreal,2026-09-04,not-for-minors: Retinol/Anti-Aging — nur young_adult / kein Teen-Vorschlag,eu-jugend-katalog.csv
3600542453127,Vitamina C,Garnier,jugend,teen_or_ya_unclear,serum,PT,,,yes,,,,cfi,,no,,https://world.openbeautyfacts.org/product/3600542453127/vitamina-c-garnier,2026-09-04,,eu-jugend-katalog.csv
3701154720093,Nettoyant Visage,Horace,jugend,teen_or_ya_unclear,basis_reiniger,FR,,,yes,,,,obf-label,,no,,https://world.openbeautyfacts.org/product/3701154720093/nettoyant-visage-horace,2026-09-04,,eu-jugend-katalog.csv
3760171121023,Crème visage anti-âge,Kuomayé Bio,jugend,young_adult,basis_creme,FR,,,yes,,,,obf-label,,yes,,https://world.openbeautyfacts.org/product/3760171121023/creme-visage-anti-age-kuomaye-bio,2026-09-04,not-for-minors: Retinol/Anti-Aging — nur young_adult / kein Teen-Vorschlag,eu-jugend-katalog.csv
3600523461103,Eau biphase micellaire,L'Oréal,jugend,teen_or_ya_unclear,basis_reiniger,FR,yes,,,,obf-label,,,,no,,https://world.openbeautyfacts.org/product/3600523461103/eau-biphase-micellaire-l-oreal,2026-09-04,,eu-jugend-katalog.csv
3600522365884,Solution Micellaire,L'Oréal Paris,jugend,teen_or_ya_unclear,basis_reiniger,FR,yes,,,,obf-label,,,,no,,https://world.openbeautyfacts.org/product/3600522365884/solution-micellaire-l-oreal,2026-09-04,,eu-jugend-katalog.csv
,La Roche-Posay Toleriane Sensitive Crème,La Roche-Posay,jugend,tween_teen,basis_creme,FR;DE;AT;EU,yes,yes,,,brand-page,brand-page,,,no,,https://www.laroche-posay.fr/gammes/visage/toleriane/toleriane-sensitive-creme.-soin-hydratant-apaisant-protecteur/LRP_128.html,2026-09-04,FR: Non comédogène + SANS PARFUM (DE-Fetch teils Cloudflare),eu-jugend-katalog.csv
3506770501008,Crème visage protectrice SPF 50 anti-rides au Monoï de Tahiti,Laboratoires Biocos,jugend,young_adult,basis_spf,FR,yes,,yes,,obf-label,,obf-label,,yes,,https://world.openbeautyfacts.org/product/3506770501008/creme-visage-protectrice-spf-50-anti-rides-au-monoi-de-tahiti-laboratoires-biocos,2026-09-04,not-for-minors: Retinol/Anti-Aging — nur young_adult / kein Teen-Vorschlag,eu-jugend-katalog.csv
3517360012040,Hydra aloe vera,Lea Nature So' Bio étic,jugend,teen_or_ya_unclear,basis_creme,FR,yes,,,,obf-label,,,,no,,https://world.openbeautyfacts.org/product/3517360012040/hydra-aloe-vera-lea-nature-so-bio-etic,2026-09-04,,eu-jugend-katalog.csv
3331300011968,Ultimate Slim Sérum 100% Actif Cure Cellulite Rebelle,Linéance,jugend,teen_or_ya_unclear,serum,FR,yes,,,,obf-label,,,,no,,https://world.openbeautyfacts.org/product/3331300011968/ultimate-slim-serum-100-actif-cure-cellulite-rebelle-lineance,2026-09-04,,eu-jugend-katalog.csv
3506770302001,Spray protecteur hydratant SPF 30 haute protection,Lovea,jugend,teen_or_ya_unclear,basis_spf,FR,yes,,yes,,obf-label,,obf-label,,no,,https://world.openbeautyfacts.org/product/3506770302001/spray-protecteur-hydratant-spf-30-haute-protection-lovea,2026-09-04,,eu-jugend-katalog.csv
3517360006162,BB Cream Mon lait d'Ânesse  SPF 10 - 01 beige lumière,Léa Nature,jugend,teen_or_ya_unclear,basis_spf,FR,yes,yes,,,obf-label,obf-label,,,no,,https://world.openbeautyfacts.org/product/3517360006162/bb-cream-mon-lait-d-anesse-spf-10-01-beige-lumiere-lea-nature,2026-09-04,,eu-jugend-katalog.csv
3517360005998,BB cream texture légère perfecteur de teint - 01 beige nude,Léa Nature,jugend,teen_or_ya_unclear,basis_creme,FR,,yes,,,,obf-label,,,no,,https://world.openbeautyfacts.org/product/3517360005998/bb-cream-texture-legere-perfecteur-de-teint-01-beige-nude-lea-nature,2026-09-04,,eu-jugend-katalog.csv
3517360008685,Précieux Argan Eau micellaire anti-âge,Léa Nature,jugend,young_adult,basis_reiniger,FR,yes,,,,obf-label,,,,yes,,https://world.openbeautyfacts.org/product/3517360008685/precieux-argan-eau-micellaire-anti-age-lea-nature,2026-09-04,not-for-minors: Retinol/Anti-Aging — nur young_adult / kein Teen-Vorschlag,eu-jugend-katalog.csv
3600550362534,BB Crème Solaire Teinté SPF 50+,Mixa,jugend,teen_or_ya_unclear,basis_spf,FR,yes,yes,,,obf-label,obf-label,,,no,,https://world.openbeautyfacts.org/product/3600550362534/bb-creme-solaire-teinte-spf-50-mixa,2026-09-04,,eu-jugend-katalog.csv
3600550880687,Crème riche apaisante pro-tolérance,Mixa,jugend,teen_or_ya_unclear,basis_creme,FR,yes,yes,,,obf-label,obf-label,,,no,,https://world.openbeautyfacts.org/product/3600550880687/creme-riche-apaisante-pro-tolerance-mixa,2026-09-04,,eu-jugend-katalog.csv
3600550538175,Hydratant teinté protecteur anti-imperfections Dermo Defense,Mixa,jugend,teen_or_ya_unclear,akne_active,FR,,yes,,,,obf-label,,,no,,https://world.openbeautyfacts.org/product/3600550538175/hydratant-teinte-protecteur-anti-imperfections-dermo-defense-mixa,2026-09-04,,eu-jugend-katalog.csv
3361370627073,MB dermo cold crème Saint-Gervais Mont Blanc,Rivadis,jugend,teen_or_ya_unclear,basis_creme,FR,yes,yes,,,obf-label,obf-label,,,no,,https://world.openbeautyfacts.org/product/3361370627073/mb-dermo-cold-creme-saint-gervais-mont-blanc-rivadis,2026-09-04,,eu-jugend-katalog.csv
4066447105957,"Sonnencreme Gel, MED ultra sensitiv, LSF 50+",Sun Dance,jugend,teen_or_ya_unclear,basis_spf,DE,yes,,,,obf-label,,,,no,,https://world.openbeautyfacts.org/product/4066447105957/sonnencreme-gel-med-ultra-sensitiv-lsf-50-sun-dance,2026-09-04,,eu-jugend-katalog.csv
4066447106404,Sonnencreme sensitiv LSF 50,Sun Dance,jugend,teen_or_ya_unclear,basis_spf,DE,yes,,,,obf-label,,,,no,,https://world.openbeautyfacts.org/product/4066447106404/sonnencreme-sensitiv-lsf-50-sun-dance,2026-09-04,,eu-jugend-katalog.csv
,SVR Sebiaclear Gel Moussant,SVR,jugend,tween_teen,akne_reiniger,FR;IE;EU,,yes,,,,brand-page,,,no,,https://fr.svr.com/collections/filtres-de-zee/products/sebiaclear-gel-moussant-23,2026-09-04,FR/IE Markenseite: Non comédogène; Adults and teenagers; INCI enthält PARFUM/FRAGRANCE → FF=no,eu-jugend-katalog.csv
5061087560738,Starter retinol serum,The Inkey List,jugend,young_adult,serum,NL,yes,,yes,,obf-label,,cfi,,yes,,https://world.openbeautyfacts.org/product/5061087560738/starter-retinol-serum-the-inkey-list,2026-09-04,not-for-minors: Retinol/Anti-Aging — nur young_adult / kein Teen-Vorschlag; CFI-Marke; Retinol YA-only,eu-jugend-katalog.csv
5060879821989,"Vitamin B, C and E moisturizer",The Inkey List,jugend,teen_or_ya_unclear,basis_creme,NL,yes,,yes,,obf-label,,cfi,,no,,https://world.openbeautyfacts.org/product/5060879821989/vitamin-b-c-and-e-moisturizer-the-inkey-list,2026-09-04,,eu-jugend-katalog.csv
3596206332825,Crème au calendula,Weleda,jugend,teen_or_ya_unclear,basis_creme,FR,yes,,,,obf-label,,,,no,,https://world.openbeautyfacts.org/product/3596206332825/creme-au-calendula-weleda,2026-09-04,,eu-jugend-katalog.csv
3596200064425,Fluide hydratant 24h,Weleda,jugend,teen_or_ya_unclear,basis_creme,FR,,yes,,,,obf-label,,,no,,https://world.openbeautyfacts.org/product/3596200064425/fluide-hydratant-24h-weleda,2026-09-04,,eu-jugend-katalog.csv
3401360192539,Fluide matifiant,Weleda,jugend,teen_or_ya_unclear,basis_creme,FR,,yes,,,,obf-label,,,no,,https://world.openbeautyfacts.org/product/3401360192539/fluide-matifiant-weleda,2026-09-04,,eu-jugend-katalog.csv
3596202092938,Iris Crème de jour hydratante,Weleda,jugend,teen_or_ya_unclear,basis_creme,FR,yes,,,,obf-label,,,,no,,https://world.openbeautyfacts.org/product/3596202092938/iris-creme-de-jour-hydratante-weleda,2026-09-04,,eu-jugend-katalog.csv
8436585433261,"Anti Pickel Gesichtscreme Zitcontrol LSF 50, 40 ml",Acnemy,erwachsen_gesicht,erwachsen,basis_spf,DE,yes,,,,dm-fragranceFree,,,,,,https://www.dm.de/applink/p/d/2007226/acnemy-anti-pickel-gesichtscreme-zitcontrol-lsf-50?appPageType=productdetails&appProductId=2007226&wt_mc=dm-mcp,2026-09-04,"dm-pilot; price=18,95 €; dan=2007226",dm-pilot-produkte.csv
4066447374537,"Abschminktücher Pflegend 3in1, 25 St",Balea,erwachsen_gesicht,erwachsen,basis_reiniger,DE,yes,,,,dm-fragranceFree,,,,,,https://www.dm.de/applink/p/d/1614611/balea-abschminktuecher-pflegend-3in1?appPageType=productdetails&appProductId=1614611&wt_mc=dm-mcp,2026-09-04,"dm-pilot; price=0,85 €; dan=1614611",dm-pilot-produkte.csv
4070765000856,"Anti-Pickel 24h Pflege hautrein, 50 ml",Balea,erwachsen_gesicht,erwachsen,basis_spf,DE,yes,,,,dm-fragranceFree,,,,,,https://www.dm.de/applink/p/d/1708625/balea-anti-pickel-24h-pflege-hautrein?appPageType=productdetails&appProductId=1708625&wt_mc=dm-mcp,2026-09-04,"dm-pilot; price=1,95 €; dan=1708625",dm-pilot-produkte.csv
4066447882629,"Cleansing Jelly BE YOU, 150 ml",Balea,erwachsen_gesicht,erwachsen,basis_reiniger,DE,yes,,,,dm-fragranceFree,,,,,,https://www.dm.de/applink/p/d/3116014/balea-cleansing-jelly-be-you?appPageType=productdetails&appProductId=3116014&wt_mc=dm-mcp,2026-09-04,"dm-pilot; price=2,75 €; dan=3116014",dm-pilot-produkte.csv
4070765029529,"Gesichtscreme Beauty Expert NMF Base, 125 ml",Balea,erwachsen_gesicht,erwachsen,basis_spf,DE,yes,,,,dm-fragranceFree,,,,,,https://www.dm.de/applink/p/d/3148608/balea-gesichtscreme-beauty-expert-nmf-base?appPageType=productdetails&appProductId=3148608&wt_mc=dm-mcp,2026-09-04,"dm-pilot; price=6,95 €; dan=3148608",dm-pilot-produkte.csv
4066447970418,"Gesichtscreme Daily Moisturizer Be You, 50 ml",Balea,erwachsen_gesicht,erwachsen,basis_spf,DE,yes,,,,dm-fragranceFree,,,,,,https://www.dm.de/applink/p/d/3125385/balea-gesichtscreme-daily-moisturizer-be-you?appPageType=productdetails&appProductId=3125385&wt_mc=dm-mcp,2026-09-04,"dm-pilot; price=2,95 €; dan=3125385",dm-pilot-produkte.csv
4066447976229,"Gesichtscreme Gel Beauty Hyaluron Hydro Plump, 50 ml",Balea,erwachsen_gesicht,erwachsen,basis_spf,DE,yes,,,,dm-fragranceFree,,,,,,https://www.dm.de/applink/p/d/3125227/balea-gesichtscreme-gel-beauty-hyaluron-hydro-plump?appPageType=productdetails&appProductId=3125227&wt_mc=dm-mcp,2026-09-04,"dm-pilot; price=5,95 €; dan=3125227",dm-pilot-produkte.csv
4070765004748,"Gesichtscreme Niacinamide LSF 30, 50 ml",Balea,erwachsen_gesicht,erwachsen,basis_spf,DE,yes,,,,dm-fragranceFree,,,,,,https://www.dm.de/applink/p/d/1630365/balea-gesichtscreme-niacinamide-lsf-30?appPageType=productdetails&appProductId=1630365&wt_mc=dm-mcp,2026-09-04,"dm-pilot; price=4,95 €; dan=1630365",dm-pilot-produkte.csv
4066447986488,"Gesichtscreme Urea LSF 15, 50 ml",Balea,erwachsen_gesicht,erwachsen,basis_spf,DE,yes,,,,dm-fragranceFree,,,,,,https://www.dm.de/applink/p/d/1635098/balea-gesichtscreme-urea-lsf-15?appPageType=productdetails&appProductId=1635098&wt_mc=dm-mcp,2026-09-04,"dm-pilot; price=2,45 €; dan=1635098",dm-pilot-produkte.csv
4066447239034,"Nachtcreme Beauty Expert, 30 ml",Balea,erwachsen_gesicht,erwachsen,basis_spf,DE,yes,,,,dm-fragranceFree,,,,,,https://www.dm.de/applink/p/d/1630607/balea-nachtcreme-beauty-expert?appPageType=productdetails&appProductId=1630607&wt_mc=dm-mcp,2026-09-04,"dm-pilot; price=5,95 €; dan=1630607",dm-pilot-produkte.csv
4067796106701,"Nachtcreme Urea, 50 ml",Balea,erwachsen_gesicht,erwachsen,basis_spf,DE,yes,,,,dm-fragranceFree,,,,,,https://www.dm.de/applink/p/d/1635097/balea-nachtcreme-urea?appPageType=productdetails&appProductId=1635097&wt_mc=dm-mcp,2026-09-04,"dm-pilot; price=2,45 €; dan=1635097",dm-pilot-produkte.csv
4066447923148,"Peeling Cleanser Beauty Expert, 125 ml",Balea,erwachsen_gesicht,erwachsen,basis_reiniger,DE,yes,,,,dm-fragranceFree,,,,,,https://www.dm.de/applink/p/d/1630606/balea-peeling-cleanser-beauty-expert?appPageType=productdetails&appProductId=1630606&wt_mc=dm-mcp,2026-09-04,"dm-pilot; price=4,25 €; dan=1630606",dm-pilot-produkte.csv
4066447986471,"Reinigung Peeling & Maske hautrein 3in1, 150 ml",Balea,erwachsen_gesicht,erwachsen,basis_spf,DE,yes,,,,dm-fragranceFree,,,,,,https://www.dm.de/applink/p/d/1706805/balea-reinigung-peeling-und-maske-hautrein-3in1?appPageType=productdetails&appProductId=1706805&wt_mc=dm-mcp,2026-09-04,"dm-pilot; price=1,95 €; dan=1706805",dm-pilot-produkte.csv
4066447987706,"Reinigungsöl mit Arganöl, 100 ml",Balea,erwachsen_gesicht,erwachsen,basis_reiniger,DE,yes,,,,dm-fragranceFree,,,,,,https://www.dm.de/applink/p/d/1437541/balea-reinigungsoel-mit-arganoel?appPageType=productdetails&appProductId=1437541&wt_mc=dm-mcp,2026-09-04,"dm-pilot; price=2,55 €; dan=1437541",dm-pilot-produkte.csv
4066447245028,"Serum Beauty Expert Azelain Booster, 30 ml",Balea,erwachsen_gesicht,erwachsen,basis_spf,DE,yes,,,,dm-fragranceFree,,,,,,https://www.dm.de/applink/p/d/1689118/balea-serum-beauty-expert-azelain-booster?appPageType=productdetails&appProductId=1689118&wt_mc=dm-mcp,2026-09-04,"dm-pilot; price=5,95 €; dan=1689118",dm-pilot-produkte.csv
4066447755114,"Serum Beauty Expert Calming, 30 ml",Balea,erwachsen_gesicht,erwachsen,basis_spf,DE,yes,,,,dm-fragranceFree,,,,,,https://www.dm.de/applink/p/d/1679661/balea-serum-beauty-expert-calming?appPageType=productdetails&appProductId=1679661&wt_mc=dm-mcp,2026-09-04,"dm-pilot; price=5,95 €; dan=1679661",dm-pilot-produkte.csv
4066447981070,"Serum Beauty Expert Plump & Glow, 30 ml",Balea,erwachsen_gesicht,erwachsen,basis_spf,DE,yes,,,,dm-fragranceFree,,,,,,https://www.dm.de/applink/p/d/1343694/balea-serum-beauty-expert-plump-und-glow?appPageType=productdetails&appProductId=1343694&wt_mc=dm-mcp,2026-09-04,"dm-pilot; price=5,95 €; dan=1343694",dm-pilot-produkte.csv
4066447438765,"Serum Beauty Expert Vitamin C Serum-Creme LSF 30, 50 ml",Balea,erwachsen_gesicht,erwachsen,basis_spf,DE,yes,,,,dm-fragranceFree,,,,,,https://www.dm.de/applink/p/d/1710324/balea-serum-beauty-expert-vitamin-c-serum-creme-lsf-30?appPageType=productdetails&appProductId=1710324&wt_mc=dm-mcp,2026-09-04,"dm-pilot; price=5,95 €; dan=1710324",dm-pilot-produkte.csv
4066447215458,"Serum Niacinamide, 30 ml",Balea,erwachsen_gesicht,erwachsen,basis_spf,DE,yes,,,,dm-fragranceFree,,,,,,https://www.dm.de/applink/p/d/1676288/balea-serum-niacinamide?appPageType=productdetails&appProductId=1676288&wt_mc=dm-mcp,2026-09-04,"dm-pilot; price=4,95 €; dan=1676288",dm-pilot-produkte.csv
4066447859690,"Sonnenspray Gesicht UV Protection LSF 50, 50 ml",Balea,erwachsen_gesicht,erwachsen,basis_spf,DE,yes,,,,dm-fragranceFree,,,,,,https://www.dm.de/applink/p/d/3077134/balea-sonnenspray-gesicht-uv-protection-lsf-50?appPageType=productdetails&appProductId=3077134&wt_mc=dm-mcp,2026-09-04,"dm-pilot; price=3,95 €; dan=3077134",dm-pilot-produkte.csv
4066447953992,"Gesichtscreme Ultra Sensitive, 50 ml",Balea MEN,erwachsen_gesicht,erwachsen,basis_spf,DE,yes,,,,dm-fragranceFree,,,,,,https://www.dm.de/applink/p/d/1569569/balea-men-gesichtscreme-ultra-sensitive?appPageType=productdetails&appProductId=1569569&wt_mc=dm-mcp,2026-09-04,"dm-pilot; price=2,95 €; dan=1569569",dm-pilot-produkte.csv
4066447970005,"Feuchtigkeitselixier ultra sensitive, 20 ml",Balea med,erwachsen_gesicht,erwachsen,basis_spf,DE,yes,,,,dm-fragranceFree,,,,,,https://www.dm.de/applink/p/d/3127928/balea-med-feuchtigkeitselixier-ultra-sensitive?appPageType=productdetails&appProductId=3127928&wt_mc=dm-mcp,2026-09-04,"dm-pilot; price=1,95 €; dan=3127928",dm-pilot-produkte.csv
4066447952995,"Gesichtscreme Ultra Sensitive Barrierschutz, 50 ml",Balea med,erwachsen_gesicht,erwachsen,basis_spf,DE,yes,,,,dm-fragranceFree,,,,,,https://www.dm.de/applink/p/d/1709646/balea-med-gesichtscreme-ultra-sensitive-barrierschutz?appPageType=productdetails&appProductId=1709646&wt_mc=dm-mcp,2026-09-04,"dm-pilot; price=4,45 €; dan=1709646",dm-pilot-produkte.csv
4066447952988,"Gesichtscreme Ultra Sensitive, 50 ml",Balea med,erwachsen_gesicht,erwachsen,basis_spf,DE,yes,,,,dm-fragranceFree,,,,,,https://www.dm.de/applink/p/d/1565294/balea-med-gesichtscreme-ultra-sensitive?appPageType=productdetails&appProductId=1565294&wt_mc=dm-mcp,2026-09-04,"dm-pilot; price=3,45 €; dan=1565294",dm-pilot-produkte.csv
4066447970029,"Gesichtsmaske kühlend ultra sensitive, 50 ml",Balea med,erwachsen_gesicht,erwachsen,basis_spf,DE,yes,,,,dm-fragranceFree,,,,,,https://www.dm.de/applink/p/d/3127933/balea-med-gesichtsmaske-kuehlend-ultra-sensitive?appPageType=productdetails&appProductId=3127933&wt_mc=dm-mcp,2026-09-04,"dm-pilot; price=3,95 €; dan=3127933",dm-pilot-produkte.csv
4066447953053,"Gesichtsserum Ultra Sensitiv, 30 ml",Balea med,erwachsen_gesicht,erwachsen,basis_spf,DE,yes,,,,dm-fragranceFree,,,,,,https://www.dm.de/applink/p/d/1692255/balea-med-gesichtsserum-ultra-sensitiv?appPageType=productdetails&appProductId=1692255&wt_mc=dm-mcp,2026-09-04,"dm-pilot; price=4,95 €; dan=1692255",dm-pilot-produkte.csv
4066447919738,"Gesichtswasser Ultra Sensitive, 200 ml",Balea med,erwachsen_gesicht,erwachsen,basis_reiniger,DE,yes,,,,dm-fragranceFree,,,,,,https://www.dm.de/applink/p/d/1623936/balea-med-gesichtswasser-ultra-sensitive?appPageType=productdetails&appProductId=1623936&wt_mc=dm-mcp,2026-09-04,"dm-pilot; price=2,95 €; dan=1623936",dm-pilot-produkte.csv
4066447952605,"Reinigungsmilch Ultra Sensitive, 200 ml",Balea med,erwachsen_gesicht,erwachsen,basis_reiniger,DE,yes,,,,dm-fragranceFree,,,,,,https://www.dm.de/applink/p/d/1623935/balea-med-reinigungsmilch-ultra-sensitive?appPageType=productdetails&appProductId=1623935&wt_mc=dm-mcp,2026-09-04,"dm-pilot; price=2,95 €; dan=1623935",dm-pilot-produkte.csv
4066447952582,"Reinigungsschaum Ultra Sensitive, 150 ml",Balea med,erwachsen_gesicht,erwachsen,basis_reiniger,DE,yes,,,,dm-fragranceFree,,,,,,https://www.dm.de/applink/p/d/1609515/balea-med-reinigungsschaum-ultra-sensitive?appPageType=productdetails&appProductId=1609515&wt_mc=dm-mcp,2026-09-04,"dm-pilot; price=2,95 €; dan=1609515",dm-pilot-produkte.csv
4070765077766,"Waschgel Jelly Wash Ultra Sensitive, 150 ml",Balea med,erwachsen_gesicht,erwachsen,basis_reiniger,DE,yes,,,,dm-fragranceFree,,,,,,https://www.dm.de/applink/p/d/3063504/balea-med-waschgel-jelly-wash-ultra-sensitive?appPageType=productdetails&appProductId=3063504&wt_mc=dm-mcp,2026-09-04,"dm-pilot; price=3,95 €; dan=3063504",dm-pilot-produkte.csv
4066447952971,"Waschgel Ultra Sensitive, 150 ml",Balea med,erwachsen_gesicht,erwachsen,basis_reiniger,DE,yes,,,,dm-fragranceFree,,,,,,https://www.dm.de/applink/p/d/1691474/balea-med-waschgel-ultra-sensitive?appPageType=productdetails&appProductId=1691474&wt_mc=dm-mcp,2026-09-04,"dm-pilot; price=2,95 €; dan=1691474",dm-pilot-produkte.csv
4065331004215,"Baby SOS Aloe Vera Gel kühlend, 75 ml",Bübchen,baby_kind,baby_0_36m,creme,DE,yes,,,yes,dm-fragranceFree,,,dm-category-heuristic,,,https://www.dm.de/applink/p/d/1336220/buebchen-baby-sos-aloe-vera-gel-kuehlend?appPageType=productdetails&appProductId=1336220&wt_mc=dm-mcp,2026-09-04,"dm-pilot; price=1,95 €; dan=1336220",dm-pilot-produkte.csv
4065331004178,"Baby SOS Bäuchlein Massage Salbe, 50 ml",Bübchen,baby_kind,baby_0_36m,creme,DE,yes,,,yes,dm-fragranceFree,,,dm-category-heuristic,,,https://www.dm.de/applink/p/d/1336209/buebchen-baby-sos-baeuchlein-massage-salbe?appPageType=productdetails&appProductId=1336209&wt_mc=dm-mcp,2026-09-04,"dm-pilot; price=2,95 €; dan=1336209",dm-pilot-produkte.csv
4059729589439,"Nagellack Gel Affair 048 Frosted Crush, 10,5 ml",CATRICE,erwachsen_gesicht,erwachsen,basis_creme,DE,yes,,,,dm-fragranceFree,,,,,,https://www.dm.de/applink/p/d/3111563/catrice-nagellack-gel-affair-048-frosted-crush?appPageType=productdetails&appProductId=3111563&wt_mc=dm-mcp,2026-09-04,"dm-pilot; price=2,95 €; dan=3111563",dm-pilot-produkte.csv
3600541698482,"Mizellenwasser empfindliche Haut All in 1, 400 ml",Garnier Skin Active,erwachsen_gesicht,erwachsen,basis_reiniger,DE,yes,,,,dm-fragranceFree,,,,,,https://www.dm.de/applink/p/d/1425075/garnier-skin-active-mizellenwasser-empfindliche-haut-all-in-1?appPageType=productdetails&appProductId=1425075&wt_mc=dm-mcp,2026-09-04,"dm-pilot; price=3,95 €; dan=1425075",dm-pilot-produkte.csv
3600542488037,"Reinigungsschaum Salicylic Cleanser, 250 ml",Garnier Skin Active,erwachsen_gesicht,erwachsen,basis_reiniger,DE,yes,,,,dm-fragranceFree,,,,,,https://www.dm.de/applink/p/d/1692331/garnier-skin-active-reinigungsschaum-salicylic-cleanser?appPageType=productdetails&appProductId=1692331&wt_mc=dm-mcp,2026-09-04,"dm-pilot; price=5,95 €; dan=1692331",dm-pilot-produkte.csv
5999566330421,"Feuchtigkeitscreme 101 Hydration Station, 50 ml",Geek&Gorgeous,erwachsen_gesicht,erwachsen,basis_spf,DE,yes,,,,dm-fragranceFree,,,,,,https://www.dm.de/applink/p/d/1465012/geek-und-gorgeous-feuchtigkeitscreme-101-hydration-station?appPageType=productdetails&appProductId=1465012&wt_mc=dm-mcp,2026-09-04,"dm-pilot; price=8,35 €; dan=1465012",dm-pilot-produkte.csv
5999566330445,"Gesichtscreme 101 Happier Barrier, 50 ml",Geek&Gorgeous,erwachsen_gesicht,erwachsen,basis_spf,DE,yes,,,,dm-fragranceFree,,,,,,https://www.dm.de/applink/p/d/1306263/geek-und-gorgeous-gesichtscreme-101-happier-barrier?appPageType=productdetails&appProductId=1306263&wt_mc=dm-mcp,2026-09-04,"dm-pilot; price=10,35 €; dan=1306263",dm-pilot-produkte.csv
5999566331336,"Gesichtscreme Sonnenschutz 101 Zero Feel LSF 50, 75 ml",Geek&Gorgeous,erwachsen_gesicht,erwachsen,basis_spf,DE,yes,,,,dm-fragranceFree,,,,,,https://www.dm.de/applink/p/d/3131974/geek-und-gorgeous-gesichtscreme-sonnenschutz-101-zero-feel-lsf-50?appPageType=productdetails&appProductId=3131974&wt_mc=dm-mcp,2026-09-04,"dm-pilot; price=12,35 €; dan=3131974",dm-pilot-produkte.csv
5999566330292,"Gesichtsserum 101 A-Game-10 0.1% Retinal, 30 ml",Geek&Gorgeous,erwachsen_gesicht,erwachsen,basis_spf,DE,yes,,,,dm-fragranceFree,,,,,,https://www.dm.de/applink/p/d/1459264/geek-und-gorgeous-gesichtsserum-101-a-game-10-0-1-prozent-retinal?appPageType=productdetails&appProductId=1459264&wt_mc=dm-mcp,2026-09-04,"dm-pilot; price=18,35 €; dan=1459264",dm-pilot-produkte.csv
5999566330797,"Gesichtsserum 101 A-Game-20 0,2% Retinal, 30 ml",Geek&Gorgeous,erwachsen_gesicht,erwachsen,basis_spf,DE,yes,,,,dm-fragranceFree,,,,,,https://www.dm.de/applink/p/d/2978218/geek-und-gorgeous-gesichtsserum-101-a-game-20-0-2-prozent-retinal?appPageType=productdetails&appProductId=2978218&wt_mc=dm-mcp,2026-09-04,"dm-pilot; price=22,35 €; dan=2978218",dm-pilot-produkte.csv
5999566330223,"Gesichtsserum 101 A-Game-5 0,05% Retinal, 30 ml",Geek&Gorgeous,erwachsen_gesicht,erwachsen,basis_spf,DE,yes,,,,dm-fragranceFree,,,,,,https://www.dm.de/applink/p/d/1306173/geek-und-gorgeous-gesichtsserum-101-a-game-5-0-05-prozent-retinal?appPageType=productdetails&appProductId=1306173&wt_mc=dm-mcp,2026-09-04,"dm-pilot; price=12,85 €; dan=1306173",dm-pilot-produkte.csv
5999566330162,"Gesichtsserum 101 B-Bomb 10%Niacinamide, 30 ml",Geek&Gorgeous,erwachsen_gesicht,erwachsen,basis_spf,DE,yes,,,,dm-fragranceFree,,,,,,https://www.dm.de/applink/p/d/1306172/geek-und-gorgeous-gesichtsserum-101-b-bomb-10-prozent-niacinamide?appPageType=productdetails&appProductId=1306172&wt_mc=dm-mcp,2026-09-04,"dm-pilot; price=8,35 €; dan=1306172",dm-pilot-produkte.csv
5999566330155,"Gesichtsserum 101 C-Glow 15% Vitamin C, 30 ml",Geek&Gorgeous,erwachsen_gesicht,erwachsen,basis_spf,DE,yes,,,,dm-fragranceFree,,,,,,https://www.dm.de/applink/p/d/1306163/geek-und-gorgeous-gesichtsserum-101-c-glow-15-prozent-vitamin-c?appPageType=productdetails&appProductId=1306163&wt_mc=dm-mcp,2026-09-04,"dm-pilot; price=12,35 €; dan=1306163",dm-pilot-produkte.csv
5999566330124,"Gesichtsserum 101 HA 5 Light, 30 ml",Geek&Gorgeous,erwachsen_gesicht,erwachsen,basis_spf,DE,yes,,,,dm-fragranceFree,,,,,,https://www.dm.de/applink/p/d/1459262/geek-und-gorgeous-gesichtsserum-101-ha-5-light?appPageType=productdetails&appProductId=1459262&wt_mc=dm-mcp,2026-09-04,"dm-pilot; price=9,35 €; dan=1459262",dm-pilot-produkte.csv
5999566330148,"Gesichtsserum 101 aPAD, 30 ml",Geek&Gorgeous,erwachsen_gesicht,erwachsen,basis_spf,DE,yes,,,,dm-fragranceFree,,,,,,https://www.dm.de/applink/p/d/1465001/geek-und-gorgeous-gesichtsserum-101-apad?appPageType=productdetails&appProductId=1465001&wt_mc=dm-mcp,2026-09-04,"dm-pilot; price=11,35 €; dan=1465001",dm-pilot-produkte.csv
5999566330261,"Waschgel 101 Jelly Joker, 150 ml",Geek&Gorgeous,erwachsen_gesicht,erwachsen,basis_reiniger,DE,yes,,,,dm-fragranceFree,,,,,,https://www.dm.de/applink/p/d/1306224/geek-und-gorgeous-waschgel-101-jelly-joker?appPageType=productdetails&appProductId=1306224&wt_mc=dm-mcp,2026-09-04,"dm-pilot; price=9,35 €; dan=1306224",dm-pilot-produkte.csv
4066447986181,"Babybad Hafermilch, 200 ml",HALLOHEBAMME,baby_kind,baby_0_36m,sonst,DE,yes,,,yes,dm-fragranceFree,,,dm-category-heuristic,,,https://www.dm.de/applink/p/d/2486244/hallohebamme-babybad-hafermilch?appPageType=productdetails&appProductId=2486244&wt_mc=dm-mcp,2026-09-04,"dm-pilot; price=3,95 €; dan=2486244",dm-pilot-produkte.csv
4062300473720,"Baby Pflegebad hochverträglich, 200 ml",HiPP,baby_kind,baby_0_36m,sonst,DE,yes,,,yes,dm-fragranceFree,,,dm-category-heuristic,,,https://www.dm.de/applink/p/d/3097126/hipp-baby-pflegebad-hochvertraeglich?appPageType=productdetails&appProductId=3097126&wt_mc=dm-mcp,2026-09-04,"dm-pilot; price=3,45 €; dan=3097126",dm-pilot-produkte.csv
4062300458963,"Baby Ölbalsam hochverträglich, 150 ml",HiPP,baby_kind,baby_0_36m,creme,DE,yes,,,yes,dm-fragranceFree,,,dm-category-heuristic,,,https://www.dm.de/applink/p/d/3097128/hipp-baby-oelbalsam-hochvertraeglich?appPageType=productdetails&appProductId=3097128&wt_mc=dm-mcp,2026-09-04,"dm-pilot; price=3,95 €; dan=3097128",dm-pilot-produkte.csv
42241249,"Sonnencreme Gesicht Kids, ultra sensitiv, LSF 50+, 30 ml",HiPP Babysanft,erwachsen_gesicht,erwachsen,basis_spf,DE,yes,,,,dm-fragranceFree,,,,,,https://www.dm.de/applink/p/d/1631852/hipp-babysanft-sonnencreme-gesicht-kids-ultra-sensitiv-lsf-50?appPageType=productdetails&appProductId=1631852&wt_mc=dm-mcp,2026-09-04,"dm-pilot; price=5,25 €; dan=1631852",dm-pilot-produkte.csv
4262401734984,"Gesichtscreme Essential LSF 30, 50 ml",Jean&Len,erwachsen_gesicht,erwachsen,basis_spf,DE,yes,,,,dm-fragranceFree,,,,,,https://www.dm.de/applink/p/d/2968906/jean-und-len-gesichtscreme-essential-lsf-30?appPageType=productdetails&appProductId=2968906&wt_mc=dm-mcp,2026-09-04,"dm-pilot; price=9,95 €; dan=2968906",dm-pilot-produkte.csv
4262401734953,"Gesichtscreme Ultimate Glow, 50 ml",Jean&Len,erwachsen_gesicht,erwachsen,basis_spf,DE,yes,,,,dm-fragranceFree,,,,,,https://www.dm.de/applink/p/d/2968944/jean-und-len-gesichtscreme-ultimate-glow?appPageType=productdetails&appProductId=2968944&wt_mc=dm-mcp,2026-09-04,"dm-pilot; price=7,95 €; dan=2968944",dm-pilot-produkte.csv
4262459493864,"Pflegecreme, 75 ml",LILLYDOO,baby_kind,baby_0_36m,creme,DE,yes,,,yes,dm-fragranceFree,,,dm-category-heuristic,,,https://www.dm.de/applink/p/d/3138627/lillydoo-pflegecreme?appPageType=productdetails&appProductId=3138627&wt_mc=dm-mcp,2026-09-04,"dm-pilot; price=3,95 €; dan=3138627",dm-pilot-produkte.csv
4262459493888,"Shampoo & Waschlotion 2in1, 150 ml",LILLYDOO,baby_kind,baby_0_36m,sonst,DE,yes,,,yes,dm-fragranceFree,,,dm-category-heuristic,,,https://www.dm.de/applink/p/d/3138581/lillydoo-shampoo-und-waschlotion-2in1?appPageType=productdetails&appProductId=3138581&wt_mc=dm-mcp,2026-09-04,"dm-pilot; price=2,95 €; dan=3138581",dm-pilot-produkte.csv
4262368741292,"Baby Pflegecreme, 75 ml",Mabyen,baby_kind,baby_0_36m,creme,DE,yes,,,yes,dm-fragranceFree,,,dm-category-heuristic,,,https://www.dm.de/applink/p/d/2968654/mabyen-baby-pflegecreme?appPageType=productdetails&appProductId=2968654&wt_mc=dm-mcp,2026-09-04,"dm-pilot; price=4,95 €; dan=2968654",dm-pilot-produkte.csv
3600551187679,"Cleanser Anti-Hautstress, 150 ml",Mixa,erwachsen_gesicht,erwachsen,basis_reiniger,DE,yes,,,,dm-fragranceFree,,,,,,https://www.dm.de/applink/p/d/3109386/mixa-cleanser-anti-hautstress?appPageType=productdetails&appProductId=3109386&wt_mc=dm-mcp,2026-09-04,"dm-pilot; price=5,95 €; dan=3109386",dm-pilot-produkte.csv
3600551101408,"Pflegecreme Ceramide Protect, 400 ml",Mixa,erwachsen_gesicht,erwachsen,basis_creme,DE,yes,,,,dm-fragranceFree,,,,,,https://www.dm.de/applink/p/d/1669820/mixa-pflegecreme-ceramide-protect?appPageType=productdetails&appProductId=1669820&wt_mc=dm-mcp,2026-09-04,"dm-pilot; price=7,95 €; dan=1669820",dm-pilot-produkte.csv
8720828001851,"Baby & Kind Pflegecreme, 50 ml",NAIF,baby_kind,baby_0_36m,creme,DE,yes,,,yes,dm-fragranceFree,,,dm-category-heuristic,,,https://www.dm.de/applink/p/d/1706808/naif-baby-und-kind-pflegecreme?appPageType=productdetails&appProductId=1706808&wt_mc=dm-mcp,2026-09-04,"dm-pilot; price=4,95 €; dan=1706808",dm-pilot-produkte.csv
3574661554297,"Gesichtscreme Hydro Boost Aqua, 50 ml",Neutrogena,erwachsen_gesicht,erwachsen,basis_spf,DE,yes,,,,dm-fragranceFree,,,,,,https://www.dm.de/applink/p/d/1487983/neutrogena-gesichtscreme-hydro-boost-aqua?appPageType=productdetails&appProductId=1487983&wt_mc=dm-mcp,2026-09-04,"dm-pilot; price=9,45 €; dan=1487983",dm-pilot-produkte.csv
4260524941210,"Feuchtigkeitscreme beruhigend, 50 ml",NØ cosmetics,erwachsen_gesicht,erwachsen,basis_spf,DE,yes,,,,dm-fragranceFree,,,,,,https://www.dm.de/applink/p/d/1611085/no-cosmetics-feuchtigkeitscreme-beruhigend?appPageType=productdetails&appProductId=1611085&wt_mc=dm-mcp,2026-09-04,"dm-pilot; price=15,95 €; dan=1611085",dm-pilot-produkte.csv
4260524943825,"Gesichtscreme All-In Barrier, 20 ml",NØ cosmetics,erwachsen_gesicht,erwachsen,basis_spf,DE,yes,,,,dm-fragranceFree,,,,,,https://www.dm.de/applink/p/d/3119034/no-cosmetics-gesichtscreme-all-in-barrier?appPageType=productdetails&appProductId=3119034&wt_mc=dm-mcp,2026-09-04,"dm-pilot; price=6,95 €; dan=3119034",dm-pilot-produkte.csv
4260524941401,"Gesichtscreme All-In Barrier, 50 ml",NØ cosmetics,erwachsen_gesicht,erwachsen,basis_spf,DE,yes,,,,dm-fragranceFree,,,,,,https://www.dm.de/applink/p/d/1676342/no-cosmetics-gesichtscreme-all-in-barrier?appPageType=productdetails&appProductId=1676342&wt_mc=dm-mcp,2026-09-04,"dm-pilot; price=16,95 €; dan=1676342",dm-pilot-produkte.csv
4260524942477,"Gesichtscreme Base Hydration, 125 ml",NØ cosmetics,erwachsen_gesicht,erwachsen,basis_spf,DE,yes,,,,dm-fragranceFree,,,,,,https://www.dm.de/applink/p/d/3108263/no-cosmetics-gesichtscreme-base-hydration?appPageType=productdetails&appProductId=3108263&wt_mc=dm-mcp,2026-09-04,"dm-pilot; price=9,95 €; dan=3108263",dm-pilot-produkte.csv
4260524941111,"Peeling Cleanser AHA / PHA, 125 ml",NØ cosmetics,erwachsen_gesicht,erwachsen,basis_reiniger,DE,yes,,,,dm-fragranceFree,,,,,,https://www.dm.de/applink/p/d/1588394/no-cosmetics-peeling-cleanser-aha-pha?appPageType=productdetails&appProductId=1588394&wt_mc=dm-mcp,2026-09-04,"dm-pilot; price=7,95 €; dan=1588394",dm-pilot-produkte.csv
4260524940923,"Serum 120h Hydration & Niacinamide, 20 ml",NØ cosmetics,erwachsen_gesicht,erwachsen,basis_spf,DE,yes,,,,dm-fragranceFree,,,,,,https://www.dm.de/applink/p/d/1460743/no-cosmetics-serum-120h-hydration-und-niacinamide?appPageType=productdetails&appProductId=1460743&wt_mc=dm-mcp,2026-09-04,"dm-pilot; price=14,95 €; dan=1460743",dm-pilot-produkte.csv
4260401410778,"Baby & Kinder Badezusatz Pflegebad, 250 ml",PAEDIPROTECT,baby_kind,baby_0_36m,sonst,DE,yes,,,yes,dm-fragranceFree,,,dm-category-heuristic,,,https://www.dm.de/applink/p/d/1545814/paediprotect-baby-und-kinder-badezusatz-pflegebad?appPageType=productdetails&appProductId=1545814&wt_mc=dm-mcp,2026-09-04,"dm-pilot; price=4,25 €; dan=1545814",dm-pilot-produkte.csv
4260401413304,"Baby Pflegecreme Intensiv, 75 ml",PAEDIPROTECT,baby_kind,baby_0_36m,creme,DE,yes,,,yes,dm-fragranceFree,,,dm-category-heuristic,,,https://www.dm.de/applink/p/d/1625406/paediprotect-baby-pflegecreme-intensiv?appPageType=productdetails&appProductId=1625406&wt_mc=dm-mcp,2026-09-04,"dm-pilot; price=3,55 €; dan=1625406",dm-pilot-produkte.csv
4260401410808,"Baby Shampoo & Waschlotion 2in1, 200 ml",PAEDIPROTECT,baby_kind,baby_0_36m,sonst,DE,yes,,,yes,dm-fragranceFree,,,dm-category-heuristic,,,https://www.dm.de/applink/p/d/1501323/paediprotect-baby-shampoo-und-waschlotion-2in1?appPageType=productdetails&appProductId=1501323&wt_mc=dm-mcp,2026-09-04,"dm-pilot; price=3,25 €; dan=1501323",dm-pilot-produkte.csv
4260401414707,"Babyöl, 200 ml",PAEDIPROTECT,baby_kind,baby_0_36m,creme,DE,yes,,,yes,dm-fragranceFree,,,dm-category-heuristic,,,https://www.dm.de/applink/p/d/3058841/paediprotect-babyoel?appPageType=productdetails&appProductId=3058841&wt_mc=dm-mcp,2026-09-04,"dm-pilot; price=3,95 €; dan=3058841",dm-pilot-produkte.csv
4260401410686,"Kinder Gesichtspflege, 75 ml",PAEDIPROTECT,baby_kind,baby_0_36m,creme,DE,yes,,,yes,dm-fragranceFree,,,dm-category-heuristic,,,https://www.dm.de/applink/p/d/1501321/paediprotect-kinder-gesichtspflege?appPageType=productdetails&appProductId=1501321&wt_mc=dm-mcp,2026-09-04,"dm-pilot; price=3,25 €; dan=1501321",dm-pilot-produkte.csv
4260401411904,"Kinder Pflegelotion, 200 ml",PAEDIPROTECT,baby_kind,baby_0_36m,creme,DE,yes,,,yes,dm-fragranceFree,,,dm-category-heuristic,,,https://www.dm.de/applink/p/d/1569725/paediprotect-kinder-pflegelotion?appPageType=productdetails&appProductId=1569725&wt_mc=dm-mcp,2026-09-04,"dm-pilot; price=2,95 €; dan=1569725",dm-pilot-produkte.csv
4260401414349,"Sonnencreme Familie LSF 50+, 200 ml",PAEDIPROTECT,erwachsen_gesicht,erwachsen,basis_spf,DE,yes,,,,dm-fragranceFree,,,,,,https://www.dm.de/applink/p/d/1679318/paediprotect-sonnencreme-familie-lsf-50?appPageType=productdetails&appProductId=1679318&wt_mc=dm-mcp,2026-09-04,"dm-pilot; price=14,45 €; dan=1679318",dm-pilot-produkte.csv
4260401410358,"Sonnencreme Gesicht, LSF 50+, 30 ml",PAEDIPROTECT,erwachsen_gesicht,erwachsen,basis_spf,DE,yes,,,,dm-fragranceFree,,,,,,https://www.dm.de/applink/p/d/1574855/paediprotect-sonnencreme-gesicht-lsf-50?appPageType=productdetails&appProductId=1574855&wt_mc=dm-mcp,2026-09-04,"dm-pilot; price=7,25 €; dan=1574855",dm-pilot-produkte.csv
4260401410846,Wind & Wetter Creme LSF 15,PAEDIPROTECT,baby_kind,baby_0_36m,creme,DE,yes,,,yes,dm-fragranceFree,,,dm-category-heuristic,,,https://www.dm.de/applink/p/d/1571014/paediprotect-wind-und-wetter-creme-lsf-15?appPageType=productdetails&appProductId=1571014&wt_mc=dm-mcp,2026-09-04,"dm-pilot; price=3,95 €; dan=1571014",dm-pilot-produkte.csv
3574661606033,"Baby Pflegecreme Gesicht & Körper ultra sensitiv, 100 ml",Penaten,baby_kind,baby_0_36m,creme,DE,yes,,,yes,dm-fragranceFree,,,dm-category-heuristic,,,https://www.dm.de/applink/p/d/1469808/penaten-baby-pflegecreme-gesicht-und-koerper-ultra-sensitiv?appPageType=productdetails&appProductId=1469808&wt_mc=dm-mcp,2026-09-04,"dm-pilot; price=3,95 €; dan=1469808",dm-pilot-produkte.csv
3574661264455,"Baby Pflegelotion ultra sensitiv, 400 ml",Penaten,baby_kind,baby_0_36m,creme,DE,yes,,,yes,dm-fragranceFree,,,dm-category-heuristic,,,https://www.dm.de/applink/p/d/1469804/penaten-baby-pflegelotion-ultra-sensitiv?appPageType=productdetails&appProductId=1469804&wt_mc=dm-mcp,2026-09-04,"dm-pilot; price=4,95 €; dan=1469804",dm-pilot-produkte.csv
8809563103430,"Feuchtigkeitscream Mighty Bamboo Cream, 100 ml",Purito SEOUL,erwachsen_gesicht,erwachsen,basis_spf,DE,yes,,,,dm-fragranceFree,,,,,,https://www.dm.de/applink/p/d/3068005/purito-seoul-feuchtigkeitscream-mighty-bamboo-cream?appPageType=productdetails&appProductId=3068005&wt_mc=dm-mcp,2026-09-04,"dm-pilot; price=23,95 €; dan=3068005",dm-pilot-produkte.csv
8809563101054,"Gesichtscreme Gel Oat-in Calming Gel Cream, 100 ml",Purito SEOUL,erwachsen_gesicht,erwachsen,basis_spf,DE,yes,,,,dm-fragranceFree,,,,,,https://www.dm.de/applink/p/d/3068004/purito-seoul-gesichtscreme-gel-oat-in-calming-gel-cream?appPageType=productdetails&appProductId=3068004&wt_mc=dm-mcp,2026-09-04,"dm-pilot; price=21,95 €; dan=3068004",dm-pilot-produkte.csv
8809563100347,"Gesichtstoner Wonder Releaf Centella Toner Unscented, 200 ml",Purito SEOUL,erwachsen_gesicht,erwachsen,basis_reiniger,DE,yes,,,,dm-fragranceFree,,,,,,https://www.dm.de/applink/p/d/2628457/purito-seoul-gesichtstoner-wonder-releaf-centella-toner-unscented?appPageType=productdetails&appProductId=2628457&wt_mc=dm-mcp,2026-09-04,"dm-pilot; price=22,95 €; dan=2628457",dm-pilot-produkte.csv
4066447787108,"Sonnencreme Kids MED ultra sensitiv, LSF 50+, 100 ml",SUNDANCE,erwachsen_gesicht,erwachsen,basis_spf,DE,yes,,,,dm-fragranceFree,,,,,,https://www.dm.de/applink/p/d/1301928/sundance-sonnencreme-kids-med-ultra-sensitiv-lsf-50?appPageType=productdetails&appProductId=1301928&wt_mc=dm-mcp,2026-09-04,"dm-pilot; price=4,25 €; dan=1301928",dm-pilot-produkte.csv
4067796257472,"Sonnencreme sensitiv LSF 50, 100 ml",SUNDANCE,erwachsen_gesicht,erwachsen,basis_spf,DE,yes,,,,dm-fragranceFree,,,,,,https://www.dm.de/applink/p/d/1678934/sundance-sonnencreme-sensitiv-lsf-50?appPageType=productdetails&appProductId=1678934&wt_mc=dm-mcp,2026-09-04,"dm-pilot; price=3,95 €; dan=1678934",dm-pilot-produkte.csv
4067796257595,"Sonnenfluid Gesicht MED ultra sensitiv, LSF 50+, 50 ml",SUNDANCE,erwachsen_gesicht,erwachsen,basis_spf,DE,yes,,,,dm-fragranceFree,,,,,,https://www.dm.de/applink/p/d/1367850/sundance-sonnenfluid-gesicht-med-ultra-sensitiv-lsf-50?appPageType=productdetails&appProductId=1367850&wt_mc=dm-mcp,2026-09-04,"dm-pilot; price=5,25 €; dan=1367850",dm-pilot-produkte.csv
4067796279528,"Sonnenfluid Gesicht cera guard face fluid, LSF 50, 50 ml",SUNDANCE,erwachsen_gesicht,erwachsen,basis_spf,DE,yes,,,,dm-fragranceFree,,,,,,https://www.dm.de/applink/p/d/3122059/sundance-sonnenfluid-gesicht-cera-guard-face-fluid-lsf-50?appPageType=productdetails&appProductId=3122059&wt_mc=dm-mcp,2026-09-04,"dm-pilot; price=5,25 €; dan=3122059",dm-pilot-produkte.csv
8436585432141,"Feuchtigkeitsserum Ceramide Repair Moisturizer, 30 ml",Transparent Lab,erwachsen_gesicht,erwachsen,basis_spf,DE,yes,,,,dm-fragranceFree,,,,,,https://www.dm.de/applink/p/d/3046018/transparent-lab-feuchtigkeitsserum-ceramide-repair-moisturizer?appPageType=productdetails&appProductId=3046018&wt_mc=dm-mcp,2026-09-04,"dm-pilot; price=17,95 €; dan=3046018",dm-pilot-produkte.csv
4260672140138,"Sonnencreme Gesicht, 'catch the sun' sensitiv, LSF 50, 75 ml",V.SUN,erwachsen_gesicht,erwachsen,basis_spf,DE,yes,,,,dm-fragranceFree,,,,,,https://www.dm.de/applink/p/d/1640523/v-sun-sonnencreme-gesicht-catch-the-sun-sensitiv-lsf-50?appPageType=productdetails&appProductId=1640523&wt_mc=dm-mcp,2026-09-04,"dm-pilot; price=14,95 €; dan=1640523",dm-pilot-produkte.csv
4260672140558,"Sonnenfluid Gesicht sensitive ""little Sunshine"" LSF 50, 30 m",V.SUN,erwachsen_gesicht,erwachsen,basis_spf,DE,yes,,,,dm-fragranceFree,,,,,,https://www.dm.de/applink/p/d/1493846/v-sun-sonnenfluid-gesicht-sensitive-little-sunshine-lsf-50?appPageType=productdetails&appProductId=1493846&wt_mc=dm-mcp,2026-09-04,"dm-pilot; price=12,95 €; dan=1493846",dm-pilot-produkte.csv
4001638590792,"Fluid UV Glow LSF 30, 30 ml",WELEDA,erwachsen_gesicht,erwachsen,basis_spf,DE,yes,,,,dm-fragranceFree,,,,,,https://www.dm.de/applink/p/d/3126480/weleda-fluid-uv-glow-lsf-30?appPageType=productdetails&appProductId=3126480&wt_mc=dm-mcp,2026-09-04,"dm-pilot; price=12,95 €; dan=3126480",dm-pilot-produkte.csv
4001638590679,"Baby Gesichtscreme Calendula, parfümfrei, 50 ml",WELEDA baby,baby_kind,baby_0_36m,creme,DE,yes,,,yes,dm-fragranceFree,,,dm-category-heuristic,,,https://www.dm.de/applink/p/d/3092396/weleda-baby-baby-gesichtscreme-calendula-parfuemfrei?appPageType=productdetails&appProductId=3092396&wt_mc=dm-mcp,2026-09-04,"dm-pilot; price=4,75 €; dan=3092396",dm-pilot-produkte.csv
4001638590402,"Baby Wundschutzcreme Med 3in1 Malve, 50 ml",WELEDA baby,baby_kind,baby_0_36m,creme,DE,yes,,,yes,dm-fragranceFree,,,dm-category-heuristic,,,https://www.dm.de/applink/p/d/3092397/weleda-baby-baby-wundschutzcreme-med-3in1-malve?appPageType=productdetails&appProductId=3092397&wt_mc=dm-mcp,2026-09-04,"dm-pilot; price=8,45 €; dan=3092397",dm-pilot-produkte.csv
4001638530248,"Baby Zauberbalsam Calendula, 25 g",WELEDA baby,baby_kind,baby_0_36m,creme,DE,yes,,,yes,dm-fragranceFree,,,dm-category-heuristic,,,https://www.dm.de/applink/p/d/1662134/weleda-baby-baby-zauberbalsam-calendula?appPageType=productdetails&appProductId=1662134&wt_mc=dm-mcp,2026-09-04,"dm-pilot; price=7,75 €; dan=1662134",dm-pilot-produkte.csv
4001638590235,"Calendula Wundschutzcreme parfümfrei, 75 ml",WELEDA baby,baby_kind,baby_0_36m,creme,DE,yes,,,yes,dm-fragranceFree,,,dm-category-heuristic,,,https://www.dm.de/applink/p/d/2486777/weleda-baby-calendula-wundschutzcreme-parfuemfrei?appPageType=productdetails&appProductId=2486777&wt_mc=dm-mcp,2026-09-04,"dm-pilot; price=5,75 €; dan=2486777",dm-pilot-produkte.csv
4001638531146,"Geschenkset Babypflege 4tlg., 1 St",WELEDA baby,baby_kind,baby_0_36m,sonst,DE,yes,,,yes,dm-fragranceFree,,,dm-category-heuristic,,,https://www.dm.de/applink/p/d/3096831/weleda-baby-geschenkset-babypflege-4tlg?appPageType=productdetails&appProductId=3096831&wt_mc=dm-mcp,2026-09-04,"dm-pilot; price=24,95 €; dan=3096831",dm-pilot-produkte.csv
4066447911480,"Gesichtscreme Ultra Sensitiv, 50 ml",alverde NATURKOSMETIK,erwachsen_gesicht,erwachsen,basis_spf,DE,yes,,,,dm-fragranceFree,,,,,,https://www.dm.de/applink/p/d/1234685/alverde-naturkosmetik-gesichtscreme-ultra-sensitiv?appPageType=productdetails&appProductId=1234685&wt_mc=dm-mcp,2026-09-04,"dm-pilot; price=3,25 €; dan=1234685",dm-pilot-produkte.csv
4066447786828,"Sonnencreme sensitiv LSF 50, 75 ml",alverde NATURKOSMETIK,erwachsen_gesicht,erwachsen,basis_spf,DE,yes,,,,dm-fragranceFree,,,,,,https://www.dm.de/applink/p/d/1626107/alverde-naturkosmetik-sonnencreme-sensitiv-lsf-50?appPageType=productdetails&appProductId=1626107&wt_mc=dm-mcp,2026-09-04,"dm-pilot; price=5,25 €; dan=1626107",dm-pilot-produkte.csv
4067796306323,"Sonnenfluid Gesicht sensitiv, LSF 30, 50 ml",alverde NATURKOSMETIK,erwachsen_gesicht,erwachsen,basis_spf,DE,yes,,,,dm-fragranceFree,,,,,,https://www.dm.de/applink/p/d/3111453/alverde-naturkosmetik-sonnenfluid-gesicht-sensitiv-lsf-30?appPageType=productdetails&appProductId=3111453&wt_mc=dm-mcp,2026-09-04,"dm-pilot; price=6,25 €; dan=3111453",dm-pilot-produkte.csv
4066447911534,"Waschgel Ultra Sensitiv, 150 ml",alverde NATURKOSMETIK,erwachsen_gesicht,erwachsen,basis_reiniger,DE,yes,,,,dm-fragranceFree,,,,,,https://www.dm.de/applink/p/d/1679668/alverde-naturkosmetik-waschgel-ultra-sensitiv?appPageType=productdetails&appProductId=1679668&wt_mc=dm-mcp,2026-09-04,"dm-pilot; price=3,25 €; dan=1679668",dm-pilot-produkte.csv
4066447888768,"Baby Bad & Shampoo ultra sensitive, 250 ml",babylove,baby_kind,baby_0_36m,sonst,DE,yes,,,yes,dm-fragranceFree,,,dm-category-heuristic,,,https://www.dm.de/applink/p/d/1318250/babylove-baby-bad-und-shampoo-ultra-sensitive?appPageType=productdetails&appProductId=1318250&wt_mc=dm-mcp,2026-09-04,"dm-pilot; price=1,45 €; dan=1318250",dm-pilot-produkte.csv
4066447888720,"Baby Körperlotion ultra sensitive, 250 ml",babylove,baby_kind,baby_0_36m,creme,DE,yes,,,yes,dm-fragranceFree,,,dm-category-heuristic,,,https://www.dm.de/applink/p/d/1587543/babylove-baby-koerperlotion-ultra-sensitive?appPageType=productdetails&appProductId=1587543&wt_mc=dm-mcp,2026-09-04,"dm-pilot; price=2,45 €; dan=1587543",dm-pilot-produkte.csv
4066447888706,"Baby Pflegemilch leicht sensitive, 250 ml",babylove,baby_kind,baby_0_36m,creme,DE,,,,yes,,,,dm-category-heuristic,,,https://www.dm.de/applink/p/d/1446986/babylove-baby-pflegemilch-leicht-sensitive?appPageType=productdetails&appProductId=1446986&wt_mc=dm-mcp,2026-09-04,"dm-pilot; price=1,45 €; dan=1446986",dm-pilot-produkte.csv
4070765061543,"Milchpulver-Portinierer, 1 St",babylove,baby_kind,baby_0_36m,sonst,DE,,,,yes,,,,dm-category-heuristic,,,https://www.dm.de/applink/p/d/1586117/babylove-milchpulver-portinierer?appPageType=productdetails&appProductId=1586117&wt_mc=dm-mcp,2026-09-04,"dm-pilot; price=2,95 €; dan=1586117",dm-pilot-produkte.csv
4067796258059,"Sonnencreme Baby sensitiv, LSF 50+, 75 ml",babylove,baby_kind,baby_0_36m,creme,DE,yes,,,yes,dm-fragranceFree,,,dm-category-heuristic,,,https://www.dm.de/applink/p/d/3042952/babylove-sonnencreme-baby-sensitiv-lsf-50?appPageType=productdetails&appProductId=3042952&wt_mc=dm-mcp,2026-09-04,"dm-pilot; price=3,95 €; dan=3042952",dm-pilot-produkte.csv
4066447888829,"Waschbalsam Kopf bis Fuß ultra sensitive, 500 ml",babylove,baby_kind,baby_0_36m,sonst,DE,yes,,,yes,dm-fragranceFree,,,dm-category-heuristic,,,https://www.dm.de/applink/p/d/1700604/babylove-waschbalsam-kopf-bis-fuss-ultra-sensitive?appPageType=productdetails&appProductId=1700604&wt_mc=dm-mcp,2026-09-04,"dm-pilot; price=1,95 €; dan=1700604",dm-pilot-produkte.csv
4066447890808,"Wundschutzcreme ultra sensitive, 75 ml",babylove,baby_kind,baby_0_36m,creme,DE,yes,,,yes,dm-fragranceFree,,,dm-category-heuristic,,,https://www.dm.de/applink/p/d/1458998/babylove-wundschutzcreme-ultra-sensitive?appPageType=productdetails&appProductId=1458998&wt_mc=dm-mcp,2026-09-04,"dm-pilot; price=1,45 €; dan=1458998",dm-pilot-produkte.csv
4067796017090,"Kürbis pur ab dem 5. Monat, 125 g",dmBio,baby_kind,baby_0_36m,sonst,DE,,,,yes,,,,dm-category-heuristic,,,https://www.dm.de/applink/p/d/1477385/dmbio-kuerbis-pur-ab-dem-5-monat?appPageType=productdetails&appProductId=1477385&wt_mc=dm-mcp,2026-09-04,"dm-pilot; price=0,75 €; dan=1477385",dm-pilot-produkte.csv
609332811799,"Fixing Spray Power Grip Rose, 80 ml",e.l.f. Cosmetics,erwachsen_gesicht,erwachsen,basis_creme,DE,yes,,,,dm-fragranceFree,,,,,,https://www.dm.de/applink/p/d/3137263/e-l-f-cosmetics-fixing-spray-power-grip-rose?appPageType=productdetails&appProductId=3137263&wt_mc=dm-mcp,2026-09-04,"dm-pilot; price=9,95 €; dan=3137263",dm-pilot-produkte.csv
4059729585462,"Gel Nagellack 06 Happily Ever After, 8 ml",essence,erwachsen_gesicht,erwachsen,basis_creme,DE,yes,,,,dm-fragranceFree,,,,,,https://www.dm.de/applink/p/d/3116758/essence-gel-nagellack-06-happily-ever-after?appPageType=productdetails&appProductId=3116758&wt_mc=dm-mcp,2026-09-04,"dm-pilot; price=1,75 €; dan=3116758",dm-pilot-produkte.csv
4059729585479,"Gel Nagellack 07 Fairy Floss, 8 ml",essence,erwachsen_gesicht,erwachsen,basis_creme,DE,yes,,,,dm-fragranceFree,,,,,,https://www.dm.de/applink/p/d/3116784/essence-gel-nagellack-07-fairy-floss?appPageType=productdetails&appProductId=3116784&wt_mc=dm-mcp,2026-09-04,"dm-pilot; price=1,75 €; dan=3116784",dm-pilot-produkte.csv
4059729585486,"Gel Nagellack 08 The Final Rose, 8 ml",essence,erwachsen_gesicht,erwachsen,basis_creme,DE,yes,,,,dm-fragranceFree,,,,,,https://www.dm.de/applink/p/d/3116805/essence-gel-nagellack-08-the-final-rose?appPageType=productdetails&appProductId=3116805&wt_mc=dm-mcp,2026-09-04,"dm-pilot; price=1,75 €; dan=3116805",dm-pilot-produkte.csv
4059729585578,"Gel Nagellack 17 Faux Pearl, 8 ml",essence,erwachsen_gesicht,erwachsen,basis_creme,DE,yes,,,,dm-fragranceFree,,,,,,https://www.dm.de/applink/p/d/3116777/essence-gel-nagellack-17-faux-pearl?appPageType=productdetails&appProductId=3116777&wt_mc=dm-mcp,2026-09-04,"dm-pilot; price=1,75 €; dan=3116777",dm-pilot-produkte.csv
4059729636331,"UV Gel Nagellack Easy Off 104 Rosy Rose, 5 ml",essence,erwachsen_gesicht,erwachsen,basis_creme,DE,yes,,,,dm-fragranceFree,,,,,,https://www.dm.de/applink/p/d/3149043/essence-uv-gel-nagellack-easy-off-104-rosy-rose?appPageType=productdetails&appProductId=3149043&wt_mc=dm-mcp,2026-09-04,"dm-pilot; price=2,95 €; dan=3149043",dm-pilot-produkte.csv
4059729619303,"UV Gel Nagellack UV Gel Easy Off 09 Lady In Red, 5 ml",essence,erwachsen_gesicht,erwachsen,basis_creme,DE,yes,,,,dm-fragranceFree,,,,,,https://www.dm.de/applink/p/d/3150126/essence-uv-gel-nagellack-uv-gel-easy-off-09-lady-in-red?appPageType=productdetails&appProductId=3150126&wt_mc=dm-mcp,2026-09-04,"dm-pilot; price=2,95 €; dan=3150126",dm-pilot-produkte.csv
4070765030440,"Gesichtscreme hautverfeinernd LSF 50+, 50 ml",hautsache,erwachsen_gesicht,erwachsen,basis_spf,DE,yes,,,,dm-fragranceFree,,,,,,https://www.dm.de/applink/p/d/2479795/hautsache-gesichtscreme-hautverfeinernd-lsf-50?appPageType=productdetails&appProductId=2479795&wt_mc=dm-mcp,2026-09-04,"dm-pilot; price=8,95 €; dan=2479795",dm-pilot-produkte.csv
4067796173819,"Reinigungsöl, 100 ml",hautsache,erwachsen_gesicht,erwachsen,basis_reiniger,DE,yes,,,,dm-fragranceFree,,,,,,https://www.dm.de/applink/p/d/2479800/hautsache-reinigungsoel?appPageType=productdetails&appProductId=2479800&wt_mc=dm-mcp,2026-09-04,"dm-pilot; price=4,95 €; dan=2479800",dm-pilot-produkte.csv
5999862080204,"Gesichtsserum 10% Azelaic Acid, 30 ml",nerds.,erwachsen_gesicht,erwachsen,basis_spf,DE,yes,,,,dm-fragranceFree,,,,,,https://www.dm.de/applink/p/d/3125400/nerds-gesichtsserum-10-prozent-azelaic-acid?appPageType=productdetails&appProductId=3125400&wt_mc=dm-mcp,2026-09-04,"dm-pilot; price=13,85 €; dan=3125400",dm-pilot-produkte.csv
