"brand","listing_url","region","categories","source_url","retrieved_date"
"#NEWGEN","https://www.crueltyfreeinternational.org/approved-brands/listing/newgen/","Africa & The Middle East; Asia; Europe","Cosmetic and Personal Care Products: Body | Face | Fragrance and Aromatherapy | Hair Care","https://www.crueltyfreeinternational.org/approved-brands/","2026-09-04"
"17","https://www.crueltyfreeinternational.org/approved-brands/listing/17-2/","Europe","Cosmetic and Personal Care Products: Face | Makeup","https://www.crueltyfreeinternational.org/approved-brands/","2026-09-04"
"7th Heaven","https://www.crueltyfreeinternational.org/approved-brands/listing/7th-heaven/","","Cosmetic and Personal Care Products: Babies & Children | Body | Face | Hair Care","https://www.crueltyfreeinternational.org/approved-brands/","2026-09-04"
"A Little Something","https://www.crueltyfreeinternational.org/approved-brands/listing/a-little-something/","Europe","","https://www.crueltyfreeinternational.org/approved-brands/","2026-09-04"
"Abundant Natural Health","https://www.crueltyfreeinternational.org/approved-brands/listing/abundant-natural-health/","Australia & New Zealand; USA & Canada","Cosmetic and Personal Care Products: Babies & Children | Body | Hair Care","https://www.crueltyfreeinternational.org/approved-brands/","2026-09-04"
"Academy of Colour","https://www.crueltyfreeinternational.org/approved-brands/listing/academy-of-colour/","Europe","Cosmetic and Personal Care Products: Face | Fragrance and Aromatherapy | Hair Care | Makeup","https://www.crueltyfreeinternational.org/approved-brands/","2026-09-04"
"Adaptology","https://www.crueltyfreeinternational.org/approved-brands/listing/adaptology/","","Cosmetic and Personal Care Products: Face","https://www.crueltyfreeinternational.org/approved-brands/","2026-09-04"
"Addition Studio","https://www.crueltyfreeinternational.org/approved-brands/listing/addition-studio/","Australia & New Zealand; USA & Canada","Cosmetic and Personal Care Products: Body | Face | Fragrance and Aromatherapy","https://www.crueltyfreeinternational.org/approved-brands/","2026-09-04"
"Aesop","https://www.crueltyfreeinternational.org/approved-brands/listing/aesop/","","Cosmetic and Personal Care Products: Body | Face | Fragrance and Aromatherapy | Hair Care | Makeup","https://www.crueltyfreeinternational.org/approved-brands/","2026-09-04"
"Aldi","https://www.crueltyfreeinternational.org/approved-brands/listing/aldi-uk/","Europe","Cosmetic and Personal Care Products: Babies & Children | Body | Face | Fragrance and Aromatherapy | Hair Care | Makeup; Household & Cleaning Products: Household Cleaning | Home Fragrance / Air Care | Laundry | Car Care","https://www.crueltyfreeinternational.org/approved-brands/","2026-09-04"
"Almora Botanica","https://www.crueltyfreeinternational.org/approved-brands/listing/almora-botanica/","Europe","Cosmetic and Personal Care Products: Body | Face","https://www.crueltyfreeinternational.org/approved-brands/","2026-09-04"
"Alter/Native by Suma","https://www.crueltyfreeinternational.org/approved-brands/listing/alter-native-by-suma/","","Cosmetic and Personal Care Products: Body; Household & Cleaning Products: Household Cleaning | Home Fragrance / Air Care | Laundry | Car Care","https://www.crueltyfreeinternational.org/approved-brands/","2026-09-04"
"Alucia Organics","https://www.crueltyfreeinternational.org/approved-brands/listing/alucia-organics/","Europe","Cosmetic and Personal Care Products: Face","https://www.crueltyfreeinternational.org/approved-brands/","2026-09-04"
"Amarás","https://www.crueltyfreeinternational.org/approved-brands/listing/amaras/","South & Central America","Cosmetic and Personal Care Products: Hair Care","https://www.crueltyfreeinternational.org/approved-brands/","2026-09-04"
"Anara Skincare","https://www.crueltyfreeinternational.org/approved-brands/listing/anara-skincare/","Europe","Cosmetic and Personal Care Products: Body | Face | Makeup","https://www.crueltyfreeinternational.org/approved-brands/","2026-09-04"
"Anko","https://www.crueltyfreeinternational.org/approved-brands/listing/anko/","Australia & New Zealand","Cosmetic and Personal Care Products: Body | Face | Fragrance and Aromatherapy | Hair Care | Makeup","https://www.crueltyfreeinternational.org/approved-brands/","2026-09-04"
"Aqua Natural","https://www.crueltyfreeinternational.org/approved-brands/listing/aqua-natural/","Europe","Cosmetic and Personal Care Products: Body","https://www.crueltyfreeinternational.org/approved-brands/","2026-09-04"
"Ar Ocean","https://www.crueltyfreeinternational.org/approved-brands/listing/ar-ocean/","Europe","Cosmetic and Personal Care Products: Babies & Children | Body | Face | Fragrance and Aromatherapy | Hair Care; Household & Cleaning Products: Household Cleaning | Home Fragrance / Air Care | Laundry | Car Care","https://www.crueltyfreeinternational.org/approved-brands/","2026-09-04"
"AREU AREU","https://www.crueltyfreeinternational.org/approved-brands/listing/aeru-aeru/","Asia","Cosmetic and Personal Care Products: Babies & Children | Body | Face | Fragrance and Aromatherapy | Hair Care | Makeup; Household & Cleaning Products: Household Cleaning | Home Fragrance / Air Care | Laundry","https://www.crueltyfreeinternational.org/approved-brands/","2026-09-04"
"Argital","https://www.crueltyfreeinternational.org/approved-brands/listing/argital/","Asia; Europe","Cosmetic and Personal Care Products: Babies & Children | Body | Face | Fragrance and Aromatherapy | Hair Care; Household & Cleaning Products: Household Cleaning; Companion Animal Products: Grooming & Fragrance | Home Cleaning","https://www.crueltyfreeinternational.org/approved-brands/","2026-09-04"
"Arithmos","https://www.crueltyfreeinternational.org/approved-brands/listing/arithmos/","Asia; Australia & New Zealand; Europe; USA & Canada","Cosmetic and Personal Care Products: Body","https://www.crueltyfreeinternational.org/approved-brands/?_page=2&num=20&sort=","2026-09-04"
"ARKIVE","https://www.crueltyfreeinternational.org/approved-brands/listing/arkive/","Australia & New Zealand; Europe; USA & Canada","Cosmetic and Personal Care Products: Hair Care","https://www.crueltyfreeinternational.org/approved-brands/?_page=2&num=20&sort=","2026-09-04"
"Aromatherapy Associates","https://www.crueltyfreeinternational.org/approved-brands/listing/aromatherapy-associates/","Africa & The Middle East; Asia; Australia & New Zealand; Europe; South & Central America; USA & Canada","Cosmetic and Personal Care Products: Body | Face | Fragrance and Aromatherapy | Hair Care","https://www.crueltyfreeinternational.org/approved-brands/?_page=2&num=20&sort=","2026-09-04"
"Asperox","https://www.crueltyfreeinternational.org/approved-brands/listing/asperox/","Africa & The Middle East; Asia; Australia & New Zealand; Europe; South & Central America; USA & Canada","Household & Cleaning Products: Household Cleaning","https://www.crueltyfreeinternational.org/approved-brands/?_page=2&num=20&sort=","2026-09-04"
"Asperox-Sparx","https://www.crueltyfreeinternational.org/approved-brands/listing/asperox-sparx/","Africa & The Middle East; Asia; Australia & New Zealand; Europe; South & Central America; USA & Canada","Household & Cleaning Products: Household Cleaning","https://www.crueltyfreeinternational.org/approved-brands/?_page=2&num=20&sort=","2026-09-04"
"Astonish","https://www.crueltyfreeinternational.org/approved-brands/listing/astonish/","Africa & The Middle East; Asia; Australia & New Zealand; Europe; South & Central America; USA & Canada","Cosmetic and Personal Care Products: Babies & Children | Body | Hair Care; Household & Cleaning Products: Household Cleaning | Laundry","https://www.crueltyfreeinternational.org/approved-brands/?_page=2&num=20&sort=","2026-09-04"
"Atelier Rebul","https://www.crueltyfreeinternational.org/approved-brands/listing/atelier-rebul/","Africa & The Middle East; Asia; Europe","Cosmetic and Personal Care Products: Body | Face | Fragrance and Aromatherapy | Hair Care","https://www.crueltyfreeinternational.org/approved-brands/?_page=2&num=20&sort=","2026-09-04"
"atikha","https://www.crueltyfreeinternational.org/approved-brands/listing/atikha/","South & Central America","Cosmetic and Personal Care Products: Hair Care","https://www.crueltyfreeinternational.org/approved-brands/?_page=2&num=20&sort=","2026-09-04"
"Aurelia London","https://www.crueltyfreeinternational.org/approved-brands/listing/aurelia-probiotic-skincare/","","Cosmetic and Personal Care Products: Babies & Children | Body | Face; Household & Cleaning Products: Home Fragrance / Air Care","https://www.crueltyfreeinternational.org/approved-brands/?_page=2&num=20&sort=","2026-09-04"
"Aveda","https://www.crueltyfreeinternational.org/approved-brands/listing/aveda/","","Cosmetic and Personal Care Products: Body | Face | Fragrance and Aromatherapy | Hair Care | Makeup","https://www.crueltyfreeinternational.org/approved-brands/?_page=2&num=20&sort=","2026-09-04"
"Avon","https://www.crueltyfreeinternational.org/approved-brands/listing/avon/","Africa & The Middle East; Asia; Europe; South & Central America","Cosmetic and Personal Care Products: Babies & Children | Body | Face | Fragrance and Aromatherapy | Hair Care | Makeup","https://www.crueltyfreeinternational.org/approved-brands/?_page=2&num=20&sort=","2026-09-04"
"Awake Organics","https://www.crueltyfreeinternational.org/approved-brands/listing/awake-organics/","Africa & The Middle East; Asia; Australia & New Zealand; Europe; South & Central America; USA & Canada","Cosmetic and Personal Care Products: Body | Face | Fragrance and Aromatherapy","https://www.crueltyfreeinternational.org/approved-brands/?_page=2&num=20&sort=","2026-09-04"
"B Skincare","https://www.crueltyfreeinternational.org/approved-brands/listing/b-skincare-2/","Europe","Cosmetic and Personal Care Products: Babies & Children | Body | Face","https://www.crueltyfreeinternational.org/approved-brands/?_page=2&num=20&sort=","2026-09-04"
"B.O.B.","https://www.crueltyfreeinternational.org/approved-brands/listing/bars-over-bottles/","Europe; South & Central America","Cosmetic and Personal Care Products: Body | Face | Hair Care | Makeup","https://www.crueltyfreeinternational.org/approved-brands/?_page=2&num=20&sort=","2026-09-04"
"Bakel srl","https://www.crueltyfreeinternational.org/approved-brands/listing/bakel-srl/","Asia; Europe; USA & Canada","Cosmetic and Personal Care Products: Body | Face; Companion Animal Products: Grooming & Fragrance","https://www.crueltyfreeinternational.org/approved-brands/?_page=2&num=20&sort=","2026-09-04"
"Bali Body","https://www.crueltyfreeinternational.org/approved-brands/listing/bali-body/","Africa & The Middle East; Asia; Australia & New Zealand; Europe; South & Central America; USA & Canada","Cosmetic and Personal Care Products: Body | Face | Makeup","https://www.crueltyfreeinternational.org/approved-brands/?_page=2&num=20&sort=","2026-09-04"
"Balm Balm","https://www.crueltyfreeinternational.org/approved-brands/listing/balm-balm/","Australia & New Zealand; USA & Canada","Cosmetic and Personal Care Products: Babies & Children | Body | Face | Fragrance and Aromatherapy | Hair Care","https://www.crueltyfreeinternational.org/approved-brands/?_page=2&num=20&sort=","2026-09-04"
"Batch","https://www.crueltyfreeinternational.org/approved-brands/listing/batch/","Europe","Cosmetic and Personal Care Products: Body","https://www.crueltyfreeinternational.org/approved-brands/?_page=2&num=20&sort=","2026-09-04"
"Bath House","https://www.crueltyfreeinternational.org/approved-brands/listing/the-bath-house/","Europe","Cosmetic and Personal Care Products: Body | Face | Fragrance and Aromatherapy","https://www.crueltyfreeinternational.org/approved-brands/?_page=2&num=20&sort=","2026-09-04"
"Beautiful Brows & Lashes","https://www.crueltyfreeinternational.org/approved-brands/listing/beautiful-brows-lashes/","Europe","Cosmetic and Personal Care Products: Face | Makeup","https://www.crueltyfreeinternational.org/approved-brands/?_page=2&num=20&sort=","2026-09-04"
"Beauty Favours","https://www.crueltyfreeinternational.org/approved-brands/listing/beauty-favours/","Africa & The Middle East; Asia; Australia & New Zealand; Europe; South & Central America; USA & Canada","Cosmetic and Personal Care Products: Face | Hair Care","https://www.crueltyfreeinternational.org/approved-brands/?_page=3&num=20&sort=","2026-09-04"
"Beauty Kitchen","https://www.crueltyfreeinternational.org/approved-brands/listing/beauty-kitchen/","Africa & The Middle East; Asia; Australia & New Zealand; Europe; South & Central America; USA & Canada","Cosmetic and Personal Care Products: Body | Face | Fragrance and Aromatherapy | Hair Care | Makeup","https://www.crueltyfreeinternational.org/approved-brands/?_page=3&num=20&sort=","2026-09-04"
"Beauty Without Cruelty","https://www.crueltyfreeinternational.org/approved-brands/listing/beauty-without-cruelty/","Europe","Cosmetic and Personal Care Products: Body | Makeup","https://www.crueltyfreeinternational.org/approved-brands/?_page=3&num=20&sort=","2026-09-04"
"Bed intentions","https://www.crueltyfreeinternational.org/approved-brands/listing/bed-intentions/","Australia & New Zealand","Cosmetic and Personal Care Products: Body","https://www.crueltyfreeinternational.org/approved-brands/?_page=3&num=20&sort=","2026-09-04"
"Being","https://www.crueltyfreeinternational.org/approved-brands/listing/being/","Australia & New Zealand; Europe; USA & Canada","Cosmetic and Personal Care Products: Hair Care","https://www.crueltyfreeinternational.org/approved-brands/?_page=3&num=20&sort=","2026-09-04"
"Bel Rebel","https://www.crueltyfreeinternational.org/approved-brands/listing/bel-rebel/","Europe","Cosmetic and Personal Care Products: Fragrance and Aromatherapy","https://www.crueltyfreeinternational.org/approved-brands/?_page=3&num=20&sort=","2026-09-04"
"Bellapierre Cosmetics","https://www.crueltyfreeinternational.org/approved-brands/listing/bellapierre-cosmetics/","Africa & The Middle East; Asia; Australia & New Zealand; Europe; South & Central America; USA & Canada","Cosmetic and Personal Care Products: Makeup","https://www.crueltyfreeinternational.org/approved-brands/?_page=3&num=20&sort=","2026-09-04"
"Benefit","https://www.crueltyfreeinternational.org/approved-brands/listing/benefit/","Africa & The Middle East; Asia; Australia & New Zealand; Europe; South & Central America; USA & Canada","Cosmetic and Personal Care Products: Face | Makeup; Companion Animal Products: Grooming & Fragrance","https://www.crueltyfreeinternational.org/approved-brands/?_page=3&num=20&sort=","2026-09-04"
"Bio-D","https://www.crueltyfreeinternational.org/approved-brands/listing/bio-d/","Asia; Europe","Cosmetic and Personal Care Products: Babies & Children | Body | Hair Care; Household & Cleaning Products: Household Cleaning | Home Fragrance / Air Care | Laundry | Car Care; Companion Animal Products: Home Cleaning","https://www.crueltyfreeinternational.org/approved-brands/?_page=3&num=20&sort=","2026-09-04"
"BioHygiene","https://www.crueltyfreeinternational.org/approved-brands/listing/bio-hygiene/","Europe","Household & Cleaning Products: Household Cleaning | Home Fragrance / Air Care | Laundry","https://www.crueltyfreeinternational.org/approved-brands/?_page=3&num=20&sort=","2026-09-04"
"Biolage","https://www.crueltyfreeinternational.org/approved-brands/listing/biolage/","Asia; Europe; USA & Canada","","https://www.crueltyfreeinternational.org/approved-brands/?_page=3&num=20&sort=","2026-09-04"
"bioLEON","https://www.crueltyfreeinternational.org/approved-brands/listing/bioleon/","Europe","Cosmetic and Personal Care Products: Body | Face | Fragrance and Aromatherapy | Hair Care","https://www.crueltyfreeinternational.org/approved-brands/?_page=3&num=20&sort=","2026-09-04"
"Biolet","https://www.crueltyfreeinternational.org/approved-brands/listing/biolet/","","Cosmetic and Personal Care Products: Body | Face | Hair Care","https://www.crueltyfreeinternational.org/approved-brands/?_page=3&num=20&sort=","2026-09-04"
"Biologi","https://www.crueltyfreeinternational.org/approved-brands/listing/biologi/","Asia; Australia & New Zealand; Europe; USA & Canada","Cosmetic and Personal Care Products: Face","https://www.crueltyfreeinternational.org/approved-brands/?_page=3&num=20&sort=","2026-09-04"
"Blur London","https://www.crueltyfreeinternational.org/approved-brands/listing/blur-london-2/","Africa & The Middle East; Asia; Australia & New Zealand; Europe; South & Central America; USA & Canada","Cosmetic and Personal Care Products: Face","https://www.crueltyfreeinternational.org/approved-brands/?_page=3&num=20&sort=","2026-09-04"
"BMT","https://www.crueltyfreeinternational.org/approved-brands/listing/bmt/","","Cosmetic and Personal Care Products: Body | Face | Hair Care","https://www.crueltyfreeinternational.org/approved-brands/?_page=3&num=20&sort=","2026-09-04"
"Boots","https://www.crueltyfreeinternational.org/approved-brands/listing/boots-2/","Asia; Europe","Cosmetic and Personal Care Products: Babies & Children | Body | Face | Fragrance and Aromatherapy | Hair Care | Makeup; Household & Cleaning Products: Household Cleaning | Home Fragrance / Air Care | Laundry","https://www.crueltyfreeinternational.org/approved-brands/?_page=3&num=20&sort=","2026-09-04"
"Botanica Slavica","https://www.crueltyfreeinternational.org/approved-brands/listing/botanica-slavica/","Europe","Cosmetic and Personal Care Products: Babies & Children | Body | Face | Hair Care | Makeup","https://www.crueltyfreeinternational.org/approved-brands/?_page=3&num=20&sort=","2026-09-04"
"Botanico Vida Skincare","https://www.crueltyfreeinternational.org/approved-brands/listing/botanico-vida-skincare/","Europe","Cosmetic and Personal Care Products: Body","https://www.crueltyfreeinternational.org/approved-brands/?_page=3&num=20&sort=","2026-09-04"
"Botanics","https://www.crueltyfreeinternational.org/approved-brands/listing/botanics/","","Cosmetic and Personal Care Products: Body | Face | Fragrance and Aromatherapy | Hair Care | Makeup","https://www.crueltyfreeinternational.org/approved-brands/?_page=3&num=20&sort=","2026-09-04"
"Boucleme","https://www.crueltyfreeinternational.org/approved-brands/listing/boucleme/","Africa & The Middle East; Asia; Australia & New Zealand; Europe; South & Central America; USA & Canada","Cosmetic and Personal Care Products: Hair Care","https://www.crueltyfreeinternational.org/approved-brands/?_page=4&num=20&sort=","2026-09-04"
"Boundary","https://www.crueltyfreeinternational.org/approved-brands/listing/boundary/","Asia","Cosmetic and Personal Care Products: Body | Fragrance and Aromatherapy | Hair Care","https://www.crueltyfreeinternational.org/approved-brands/?_page=4&num=20&sort=","2026-09-04"
"BRAVE.NEW.HAIR., BRAVE.NEW.CARE.","https://www.crueltyfreeinternational.org/approved-brands/listing/brave-new-hair-2/","Europe","Cosmetic and Personal Care Products: Body | Hair Care","https://www.crueltyfreeinternational.org/approved-brands/?_page=4&num=20&sort=","2026-09-04"
"Bulldog Skincare","https://www.crueltyfreeinternational.org/approved-brands/listing/bull-dog/","Asia; Europe; South & Central America","Cosmetic and Personal Care Products: Body","https://www.crueltyfreeinternational.org/approved-brands/?_page=4&num=20&sort=","2026-09-04"
"By Sarah London","https://www.crueltyfreeinternational.org/approved-brands/listing/by-sarah-london-2/","Africa & The Middle East; Australia & New Zealand; Europe; USA & Canada","Cosmetic and Personal Care Products: Body | Face","https://www.crueltyfreeinternational.org/approved-brands/?_page=4&num=20&sort=","2026-09-04"
"Byellie","https://www.crueltyfreeinternational.org/approved-brands/listing/by-ellie/","Europe; South & Central America","Cosmetic and Personal Care Products: Face | Makeup","https://www.crueltyfreeinternational.org/approved-brands/?_page=4&num=20&sort=","2026-09-04"
"BYK Beauty","https://www.crueltyfreeinternational.org/approved-brands/listing/byk-beauty/","Europe","Cosmetic and Personal Care Products: Body","https://www.crueltyfreeinternational.org/approved-brands/?_page=4&num=20&sort=","2026-09-04"
"Byron Bay Skincare","https://www.crueltyfreeinternational.org/approved-brands/listing/byron-bay-skincare-2/","Africa & The Middle East; Asia; Australia & New Zealand; Europe; USA & Canada","Cosmetic and Personal Care Products: Babies & Children | Body | Face | Fragrance and Aromatherapy | Hair Care","https://www.crueltyfreeinternational.org/approved-brands/?_page=4&num=20&sort=","2026-09-04"
"Callen Olive","https://www.crueltyfreeinternational.org/approved-brands/listing/callen-olive/","Europe","","https://www.crueltyfreeinternational.org/approved-brands/?_page=4&num=20&sort=","2026-09-04"
"Cellis","https://www.crueltyfreeinternational.org/approved-brands/listing/cellis/","Europe","Cosmetic and Personal Care Products: Face","https://www.crueltyfreeinternational.org/approved-brands/?_page=4&num=20&sort=","2026-09-04"
"CELUI by Anisa Sojka","https://www.crueltyfreeinternational.org/approved-brands/listing/celui/","","Cosmetic and Personal Care Products: Hair Care","https://www.crueltyfreeinternational.org/approved-brands/?_page=4&num=20&sort=","2026-09-04"
"Cenoura & Bronze","https://www.crueltyfreeinternational.org/approved-brands/listing/coty-cenoura-bronze/","South & Central America","Cosmetic and Personal Care Products: Body | Face","https://www.crueltyfreeinternational.org/approved-brands/?_page=4&num=20&sort=","2026-09-04"
"Cherish","https://www.crueltyfreeinternational.org/approved-brands/listing/cherish/","Europe","Cosmetic and Personal Care Products: Babies & Children | Body | Face","https://www.crueltyfreeinternational.org/approved-brands/?_page=4&num=20&sort=","2026-09-04"
"Childs Farm","https://www.crueltyfreeinternational.org/approved-brands/listing/childs-farm/","Africa & The Middle East; Asia; Australia & New Zealand; Europe","Cosmetic and Personal Care Products: Babies & Children | Body","https://www.crueltyfreeinternational.org/approved-brands/?_page=4&num=20&sort=","2026-09-04"
"Cien","https://www.crueltyfreeinternational.org/approved-brands/listing/cien/","Europe","Cosmetic and Personal Care Products: Babies & Children | Body | Face | Fragrance and Aromatherapy | Hair Care; Household & Cleaning Products: Household Cleaning | Home Fragrance / Air Care | Laundry | Car Care","https://www.crueltyfreeinternational.org/approved-brands/?_page=4&num=20&sort=","2026-09-04"
"Clemence Organics","https://www.crueltyfreeinternational.org/approved-brands/listing/clemence-organics/","Africa & The Middle East; Asia; Australia & New Zealand; Europe; South & Central America; USA & Canada","Cosmetic and Personal Care Products: Body | Face","https://www.crueltyfreeinternational.org/approved-brands/?_page=4&num=20&sort=","2026-09-04"
"Co-op","https://www.crueltyfreeinternational.org/approved-brands/listing/the-co-op/","Europe","Cosmetic and Personal Care Products: Babies & Children | Body | Face | Hair Care; Household & Cleaning Products: Household Cleaning | Home Fragrance / Air Care","https://www.crueltyfreeinternational.org/approved-brands/?_page=4&num=20&sort=","2026-09-04"
"Coco and Lola","https://www.crueltyfreeinternational.org/approved-brands/listing/coco-and-lola/","Australia & New Zealand; Europe","Household & Cleaning Products: Household Cleaning","https://www.crueltyfreeinternational.org/approved-brands/?_page=4&num=20&sort=","2026-09-04"
"Copper & Black","https://www.crueltyfreeinternational.org/approved-brands/listing/copper-and-black/","Europe","Cosmetic and Personal Care Products: Babies & Children | Body | Face | Fragrance and Aromatherapy | Hair Care | Makeup","https://www.crueltyfreeinternational.org/approved-brands/?_page=4&num=20&sort=","2026-09-04"
"COVERGIRL","https://www.crueltyfreeinternational.org/approved-brands/listing/covergirl/","Australia & New Zealand; Europe; South & Central America","Cosmetic and Personal Care Products: Face | Makeup","https://www.crueltyfreeinternational.org/approved-brands/?_page=4&num=20&sort=","2026-09-04"
"Cowshed","https://www.crueltyfreeinternational.org/approved-brands/listing/cowshed/","Australia & New Zealand; Europe; USA & Canada","Cosmetic and Personal Care Products: Babies & Children; Household & Cleaning Products: Home Fragrance / Air Care","https://www.crueltyfreeinternational.org/approved-brands/?_page=5&num=20&sort=","2026-09-04"
"COZIUM","https://www.crueltyfreeinternational.org/approved-brands/listing/cozium/","Europe","Cosmetic and Personal Care Products: Face","https://www.crueltyfreeinternational.org/approved-brands/?_page=5&num=20&sort=","2026-09-04"
"CRANBOURN","https://www.crueltyfreeinternational.org/approved-brands/listing/cranbourn/","Australia & New Zealand; Europe; USA & Canada","Household & Cleaning Products: Household Cleaning | Home Fragrance / Air Care | Laundry","https://www.crueltyfreeinternational.org/approved-brands/?_page=5&num=20&sort=","2026-09-04"
"Cult Candy Cosmetics","https://www.crueltyfreeinternational.org/approved-brands/listing/cult-candy-cosmetics/","Europe","Cosmetic and Personal Care Products: Face | Makeup","https://www.crueltyfreeinternational.org/approved-brands/?_page=5&num=20&sort=","2026-09-04"
"Cultivator Natural Products","https://www.crueltyfreeinternational.org/approved-brands/listing/cultivator-natural-products/","Africa & The Middle East; Europe; USA & Canada","Cosmetic and Personal Care Products: Body | Face | Hair Care","https://www.crueltyfreeinternational.org/approved-brands/?_page=5&num=20&sort=","2026-09-04"
"Cultured","https://www.crueltyfreeinternational.org/approved-brands/listing/cultured-biomecare/","Australia & New Zealand; Europe; USA & Canada","Cosmetic and Personal Care Products: Face","https://www.crueltyfreeinternational.org/approved-brands/?_page=5&num=20&sort=","2026-09-04"
"Curl Jar","https://www.crueltyfreeinternational.org/approved-brands/listing/curl-jar/","Europe","Cosmetic and Personal Care Products: Hair Care","https://www.crueltyfreeinternational.org/approved-brands/?_page=5&num=20&sort=","2026-09-04"
"CYCLE","https://www.crueltyfreeinternational.org/approved-brands/listing/cycle/","Europe","Household & Cleaning Products: Household Cleaning | Home Fragrance / Air Care","https://www.crueltyfreeinternational.org/approved-brands/?_page=5&num=20&sort=","2026-09-04"
"Cyzone","https://www.crueltyfreeinternational.org/approved-brands/listing/cyzone/","South & Central America; USA & Canada","Cosmetic and Personal Care Products: Babies & Children | Body | Face | Fragrance and Aromatherapy | Hair Care | Makeup","https://www.crueltyfreeinternational.org/approved-brands/?_page=5&num=20&sort=","2026-09-04"
"D'las","https://www.crueltyfreeinternational.org/approved-brands/listing/d-las/","","Cosmetic and Personal Care Products: Body | Face | Fragrance and Aromatherapy | Hair Care","https://www.crueltyfreeinternational.org/approved-brands/?_page=5&num=20&sort=","2026-09-04"
"Daise","https://www.crueltyfreeinternational.org/approved-brands/listing/daise/","Australia & New Zealand; Europe; USA & Canada","Cosmetic and Personal Care Products: Body | Face","https://www.crueltyfreeinternational.org/approved-brands/?_page=5&num=20&sort=","2026-09-04"
"Dentalux","https://www.crueltyfreeinternational.org/approved-brands/listing/dentalux/","Europe","Cosmetic and Personal Care Products: Babies & Children | Body | Face | Fragrance and Aromatherapy | Hair Care; Household & Cleaning Products: Household Cleaning | Home Fragrance / Air Care | Laundry | Car Care","https://www.crueltyfreeinternational.org/approved-brands/?_page=5&num=20&sort=","2026-09-04"
"Dermacare","https://www.crueltyfreeinternational.org/approved-brands/listing/dermacare/","South & Central America; USA & Canada","Cosmetic and Personal Care Products: Babies & Children | Body | Face | Hair Care","https://www.crueltyfreeinternational.org/approved-brands/?_page=5&num=20&sort=","2026-09-04"
"Dial","https://www.crueltyfreeinternational.org/approved-brands/listing/dial/","South & Central America; USA & Canada","Cosmetic and Personal Care Products: Babies & Children | Body","https://www.crueltyfreeinternational.org/approved-brands/?_page=5&num=20&sort=","2026-09-04"
"Dianne Caine Australia","https://www.crueltyfreeinternational.org/approved-brands/listing/dianne-caine-australia/","Australia & New Zealand; Europe","Cosmetic and Personal Care Products: Body","https://www.crueltyfreeinternational.org/approved-brands/?_page=5&num=20&sort=","2026-09-04"
"Ditto Balms","https://www.crueltyfreeinternational.org/approved-brands/listing/ditto-balms/","Europe","Cosmetic and Personal Care Products: Fragrance and Aromatherapy","https://www.crueltyfreeinternational.org/approved-brands/?_page=5&num=20&sort=","2026-09-04"
"Doussy","https://www.crueltyfreeinternational.org/approved-brands/listing/doussy/","Europe","Cosmetic and Personal Care Products: Babies & Children | Body | Face | Fragrance and Aromatherapy | Hair Care; Household & Cleaning Products: Household Cleaning | Home Fragrance / Air Care | Laundry | Car Care","https://www.crueltyfreeinternational.org/approved-brands/?_page=5&num=20&sort=","2026-09-04"
"Down to Earth","https://www.crueltyfreeinternational.org/approved-brands/listing/down-to-earth/","Europe","Cosmetic and Personal Care Products: Body | Face","https://www.crueltyfreeinternational.org/approved-brands/?_page=5&num=20&sort=","2026-09-04"
"DR HEALD","https://www.crueltyfreeinternational.org/approved-brands/listing/dr-heald/","","Cosmetic and Personal Care Products: Body | Face | Hair Care","https://www.crueltyfreeinternational.org/approved-brands/?_page=5&num=20&sort=","2026-09-04"
"Dr Jackson's","https://www.crueltyfreeinternational.org/approved-brands/listing/dr-jacksons/","Europe","Cosmetic and Personal Care Products: Body | Face | Fragrance and Aromatherapy","https://www.crueltyfreeinternational.org/approved-brands/?_page=5&num=20&sort=","2026-09-04"
"Dr Sam's","https://www.crueltyfreeinternational.org/approved-brands/listing/dr-sams/","","Cosmetic and Personal Care Products: Body","https://www.crueltyfreeinternational.org/approved-brands/?_page=6&num=20&sort=","2026-09-04"
"DUO","https://www.crueltyfreeinternational.org/approved-brands/listing/duo/","","Cosmetic and Personal Care Products: Body | Face | Hair Care","https://www.crueltyfreeinternational.org/approved-brands/?_page=6&num=20&sort=","2026-09-04"
"Earth Conscious","https://www.crueltyfreeinternational.org/approved-brands/listing/earth-conscious/","Europe","Cosmetic and Personal Care Products: Babies & Children | Body","https://www.crueltyfreeinternational.org/approved-brands/?_page=6&num=20&sort=","2026-09-04"
"Earth Sense","https://www.crueltyfreeinternational.org/approved-brands/listing/earth-sense/","Europe","Cosmetic and Personal Care Products: Body | Face | Hair Care","https://www.crueltyfreeinternational.org/approved-brands/?_page=6&num=20&sort=","2026-09-04"
"Earthy Nail Polish","https://www.crueltyfreeinternational.org/approved-brands/listing/earthy-nail-polish/","Europe","Cosmetic and Personal Care Products: Body","https://www.crueltyfreeinternational.org/approved-brands/?_page=6&num=20&sort=","2026-09-04"
"Ecoleaf by Suma","https://www.crueltyfreeinternational.org/approved-brands/listing/ecoleaf-by-suma/","","Cosmetic and Personal Care Products: Body; Household & Cleaning Products: Household Cleaning | Home Fragrance / Air Care | Laundry | Car Care","https://www.crueltyfreeinternational.org/approved-brands/?_page=6&num=20&sort=","2026-09-04"
"Ecozone","https://www.crueltyfreeinternational.org/approved-brands/listing/ecozone/","Africa & The Middle East; Asia; Australia & New Zealand; Europe","Household & Cleaning Products: Household Cleaning | Home Fragrance / Air Care","https://www.crueltyfreeinternational.org/approved-brands/?_page=6&num=20&sort=","2026-09-04"
"Elegance","https://www.crueltyfreeinternational.org/approved-brands/listing/elegance/","Europe","Cosmetic and Personal Care Products: Babies & Children | Body | Face","https://www.crueltyfreeinternational.org/approved-brands/?_page=6&num=20&sort=","2026-09-04"
"Emma Hardie","https://www.crueltyfreeinternational.org/approved-brands/listing/emma-hardie/","","Cosmetic and Personal Care Products: Body | Face","https://www.crueltyfreeinternational.org/approved-brands/?_page=6&num=20&sort=","2026-09-04"
"Epiderma","https://www.crueltyfreeinternational.org/approved-brands/listing/epiderma/","Africa & The Middle East; Europe","Cosmetic and Personal Care Products: Body | Face | Hair Care","https://www.crueltyfreeinternational.org/approved-brands/?_page=6&num=20&sort=","2026-09-04"
"Esika","https://www.crueltyfreeinternational.org/approved-brands/listing/esika/","South & Central America; USA & Canada","Cosmetic and Personal Care Products: Babies & Children | Body | Face | Fragrance and Aromatherapy | Hair Care | Makeup","https://www.crueltyfreeinternational.org/approved-brands/?_page=6&num=20&sort=","2026-09-04"
"Esspire","https://www.crueltyfreeinternational.org/approved-brands/listing/esspire/","Europe","Cosmetic and Personal Care Products: Body | Hair Care","https://www.crueltyfreeinternational.org/approved-brands/?_page=6&num=20&sort=","2026-09-04"
"Eternal Skincare","https://www.crueltyfreeinternational.org/approved-brands/listing/eternal-skincare/","Europe","Cosmetic and Personal Care Products: Body | Face","https://www.crueltyfreeinternational.org/approved-brands/?_page=6&num=20&sort=","2026-09-04"
"Ethique","https://www.crueltyfreeinternational.org/approved-brands/listing/ethique/","Australia & New Zealand; USA & Canada","Cosmetic and Personal Care Products: Body | Hair Care; Household & Cleaning Products: Household Cleaning | Home Fragrance / Air Care","https://www.crueltyfreeinternational.org/approved-brands/?_page=6&num=20&sort=","2026-09-04"
"Eudora","https://www.crueltyfreeinternational.org/approved-brands/listing/eudora-2/","South & Central America","Cosmetic and Personal Care Products: Body | Face | Fragrance and Aromatherapy | Hair Care | Makeup","https://www.crueltyfreeinternational.org/approved-brands/?_page=6&num=20&sort=","2026-09-04"
"Evdaimonia","https://www.crueltyfreeinternational.org/approved-brands/listing/evdaimonia/","Europe","Cosmetic and Personal Care Products: Face","https://www.crueltyfreeinternational.org/approved-brands/?_page=6&num=20&sort=","2026-09-04"
"every&one","https://www.crueltyfreeinternational.org/approved-brands/listing/every-and-one/","Europe","Cosmetic and Personal Care Products: Babies & Children | Body | Face","https://www.crueltyfreeinternational.org/approved-brands/?_page=6&num=20&sort=","2026-09-04"
"Evolve Organic Beauty","https://www.crueltyfreeinternational.org/approved-brands/listing/evolve-organic-beauty/","","Cosmetic and Personal Care Products: Body | Face | Hair Care","https://www.crueltyfreeinternational.org/approved-brands/?_page=6&num=20&sort=","2026-09-04"
"Evre","https://www.crueltyfreeinternational.org/approved-brands/listing/evre/","Australia & New Zealand","Cosmetic and Personal Care Products: Face","https://www.crueltyfreeinternational.org/approved-brands/?_page=6&num=20&sort=","2026-09-04"
"FAB Brows","https://www.crueltyfreeinternational.org/approved-brands/listing/fab-brows/","Europe","Cosmetic and Personal Care Products: Face | Makeup","https://www.crueltyfreeinternational.org/approved-brands/?_page=6&num=20&sort=","2026-09-04"
"Facetheory","https://www.crueltyfreeinternational.org/approved-brands/listing/facetheory/","","Cosmetic and Personal Care Products: Face | Makeup","https://www.crueltyfreeinternational.org/approved-brands/?_page=7&num=20&sort=","2026-09-04"
"Faith in Nature","https://www.crueltyfreeinternational.org/approved-brands/listing/faith-in-nature/","Africa & The Middle East; Asia; Europe; South & Central America; USA & Canada","Cosmetic and Personal Care Products: Body | Hair Care; Household & Cleaning Products: Household Cleaning | Laundry","https://www.crueltyfreeinternational.org/approved-brands/?_page=7&num=20&sort=","2026-09-04"
"FatFace","https://www.crueltyfreeinternational.org/approved-brands/listing/fatface/","Europe","Cosmetic and Personal Care Products: Babies & Children | Body | Face | Fragrance and Aromatherapy | Hair Care | Makeup","https://www.crueltyfreeinternational.org/approved-brands/?_page=7&num=20&sort=","2026-09-04"
"Fill Refill Co.","https://www.crueltyfreeinternational.org/approved-brands/listing/fill-refill-co/","Europe","Cosmetic and Personal Care Products: Body | Hair Care; Household & Cleaning Products: Household Cleaning | Home Fragrance / Air Care","https://www.crueltyfreeinternational.org/approved-brands/?_page=7&num=20&sort=","2026-09-04"
"Filter by Molly-Mae","https://www.crueltyfreeinternational.org/approved-brands/listing/filter-by-molly-mae/","Europe","Cosmetic and Personal Care Products: Body","https://www.crueltyfreeinternational.org/approved-brands/?_page=7&num=20&sort=","2026-09-04"
"finice","https://www.crueltyfreeinternational.org/approved-brands/listing/finice/","","Household & Cleaning Products: Household Cleaning | Home Fragrance / Air Care","https://www.crueltyfreeinternational.org/approved-brands/?_page=7&num=20&sort=","2026-09-04"
"Floralys","https://www.crueltyfreeinternational.org/approved-brands/listing/floralys/","Europe","Cosmetic and Personal Care Products: Babies & Children | Body | Face | Fragrance and Aromatherapy | Hair Care; Household & Cleaning Products: Household Cleaning | Home Fragrance / Air Care | Laundry | Car Care","https://www.crueltyfreeinternational.org/approved-brands/?_page=7&num=20&sort=","2026-09-04"
"Florentine","https://www.crueltyfreeinternational.org/approved-brands/listing/florentine-cosmetics/","Europe","Cosmetic and Personal Care Products: Babies & Children | Body | Face | Fragrance and Aromatherapy | Makeup","https://www.crueltyfreeinternational.org/approved-brands/?_page=7&num=20&sort=","2026-09-04"
"Forest & Shore","https://www.crueltyfreeinternational.org/approved-brands/listing/forest-and-shore/","Europe","Cosmetic and Personal Care Products: Body | Hair Care","https://www.crueltyfreeinternational.org/approved-brands/?_page=7&num=20&sort=","2026-09-04"
"formil","https://www.crueltyfreeinternational.org/approved-brands/listing/formil/","Europe","Cosmetic and Personal Care Products: Babies & Children | Body | Face | Fragrance and Aromatherapy | Hair Care; Household & Cleaning Products: Household Cleaning | Home Fragrance / Air Care | Laundry | Car Care","https://www.crueltyfreeinternational.org/approved-brands/?_page=7&num=20&sort=","2026-09-04"
"Formulae Prescott","https://www.crueltyfreeinternational.org/approved-brands/listing/frances-prescott/","","Cosmetic and Personal Care Products: Face","https://www.crueltyfreeinternational.org/approved-brands/?_page=7&num=20&sort=","2026-09-04"
"Fresh & Dry","https://www.crueltyfreeinternational.org/approved-brands/listing/fresh-and-dry/","","Cosmetic and Personal Care Products: Babies & Children | Body","https://www.crueltyfreeinternational.org/approved-brands/?_page=7&num=20&sort=","2026-09-04"
"FRIA","https://www.crueltyfreeinternational.org/approved-brands/listing/fria/","Europe","Cosmetic and Personal Care Products: Babies & Children | Face; Companion Animal Products: Home Cleaning","https://www.crueltyfreeinternational.org/approved-brands/?_page=7&num=20&sort=","2026-09-04"
"FRIA 1000 GIORNI","https://www.crueltyfreeinternational.org/approved-brands/listing/fria-1000-giorni/","Europe","Cosmetic and Personal Care Products: Babies & Children | Body | Face; Companion Animal Products: Home Cleaning","https://www.crueltyfreeinternational.org/approved-brands/?_page=7&num=20&sort=","2026-09-04"
"FRIA EASY","https://www.crueltyfreeinternational.org/approved-brands/listing/fria-easy/","Europe","Cosmetic and Personal Care Products: Babies & Children | Body | Face; Companion Animal Products: Home Cleaning","https://www.crueltyfreeinternational.org/approved-brands/?_page=7&num=20&sort=","2026-09-04"
"FRIA k-Beauty Inspired","https://www.crueltyfreeinternational.org/approved-brands/listing/fria-k-beauty-inspired/","","Cosmetic and Personal Care Products: Babies & Children | Body | Face; Companion Animal Products: Home Cleaning","https://www.crueltyfreeinternational.org/approved-brands/?_page=7&num=20&sort=","2026-09-04"
"Friendly Soap","https://www.crueltyfreeinternational.org/approved-brands/listing/friendly-soap/","Europe; USA & Canada","Cosmetic and Personal Care Products: Body | Face | Hair Care","https://www.crueltyfreeinternational.org/approved-brands/?_page=7&num=20&sort=","2026-09-04"
"Fuarain Skincare","https://www.crueltyfreeinternational.org/approved-brands/listing/fuarain-skincare/","Europe","Cosmetic and Personal Care Products: Face","https://www.crueltyfreeinternational.org/approved-brands/?_page=7&num=20&sort=","2026-09-04"
"Furtastic","https://www.crueltyfreeinternational.org/approved-brands/listing/furtastic/","Europe","Cosmetic and Personal Care Products: Babies & Children | Body | Face","https://www.crueltyfreeinternational.org/approved-brands/?_page=7&num=20&sort=","2026-09-04"
"Fushi","https://www.crueltyfreeinternational.org/approved-brands/listing/fushi/","Africa & The Middle East; Asia; Europe","Cosmetic and Personal Care Products: Body | Face | Fragrance and Aromatherapy | Hair Care | Makeup","https://www.crueltyfreeinternational.org/approved-brands/?_page=7&num=20&sort=","2026-09-04"
"Fussy","https://www.crueltyfreeinternational.org/approved-brands/listing/fussy/","","Cosmetic and Personal Care Products: Body","https://www.crueltyfreeinternational.org/approved-brands/?_page=8&num=20&sort=","2026-09-04"
"Gaia Skincare","https://www.crueltyfreeinternational.org/approved-brands/listing/gaia-skincare/","Europe","Cosmetic and Personal Care Products: Body | Face | Fragrance and Aromatherapy | Hair Care | Makeup","https://www.crueltyfreeinternational.org/approved-brands/?_page=8&num=20&sort=","2026-09-04"
"Garnier","https://www.crueltyfreeinternational.org/approved-brands/listing/garnier/","Africa & The Middle East; Asia; Australia & New Zealand; Europe; South & Central America; USA & Canada","Cosmetic and Personal Care Products: Body | Face | Hair Care","https://www.crueltyfreeinternational.org/approved-brands/?_page=8&num=20&sort=","2026-09-04"
"GATINEAU","https://www.crueltyfreeinternational.org/approved-brands/listing/gatineau/","Europe","Cosmetic and Personal Care Products: Body | Face","https://www.crueltyfreeinternational.org/approved-brands/?_page=8&num=20&sort=","2026-09-04"
"GEL.IT.UP by GIUP","https://www.crueltyfreeinternational.org/approved-brands/listing/gel-it-up/","Africa & The Middle East; Europe","Cosmetic and Personal Care Products: Body","https://www.crueltyfreeinternational.org/approved-brands/?_page=8&num=20&sort=","2026-09-04"
"Gender Neutral","https://www.crueltyfreeinternational.org/approved-brands/listing/gender-neutral/","Europe","Cosmetic and Personal Care Products: Body","https://www.crueltyfreeinternational.org/approved-brands/?_page=8&num=20&sort=","2026-09-04"
"GenGlo","https://www.crueltyfreeinternational.org/approved-brands/listing/genglo/","Europe","Cosmetic and Personal Care Products: Babies & Children | Face","https://www.crueltyfreeinternational.org/approved-brands/?_page=8&num=20&sort=","2026-09-04"
"GHS Direct","https://www.crueltyfreeinternational.org/approved-brands/listing/ghs-direct/","Europe","Cosmetic and Personal Care Products: Body | Face | Hair Care; Household & Cleaning Products: Household Cleaning | Home Fragrance / Air Care","https://www.crueltyfreeinternational.org/approved-brands/?_page=8&num=20&sort=","2026-09-04"
"Gingingers","https://www.crueltyfreeinternational.org/approved-brands/listing/gin-gingers/","Europe","Cosmetic and Personal Care Products: Body","https://www.crueltyfreeinternational.org/approved-brands/?_page=8&num=20&sort=","2026-09-04"
"Girls with Attitude","https://www.crueltyfreeinternational.org/approved-brands/listing/girls-with-attitude-2/","Europe","Cosmetic and Personal Care Products: Body | Face | Makeup","https://www.crueltyfreeinternational.org/approved-brands/?_page=8&num=20&sort=","2026-09-04"
"Glow For It","https://www.crueltyfreeinternational.org/approved-brands/listing/glow-for-it/","Europe; South & Central America","Cosmetic and Personal Care Products: Face | Makeup","https://www.crueltyfreeinternational.org/approved-brands/?_page=8&num=20&sort=","2026-09-04"
"Glow Hub","https://www.crueltyfreeinternational.org/approved-brands/listing/glow-hub/","Africa & The Middle East; Asia; Australia & New Zealand; Europe","Cosmetic and Personal Care Products: Face | Makeup","https://www.crueltyfreeinternational.org/approved-brands/?_page=8&num=20&sort=","2026-09-04"
"Goats of the Gorge","https://www.crueltyfreeinternational.org/approved-brands/listing/goats-of-the-gorge/","Europe","Cosmetic and Personal Care Products: Babies & Children | Body | Face | Fragrance and Aromatherapy | Hair Care","https://www.crueltyfreeinternational.org/approved-brands/?_page=8&num=20&sort=","2026-09-04"
"Good Bubble","https://www.crueltyfreeinternational.org/approved-brands/listing/good-bubble/","Europe","Cosmetic and Personal Care Products: Babies & Children | Body | Face","https://www.crueltyfreeinternational.org/approved-brands/?_page=8&num=20&sort=","2026-09-04"
"Good One","https://www.crueltyfreeinternational.org/approved-brands/listing/the-warehouse/","Australia & New Zealand","Cosmetic and Personal Care Products: Babies & Children | Body | Face | Hair Care","https://www.crueltyfreeinternational.org/approved-brands/?_page=8&num=20&sort=","2026-09-04"
"Green Wave","https://www.crueltyfreeinternational.org/approved-brands/listing/green-wave/","Europe","Cosmetic and Personal Care Products: Body | Face | Fragrance and Aromatherapy | Hair Care","https://www.crueltyfreeinternational.org/approved-brands/?_page=8&num=20&sort=","2026-09-04"
"Greenscents","https://www.crueltyfreeinternational.org/approved-brands/listing/greenscents/","Europe","Household & Cleaning Products: Household Cleaning | Home Fragrance / Air Care","https://www.crueltyfreeinternational.org/approved-brands/?_page=8&num=20&sort=","2026-09-04"
"Hair by Sam McKnight","https://www.crueltyfreeinternational.org/approved-brands/listing/hair-by-sam-mcknight/","Australia & New Zealand; USA & Canada","Cosmetic and Personal Care Products: Hair Care","https://www.crueltyfreeinternational.org/approved-brands/?_page=8&num=20&sort=","2026-09-04"
"Handmade Naturals","https://www.crueltyfreeinternational.org/approved-brands/listing/handmade-naturals/","Europe","Cosmetic and Personal Care Products: Babies & Children | Body | Face | Hair Care","https://www.crueltyfreeinternational.org/approved-brands/?_page=8&num=20&sort=","2026-09-04"
"Hanna Sillitoe","https://www.crueltyfreeinternational.org/approved-brands/listing/hanna-sillitoe/","","Cosmetic and Personal Care Products: Babies & Children | Body | Face | Hair Care","https://www.crueltyfreeinternational.org/approved-brands/?_page=8&num=20&sort=","2026-09-04"
"Hannah Natural","https://www.crueltyfreeinternational.org/approved-brands/listing/hannah-natural/","Africa & The Middle East; Asia; Australia & New Zealand; Europe; South & Central America; USA & Canada","Cosmetic and Personal Care Products: Hair Care","https://www.crueltyfreeinternational.org/approved-brands/?_page=9&num=20&sort=","2026-09-04"
"HAPPY ANNE","https://www.crueltyfreeinternational.org/approved-brands/listing/happy-anne/","","Cosmetic and Personal Care Products: Body | Face | Hair Care","https://www.crueltyfreeinternational.org/approved-brands/?_page=9&num=20&sort=","2026-09-04"
"Helan","https://www.crueltyfreeinternational.org/approved-brands/listing/helan/","","Cosmetic and Personal Care Products: Babies & Children | Body | Face | Fragrance and Aromatherapy | Hair Care | Makeup","https://www.crueltyfreeinternational.org/approved-brands/?_page=9&num=20&sort=","2026-09-04"
"Herbal Elea","https://www.crueltyfreeinternational.org/approved-brands/listing/herbal-elea/","Europe","Cosmetic and Personal Care Products: Body | Face | Fragrance and Aromatherapy | Hair Care","https://www.crueltyfreeinternational.org/approved-brands/?_page=9&num=20&sort=","2026-09-04"
"Hershesons","https://www.crueltyfreeinternational.org/approved-brands/listing/hershesons/","Africa & The Middle East; Asia; Australia & New Zealand; Europe; USA & Canada","Cosmetic and Personal Care Products: Hair Care","https://www.crueltyfreeinternational.org/approved-brands/?_page=9&num=20&sort=","2026-09-04"
"Hiip","https://www.crueltyfreeinternational.org/approved-brands/listing/herbafarm/","Australia & New Zealand; Europe","Cosmetic and Personal Care Products: Babies & Children | Body | Face | Fragrance and Aromatherapy | Hair Care | Makeup","https://www.crueltyfreeinternational.org/approved-brands/?_page=9&num=20&sort=","2026-09-04"
"HOWND","https://www.crueltyfreeinternational.org/approved-brands/listing/hownd/","","","https://www.crueltyfreeinternational.org/approved-brands/?_page=9&num=20&sort=","2026-09-04"
"i+m NATURKOSMETIK BERLIN","https://www.crueltyfreeinternational.org/approved-brands/listing/i-m-naturkosmetik-berlin/","Asia; Europe","Cosmetic and Personal Care Products: Body | Face | Hair Care","https://www.crueltyfreeinternational.org/approved-brands/?_page=9&num=20&sort=","2026-09-04"
"icom","https://www.crueltyfreeinternational.org/approved-brands/listing/icom/","Africa & The Middle East; Asia; Europe; South & Central America","Cosmetic and Personal Care Products: Body | Hair Care","https://www.crueltyfreeinternational.org/approved-brands/?_page=9&num=20&sort=","2026-09-04"
"INCIA","https://www.crueltyfreeinternational.org/approved-brands/listing/incia/","Africa & The Middle East; Asia; Europe","Cosmetic and Personal Care Products: Babies & Children | Body | Face | Fragrance and Aromatherapy | Hair Care; Household & Cleaning Products: Household Cleaning | Home Fragrance / Air Care","https://www.crueltyfreeinternational.org/approved-brands/?_page=9&num=20&sort=","2026-09-04"
"INEOS","https://www.crueltyfreeinternational.org/approved-brands/listing/ineos/","Europe","Cosmetic and Personal Care Products: Body; Household & Cleaning Products: Household Cleaning","https://www.crueltyfreeinternational.org/approved-brands/?_page=9&num=20&sort=","2026-09-04"
"Inhana Skincare","https://www.crueltyfreeinternational.org/approved-brands/listing/inhana-skincare/","Europe","Cosmetic and Personal Care Products: Face","https://www.crueltyfreeinternational.org/approved-brands/?_page=9&num=20&sort=","2026-09-04"
"Inlight Beauty & Wellness","https://www.crueltyfreeinternational.org/approved-brands/listing/inlight-beauty-wellness/","","Cosmetic and Personal Care Products: Babies & Children | Body | Face | Hair Care","https://www.crueltyfreeinternational.org/approved-brands/?_page=9&num=20&sort=","2026-09-04"
"IREN Shizen","https://www.crueltyfreeinternational.org/approved-brands/listing/iren-shizen/","Asia; Australia & New Zealand; Europe; USA & Canada","Cosmetic and Personal Care Products: Body | Face","https://www.crueltyfreeinternational.org/approved-brands/?_page=9&num=20&sort=","2026-09-04"
"itreatskin","https://www.crueltyfreeinternational.org/approved-brands/listing/itreatskin/","Europe","Cosmetic and Personal Care Products: Babies & Children | Body","https://www.crueltyfreeinternational.org/approved-brands/?_page=9&num=20&sort=","2026-09-04"
"Je Suis Vert","https://www.crueltyfreeinternational.org/approved-brands/listing/je-suis-vert/","Europe","","https://www.crueltyfreeinternational.org/approved-brands/?_page=9&num=20&sort=","2026-09-04"
"Jeuneora","https://www.crueltyfreeinternational.org/approved-brands/listing/jeuneora/","","Cosmetic and Personal Care Products: Face","https://www.crueltyfreeinternational.org/approved-brands/?_page=9&num=20&sort=","2026-09-04"
"John Lewis & Partners","https://www.crueltyfreeinternational.org/approved-brands/listing/john-lewis-partners/","Europe","Household & Cleaning Products: Home Fragrance / Air Care","https://www.crueltyfreeinternational.org/approved-brands/?_page=9&num=20&sort=","2026-09-04"
"Julie Clarke Candles","https://www.crueltyfreeinternational.org/approved-brands/listing/julie-clarke-candles/","Europe","Household & Cleaning Products: Household Cleaning | Home Fragrance / Air Care","https://www.crueltyfreeinternational.org/approved-brands/?_page=9&num=20&sort=","2026-09-04"
"Juvenate Skincare","https://www.crueltyfreeinternational.org/approved-brands/listing/juvenate-skincare/","Asia; Australia & New Zealand","Cosmetic and Personal Care Products: Body | Face","https://www.crueltyfreeinternational.org/approved-brands/?_page=9&num=20&sort=","2026-09-04"
"Kadalys","https://www.crueltyfreeinternational.org/approved-brands/listing/kadalys/","Asia; Australia & New Zealand; Europe; USA & Canada","Cosmetic and Personal Care Products: Body | Face","https://www.crueltyfreeinternational.org/approved-brands/?_page=10&num=20&sort=","2026-09-04"
"KASH Beauty","https://www.crueltyfreeinternational.org/approved-brands/listing/kash-beauty/","Europe","Cosmetic and Personal Care Products: Face | Makeup","https://www.crueltyfreeinternational.org/approved-brands/?_page=10&num=20&sort=","2026-09-04"
"KATIVA","https://www.crueltyfreeinternational.org/approved-brands/listing/kativa/","","Cosmetic and Personal Care Products: Body | Face | Hair Care","https://www.crueltyfreeinternational.org/approved-brands/?_page=10&num=20&sort=","2026-09-04"
"Katoa Botanicals","https://www.crueltyfreeinternational.org/approved-brands/listing/katoa-botanicals/","","Cosmetic and Personal Care Products: Face","https://www.crueltyfreeinternational.org/approved-brands/?_page=10&num=20&sort=","2026-09-04"
"Kids Stuff","https://www.crueltyfreeinternational.org/approved-brands/listing/kids-stuff/","Australia & New Zealand; Europe; USA & Canada","Cosmetic and Personal Care Products: Babies & Children | Body","https://www.crueltyfreeinternational.org/approved-brands/?_page=10&num=20&sort=","2026-09-04"
"Kireyna","https://www.crueltyfreeinternational.org/approved-brands/listing/kireyna/","Europe","Cosmetic and Personal Care Products: Face","https://www.crueltyfreeinternational.org/approved-brands/?_page=10&num=20&sort=","2026-09-04"
"Kmart","https://www.crueltyfreeinternational.org/approved-brands/listing/kmart/","Australia & New Zealand","Cosmetic and Personal Care Products: Body | Face | Fragrance and Aromatherapy | Hair Care | Makeup","https://www.crueltyfreeinternational.org/approved-brands/?_page=10&num=20&sort=","2026-09-04"
"Koné Care","https://www.crueltyfreeinternational.org/approved-brands/listing/kone-care/","South & Central America; USA & Canada","Cosmetic and Personal Care Products: Body | Face | Makeup","https://www.crueltyfreeinternational.org/approved-brands/?_page=10&num=20&sort=","2026-09-04"
"KOTANICAL","https://www.crueltyfreeinternational.org/approved-brands/listing/kotanical/","Europe","Cosmetic and Personal Care Products: Body | Fragrance and Aromatherapy","https://www.crueltyfreeinternational.org/approved-brands/?_page=10&num=20&sort=","2026-09-04"
"Kurl Kitchen","https://www.crueltyfreeinternational.org/approved-brands/listing/the-kurl-kitchen/","Europe","Cosmetic and Personal Care Products: Body | Fragrance and Aromatherapy | Hair Care","https://www.crueltyfreeinternational.org/approved-brands/?_page=10&num=20&sort=","2026-09-04"
"KVITOK","https://www.crueltyfreeinternational.org/approved-brands/listing/kvitok/","Europe","Cosmetic and Personal Care Products: Babies & Children | Body | Face | Fragrance and Aromatherapy | Hair Care","https://www.crueltyfreeinternational.org/approved-brands/?_page=10&num=20&sort=","2026-09-04"
"Kyushi","https://www.crueltyfreeinternational.org/approved-brands/listing/kyushi/","Europe","Cosmetic and Personal Care Products: Face | Fragrance and Aromatherapy","https://www.crueltyfreeinternational.org/approved-brands/?_page=10&num=20&sort=","2026-09-04"
"L'BEL","https://www.crueltyfreeinternational.org/approved-brands/listing/lbel/","South & Central America; USA & Canada","Cosmetic and Personal Care Products: Babies & Children | Body | Face | Fragrance and Aromatherapy | Hair Care | Makeup","https://www.crueltyfreeinternational.org/approved-brands/?_page=10&num=20&sort=","2026-09-04"
"L'Erbolario Società Benefit Srl","https://www.crueltyfreeinternational.org/approved-brands/listing/lerbolario-societa-benefit-srl/","Asia; Australia & New Zealand; Europe; South & Central America; USA & Canada","Cosmetic and Personal Care Products: Babies & Children | Body | Face | Fragrance and Aromatherapy | Hair Care | Makeup; Household & Cleaning Products: Home Fragrance / Air Care | Car Care; Companion Animal Products: Grooming & Fragrance","https://www.crueltyfreeinternational.org/approved-brands/?_page=10&num=20&sort=","2026-09-04"
"La Cosmetica srl","https://www.crueltyfreeinternational.org/approved-brands/listing/la-cosmetica-srl/","Africa & The Middle East; Asia; Australia & New Zealand; Europe; South & Central America; USA & Canada","Cosmetic and Personal Care Products: Body | Hair Care; Companion Animal Products: Grooming & Fragrance","https://www.crueltyfreeinternational.org/approved-brands/?_page=10&num=20&sort=","2026-09-04"
"LABBOK","https://www.crueltyfreeinternational.org/approved-brands/listing/labbok/","","Cosmetic and Personal Care Products: Face | Makeup","https://www.crueltyfreeinternational.org/approved-brands/?_page=10&num=20&sort=","2026-09-04"
"Lacura","https://www.crueltyfreeinternational.org/approved-brands/listing/lacura/","Europe","Cosmetic and Personal Care Products: Babies & Children | Body | Face | Fragrance and Aromatherapy | Hair Care | Makeup; Household & Cleaning Products: Household Cleaning | Home Fragrance / Air Care | Laundry | Car Care","https://www.crueltyfreeinternational.org/approved-brands/?_page=10&num=20&sort=","2026-09-04"
"Lanolips","https://www.crueltyfreeinternational.org/approved-brands/listing/lanolips/","Asia; Australia & New Zealand; USA & Canada","Cosmetic and Personal Care Products: Body | Face","https://www.crueltyfreeinternational.org/approved-brands/?_page=10&num=20&sort=","2026-09-04"
"Leeukopf Laboratories","https://www.crueltyfreeinternational.org/approved-brands/listing/leeukopf-laboratories/","Europe","Cosmetic and Personal Care Products: Body","https://www.crueltyfreeinternational.org/approved-brands/?_page=10&num=20&sort=","2026-09-04"
"Lefay SPA Cosmetic Line “Tra Suoni e Colori”","https://www.crueltyfreeinternational.org/approved-brands/listing/lefay-spa-cosmetic-line-tra-suoni-e-colori/","Africa & The Middle East; Asia; Australia & New Zealand; Europe; South & Central America; USA & Canada","Cosmetic and Personal Care Products: Body | Face | Hair Care","https://www.crueltyfreeinternational.org/approved-brands/?_page=10&num=20&sort=","2026-09-04"
"Lemon Myrtle","https://www.crueltyfreeinternational.org/approved-brands/listing/lemon-myrtle/","Europe","Cosmetic and Personal Care Products: Body","https://www.crueltyfreeinternational.org/approved-brands/?_page=11&num=20&sort=","2026-09-04"
"Lerana","https://www.crueltyfreeinternational.org/approved-brands/listing/lerana/","Europe","Cosmetic and Personal Care Products: Body | Face | Hair Care | Makeup","https://www.crueltyfreeinternational.org/approved-brands/?_page=11&num=20&sort=","2026-09-04"
"Levrana","https://www.crueltyfreeinternational.org/approved-brands/listing/levrana/","Asia; Europe","Cosmetic and Personal Care Products: Body | Face | Hair Care; Household & Cleaning Products: Household Cleaning | Home Fragrance / Air Care | Laundry","https://www.crueltyfreeinternational.org/approved-brands/?_page=11&num=20&sort=","2026-09-04"
"Lidl GB","https://www.crueltyfreeinternational.org/approved-brands/listing/lidl-gb/","Europe","Cosmetic and Personal Care Products: Babies & Children | Body | Face | Fragrance and Aromatherapy | Hair Care; Household & Cleaning Products: Household Cleaning | Home Fragrance / Air Care | Laundry | Car Care","https://www.crueltyfreeinternational.org/approved-brands/?_page=11&num=20&sort=","2026-09-04"
"Lidl Ireland & Lidl Northern Ireland","https://www.crueltyfreeinternational.org/approved-brands/listing/lidl-ireland-northern-ireland/","Europe","Cosmetic and Personal Care Products: Babies & Children | Body | Face | Fragrance and Aromatherapy | Hair Care; Household & Cleaning Products: Household Cleaning | Home Fragrance / Air Care | Laundry | Car Care","https://www.crueltyfreeinternational.org/approved-brands/?_page=11&num=20&sort=","2026-09-04"
"Lipstains Gold","https://www.crueltyfreeinternational.org/approved-brands/listing/lipstains-gold/","Europe","Cosmetic and Personal Care Products: Body | Makeup","https://www.crueltyfreeinternational.org/approved-brands/?_page=11&num=20&sort=","2026-09-04"
"Little Heroes","https://www.crueltyfreeinternational.org/approved-brands/listing/little-heroes/","Europe","Cosmetic and Personal Care Products: Babies & Children | Body | Face","https://www.crueltyfreeinternational.org/approved-brands/?_page=11&num=20&sort=","2026-09-04"
"Little Soap Company","https://www.crueltyfreeinternational.org/approved-brands/listing/little-soap-company/","Europe","Cosmetic and Personal Care Products: Babies & Children | Body | Face | Hair Care","https://www.crueltyfreeinternational.org/approved-brands/?_page=11&num=20&sort=","2026-09-04"
"Liz Earle","https://www.crueltyfreeinternational.org/approved-brands/listing/liz-earle/","Asia; Europe; USA & Canada","Cosmetic and Personal Care Products: Body | Hair Care","https://www.crueltyfreeinternational.org/approved-brands/?_page=11&num=20&sort=","2026-09-04"
"Lock Stock & Barrel","https://www.crueltyfreeinternational.org/approved-brands/listing/lock-stock-barrel/","Africa & The Middle East; Asia; Europe; South & Central America; USA & Canada","Cosmetic and Personal Care Products: Body | Face | Fragrance and Aromatherapy","https://www.crueltyfreeinternational.org/approved-brands/?_page=11&num=20&sort=","2026-09-04"
"London Copyright","https://www.crueltyfreeinternational.org/approved-brands/listing/london-copyright-cosmetics/","","Cosmetic and Personal Care Products: Makeup","https://www.crueltyfreeinternational.org/approved-brands/?_page=11&num=20&sort=","2026-09-04"
"Look Fabulous Forever","https://www.crueltyfreeinternational.org/approved-brands/listing/look-fabulous-forever/","","Cosmetic and Personal Care Products: Face | Makeup","https://www.crueltyfreeinternational.org/approved-brands/?_page=11&num=20&sort=","2026-09-04"
"Love Ethical beauty","https://www.crueltyfreeinternational.org/approved-brands/listing/love-ethical-beauty/","Europe","Cosmetic and Personal Care Products: Body | Face | Hair Care | Makeup","https://www.crueltyfreeinternational.org/approved-brands/?_page=11&num=20&sort=","2026-09-04"
"Love Katie","https://www.crueltyfreeinternational.org/approved-brands/listing/love-katie-2/","Africa & The Middle East; Asia; Australia & New Zealand; Europe; South & Central America; USA & Canada","Cosmetic and Personal Care Products: Face | Makeup","https://www.crueltyfreeinternational.org/approved-brands/?_page=11&num=20&sort=","2026-09-04"
"Love Pets","https://www.crueltyfreeinternational.org/approved-brands/listing/love-pets/","Europe","","https://www.crueltyfreeinternational.org/approved-brands/?_page=11&num=20&sort=","2026-09-04"
"Lucy Bee","https://www.crueltyfreeinternational.org/approved-brands/listing/lucy-bee/","Australia & New Zealand","Cosmetic and Personal Care Products: Body | Face | Makeup","https://www.crueltyfreeinternational.org/approved-brands/?_page=11&num=20&sort=","2026-09-04"
"Lumity","https://www.crueltyfreeinternational.org/approved-brands/listing/lumity/","","Cosmetic and Personal Care Products: Face | Fragrance and Aromatherapy","https://www.crueltyfreeinternational.org/approved-brands/?_page=11&num=20&sort=","2026-09-04"
"Lupilu","https://www.crueltyfreeinternational.org/approved-brands/listing/lupilu/","Europe","Cosmetic and Personal Care Products: Babies & Children | Body | Face | Fragrance and Aromatherapy | Hair Care; Household & Cleaning Products: Household Cleaning | Home Fragrance / Air Care | Laundry | Car Care","https://www.crueltyfreeinternational.org/approved-brands/?_page=11&num=20&sort=","2026-09-04"
"Made for Life Organics","https://www.crueltyfreeinternational.org/approved-brands/listing/made-for-life-organics/","","Cosmetic and Personal Care Products: Body | Face | Fragrance and Aromatherapy | Hair Care","https://www.crueltyfreeinternational.org/approved-brands/?_page=11&num=20&sort=","2026-09-04"
"Made Of More","https://www.crueltyfreeinternational.org/approved-brands/listing/made-of-more/","Europe","Cosmetic and Personal Care Products: Face","https://www.crueltyfreeinternational.org/approved-brands/?_page=11&num=20&sort=","2026-09-04"
"Magic Lips","https://www.crueltyfreeinternational.org/approved-brands/listing/magic-lips/","Europe","Cosmetic and Personal Care Products: Body | Makeup","https://www.crueltyfreeinternational.org/approved-brands/?_page=12&num=20&sort=","2026-09-04"
"Magnum Guardex","https://www.crueltyfreeinternational.org/approved-brands/listing/magnum-guardex/","Europe","Household & Cleaning Products: Household Cleaning | Home Fragrance / Air Care | Laundry","https://www.crueltyfreeinternational.org/approved-brands/?_page=12&num=20&sort=","2026-09-04"
"ManCave","https://www.crueltyfreeinternational.org/approved-brands/listing/mancave/","Asia; Europe; USA & Canada","Cosmetic and Personal Care Products: Body | Face | Fragrance and Aromatherapy | Hair Care | Makeup","https://www.crueltyfreeinternational.org/approved-brands/?_page=12&num=20&sort=","2026-09-04"
"Manhattan","https://www.crueltyfreeinternational.org/approved-brands/listing/manhattan/","Europe","Cosmetic and Personal Care Products: Body | Face | Makeup","https://www.crueltyfreeinternational.org/approved-brands/?_page=12&num=20&sort=","2026-09-04"
"Manufaktura","https://www.crueltyfreeinternational.org/approved-brands/listing/manufaktura/","Europe","Cosmetic and Personal Care Products: Body | Face | Fragrance and Aromatherapy","https://www.crueltyfreeinternational.org/approved-brands/?_page=12&num=20&sort=","2026-09-04"
"Maria Nila","https://www.crueltyfreeinternational.org/approved-brands/listing/maria-nila/","Europe","","https://www.crueltyfreeinternational.org/approved-brands/?_page=12&num=20&sort=","2026-09-04"
"Mark Birch Trichlogist","https://www.crueltyfreeinternational.org/approved-brands/listing/mark-birch-trichlogist/","Europe","Cosmetic and Personal Care Products: Babies & Children | Body | Face","https://www.crueltyfreeinternational.org/approved-brands/?_page=12&num=20&sort=","2026-09-04"
"Marks & Spencer","https://www.crueltyfreeinternational.org/approved-brands/listing/marks-and-spencer/","Asia","Cosmetic and Personal Care Products: Body | Face | Fragrance and Aromatherapy | Hair Care | Makeup","https://www.crueltyfreeinternational.org/approved-brands/?_page=12&num=20&sort=","2026-09-04"
"Maroqueen","https://www.crueltyfreeinternational.org/approved-brands/listing/maroko-v-batohu-sro/","Europe","Cosmetic and Personal Care Products: Face | Hair Care | Makeup","https://www.crueltyfreeinternational.org/approved-brands/?_page=12&num=20&sort=","2026-09-04"
"MAZEL","https://www.crueltyfreeinternational.org/approved-brands/listing/mazel/","Europe","","https://www.crueltyfreeinternational.org/approved-brands/?_page=12&num=20&sort=","2026-09-04"
"Mazillo","https://www.crueltyfreeinternational.org/approved-brands/listing/mazillo/","Europe","Cosmetic and Personal Care Products: Face","https://www.crueltyfreeinternational.org/approved-brands/?_page=12&num=20&sort=","2026-09-04"
"Mendittorosa","https://www.crueltyfreeinternational.org/approved-brands/listing/mendittorosa/","Asia; Australia & New Zealand; Europe; South & Central America; USA & Canada","Cosmetic and Personal Care Products: Fragrance and Aromatherapy","https://www.crueltyfreeinternational.org/approved-brands/?_page=12&num=20&sort=","2026-09-04"
"Mervue Natural Skincare","https://www.crueltyfreeinternational.org/approved-brands/listing/mervue-natural-skincare/","Europe","Cosmetic and Personal Care Products: Body","https://www.crueltyfreeinternational.org/approved-brands/?_page=12&num=20&sort=","2026-09-04"
"Micky Day","https://www.crueltyfreeinternational.org/approved-brands/listing/micky-day/","Australia & New Zealand","","https://www.crueltyfreeinternational.org/approved-brands/?_page=12&num=20&sort=","2026-09-04"
"MIELEV","https://www.crueltyfreeinternational.org/approved-brands/listing/mielev/","Europe","Cosmetic and Personal Care Products: Face","https://www.crueltyfreeinternational.org/approved-brands/?_page=12&num=20&sort=","2026-09-04"
"Mienna Cosmetics Ltd","https://www.crueltyfreeinternational.org/approved-brands/listing/mienna-cosmetics-ltd/","Europe","Cosmetic and Personal Care Products: Makeup","https://www.crueltyfreeinternational.org/approved-brands/?_page=12&num=20&sort=","2026-09-04"
"Miniml","https://www.crueltyfreeinternational.org/approved-brands/listing/miniml-and-good-human/","Europe","","https://www.crueltyfreeinternational.org/approved-brands/?_page=12&num=20&sort=","2026-09-04"
"Miss Organics","https://www.crueltyfreeinternational.org/approved-brands/listing/miss-organics/","","Cosmetic and Personal Care Products: Body | Face | Fragrance and Aromatherapy | Hair Care | Makeup","https://www.crueltyfreeinternational.org/approved-brands/?_page=12&num=20&sort=","2026-09-04"
"Modern Botany","https://www.crueltyfreeinternational.org/approved-brands/listing/modern-botany-2/","Europe","Cosmetic and Personal Care Products: Body | Face | Fragrance and Aromatherapy","https://www.crueltyfreeinternational.org/approved-brands/?_page=12&num=20&sort=","2026-09-04"
"Molton Brown","https://www.crueltyfreeinternational.org/approved-brands/listing/molton-brown/","","Cosmetic and Personal Care Products: Body | Face | Fragrance and Aromatherapy | Hair Care; Household & Cleaning Products: Household Cleaning | Home Fragrance / Air Care","https://www.crueltyfreeinternational.org/approved-brands/?_page=12&num=20&sort=","2026-09-04"
"Monange","https://www.crueltyfreeinternational.org/approved-brands/listing/monange/","South & Central America","Cosmetic and Personal Care Products: Body | Face | Hair Care","https://www.crueltyfreeinternational.org/approved-brands/?_page=13&num=20&sort=","2026-09-04"
"MONDAY Haircare","https://www.crueltyfreeinternational.org/approved-brands/listing/monday-haircare/","Asia; Australia & New Zealand; USA & Canada","","https://www.crueltyfreeinternational.org/approved-brands/?_page=13&num=20&sort=","2026-09-04"
"Morrisons","https://www.crueltyfreeinternational.org/approved-brands/listing/morrisons/","Europe","Cosmetic and Personal Care Products: Babies & Children | Body | Face | Fragrance and Aromatherapy | Hair Care","https://www.crueltyfreeinternational.org/approved-brands/?_page=13&num=20&sort=","2026-09-04"
"Moss & Adams","https://www.crueltyfreeinternational.org/approved-brands/listing/moss-and-adams/","Africa & The Middle East; Australia & New Zealand; Europe; South & Central America; USA & Canada","Cosmetic and Personal Care Products: Body; Household & Cleaning Products: Household Cleaning | Home Fragrance / Air Care","https://www.crueltyfreeinternational.org/approved-brands/?_page=13&num=20&sort=","2026-09-04"
"Mother Nailture","https://www.crueltyfreeinternational.org/approved-brands/listing/mother-nailture/","Europe","Cosmetic and Personal Care Products: Body","https://www.crueltyfreeinternational.org/approved-brands/?_page=13&num=20&sort=","2026-09-04"
"Mother's Earth","https://www.crueltyfreeinternational.org/approved-brands/listing/mothers-earth/","Europe","Household & Cleaning Products: Household Cleaning | Laundry","https://www.crueltyfreeinternational.org/approved-brands/?_page=13&num=20&sort=","2026-09-04"
"MUA Makeup Academy","https://www.crueltyfreeinternational.org/approved-brands/listing/mua-make-up-academy/","","Cosmetic and Personal Care Products: Face","https://www.crueltyfreeinternational.org/approved-brands/?_page=13&num=20&sort=","2026-09-04"
"Mum&You","https://www.crueltyfreeinternational.org/approved-brands/listing/mum-and-you/","Europe","Cosmetic and Personal Care Products: Babies & Children | Body | Face | Hair Care","https://www.crueltyfreeinternational.org/approved-brands/?_page=13&num=20&sort=","2026-09-04"
"Nakin","https://www.crueltyfreeinternational.org/approved-brands/listing/nakin/","Asia; Europe","Cosmetic and Personal Care Products: Face","https://www.crueltyfreeinternational.org/approved-brands/?_page=13&num=20&sort=","2026-09-04"
"Nala's Baby","https://www.crueltyfreeinternational.org/approved-brands/listing/nalas-baby/","Europe","Cosmetic and Personal Care Products: Babies & Children | Body | Hair Care","https://www.crueltyfreeinternational.org/approved-brands/?_page=13&num=20&sort=","2026-09-04"
"Natroma","https://www.crueltyfreeinternational.org/approved-brands/listing/natroma/","Europe","Cosmetic and Personal Care Products: Babies & Children | Body | Face | Fragrance and Aromatherapy | Hair Care","https://www.crueltyfreeinternational.org/approved-brands/?_page=13&num=20&sort=","2026-09-04"
"Natura","https://www.crueltyfreeinternational.org/approved-brands/listing/natura/","Europe; South & Central America","Cosmetic and Personal Care Products: Babies & Children | Body | Face | Fragrance and Aromatherapy | Hair Care | Makeup","https://www.crueltyfreeinternational.org/approved-brands/?_page=13&num=20&sort=","2026-09-04"
"Natural by Nature Oils","https://www.crueltyfreeinternational.org/approved-brands/listing/natural-by-nature-oils/","","Cosmetic and Personal Care Products: Babies & Children | Body | Face | Fragrance and Aromatherapy | Hair Care","https://www.crueltyfreeinternational.org/approved-brands/?_page=13&num=20&sort=","2026-09-04"
"Naturally Tiwa Skincare","https://www.crueltyfreeinternational.org/approved-brands/listing/naturally-tiwa-skincare/","Europe","Cosmetic and Personal Care Products: Babies & Children | Body | Face | Fragrance and Aromatherapy | Hair Care","https://www.crueltyfreeinternational.org/approved-brands/?_page=13&num=20&sort=","2026-09-04"
"Nature's Divine","https://www.crueltyfreeinternational.org/approved-brands/listing/natures-divine/","Europe","Cosmetic and Personal Care Products: Babies & Children | Body | Face | Hair Care","https://www.crueltyfreeinternational.org/approved-brands/?_page=13&num=20&sort=","2026-09-04"
"Neal & Wolf","https://www.crueltyfreeinternational.org/approved-brands/listing/neal-and-wolf/","Europe","Cosmetic and Personal Care Products: Babies & Children | Body | Fragrance and Aromatherapy | Hair Care","https://www.crueltyfreeinternational.org/approved-brands/?_page=13&num=20&sort=","2026-09-04"
"Neal's Yard Remedies","https://www.crueltyfreeinternational.org/approved-brands/listing/neals-yard-remedies/","","Cosmetic and Personal Care Products: Babies & Children | Body | Face | Fragrance and Aromatherapy | Hair Care | Makeup","https://www.crueltyfreeinternational.org/approved-brands/?_page=13&num=20&sort=","2026-09-04"
"NEX ENVIRONMENT","https://www.crueltyfreeinternational.org/approved-brands/listing/nex-environemnt/","","Cosmetic and Personal Care Products: Body | Face | Hair Care","https://www.crueltyfreeinternational.org/approved-brands/?_page=13&num=20&sort=","2026-09-04"
"NICE","https://www.crueltyfreeinternational.org/approved-brands/listing/nice/","Europe","Cosmetic and Personal Care Products: Babies & Children | Body | Face; Companion Animal Products: Home Cleaning","https://www.crueltyfreeinternational.org/approved-brands/?_page=13&num=20&sort=","2026-09-04"
"nimonths+","https://www.crueltyfreeinternational.org/approved-brands/listing/nimonths/","Asia; Australia & New Zealand; USA & Canada","Cosmetic and Personal Care Products: Babies & Children | Body | Face","https://www.crueltyfreeinternational.org/approved-brands/?_page=13&num=20&sort=","2026-09-04"
"Noughty","https://www.crueltyfreeinternational.org/approved-brands/listing/noughty/","","Cosmetic and Personal Care Products: Body | Face | Hair Care","https://www.crueltyfreeinternational.org/approved-brands/?_page=14&num=20&sort=","2026-09-04"
"Nourish London","https://www.crueltyfreeinternational.org/approved-brands/listing/nourish-london/","","Cosmetic and Personal Care Products: Body | Face | Hair Care","https://www.crueltyfreeinternational.org/approved-brands/?_page=14&num=20&sort=","2026-09-04"
"NOVARETIN","https://www.crueltyfreeinternational.org/approved-brands/listing/novaretin/","Europe","Cosmetic and Personal Care Products: Body | Face | Fragrance and Aromatherapy | Hair Care","https://www.crueltyfreeinternational.org/approved-brands/?_page=14&num=20&sort=","2026-09-04"
"NSFA Beauty","https://www.crueltyfreeinternational.org/approved-brands/listing/not-so-funny-any/","Europe","Cosmetic and Personal Care Products: Body | Face | Makeup","https://www.crueltyfreeinternational.org/approved-brands/?_page=14&num=20&sort=","2026-09-04"
"Nunaia","https://www.crueltyfreeinternational.org/approved-brands/listing/nunaia/","Australia & New Zealand; Europe","Cosmetic and Personal Care Products: Face","https://www.crueltyfreeinternational.org/approved-brands/?_page=14&num=20&sort=","2026-09-04"
"Nursem","https://www.crueltyfreeinternational.org/approved-brands/listing/nursem/","Asia; Australia & New Zealand; Europe","Cosmetic and Personal Care Products: Body | Fragrance and Aromatherapy","https://www.crueltyfreeinternational.org/approved-brands/?_page=14&num=20&sort=","2026-09-04"
"Nutmeg","https://www.crueltyfreeinternational.org/approved-brands/listing/nutmeg/","Europe","Cosmetic and Personal Care Products: Babies & Children | Body | Face | Fragrance and Aromatherapy | Hair Care","https://www.crueltyfreeinternational.org/approved-brands/?_page=14&num=20&sort=","2026-09-04"
"O Boticário","https://www.crueltyfreeinternational.org/approved-brands/listing/oboticario/","Africa & The Middle East; Asia; Australia & New Zealand; Europe; South & Central America","Cosmetic and Personal Care Products: Babies & Children | Body | Face | Fragrance and Aromatherapy | Hair Care | Makeup","https://www.crueltyfreeinternational.org/approved-brands/?_page=14&num=20&sort=","2026-09-04"
"O.U.I","https://www.crueltyfreeinternational.org/approved-brands/listing/oui/","Africa & The Middle East; Asia; Australia & New Zealand; Europe; South & Central America; USA & Canada","Cosmetic and Personal Care Products: Body | Face | Fragrance and Aromatherapy | Hair Care | Makeup","https://www.crueltyfreeinternational.org/approved-brands/?_page=14&num=20&sort=","2026-09-04"
"Obvs Skincare","https://www.crueltyfreeinternational.org/approved-brands/listing/obvs-skincare/","Europe","Cosmetic and Personal Care Products: Babies & Children | Body | Face | Makeup","https://www.crueltyfreeinternational.org/approved-brands/?_page=14&num=20&sort=","2026-09-04"
"Oio Lab","https://www.crueltyfreeinternational.org/approved-brands/listing/oio-lab/","Australia & New Zealand; Europe; USA & Canada","Cosmetic and Personal Care Products: Body | Face | Hair Care | Makeup","https://www.crueltyfreeinternational.org/approved-brands/?_page=14&num=20&sort=","2026-09-04"
"Okiki Skincare","https://www.crueltyfreeinternational.org/approved-brands/listing/okiki-skincare/","Europe","Cosmetic and Personal Care Products: Babies & Children | Body | Face | Fragrance and Aromatherapy | Hair Care","https://www.crueltyfreeinternational.org/approved-brands/?_page=14&num=20&sort=","2026-09-04"
"Omorovicza","https://www.crueltyfreeinternational.org/approved-brands/listing/omorovicza/","","Cosmetic and Personal Care Products: Body | Face | Fragrance and Aromatherapy | Makeup","https://www.crueltyfreeinternational.org/approved-brands/?_page=14&num=20&sort=","2026-09-04"
"Organic Skin Australia","https://www.crueltyfreeinternational.org/approved-brands/listing/organic-skin-australia/","Australia & New Zealand","Cosmetic and Personal Care Products: Face | Fragrance and Aromatherapy","https://www.crueltyfreeinternational.org/approved-brands/?_page=14&num=20&sort=","2026-09-04"
"Organicspa","https://www.crueltyfreeinternational.org/approved-brands/listing/organicspa-2/","Africa & The Middle East; Asia; Australia & New Zealand; Europe; USA & Canada","Cosmetic and Personal Care Products: Babies & Children | Body | Face | Fragrance and Aromatherapy | Hair Care | Makeup","https://www.crueltyfreeinternational.org/approved-brands/?_page=14&num=20&sort=","2026-09-04"
"OXX","https://www.crueltyfreeinternational.org/approved-brands/listing/oxx/","Australia & New Zealand","Cosmetic and Personal Care Products: Body | Face | Fragrance and Aromatherapy | Hair Care | Makeup","https://www.crueltyfreeinternational.org/approved-brands/?_page=14&num=20&sort=","2026-09-04"
"P.Louise","https://www.crueltyfreeinternational.org/approved-brands/listing/plouise/","Europe; South & Central America","Cosmetic and Personal Care Products: Body | Face | Makeup","https://www.crueltyfreeinternational.org/approved-brands/?_page=14&num=20&sort=","2026-09-04"
"Pai Skincare","https://www.crueltyfreeinternational.org/approved-brands/listing/pai-skincare/","Europe","Cosmetic and Personal Care Products: Babies & Children | Body | Face","https://www.crueltyfreeinternational.org/approved-brands/?_page=14&num=20&sort=","2026-09-04"
"Paixao","https://www.crueltyfreeinternational.org/approved-brands/listing/paixao/","South & Central America","Cosmetic and Personal Care Products: Body | Fragrance and Aromatherapy","https://www.crueltyfreeinternational.org/approved-brands/?_page=14&num=20&sort=","2026-09-04"
"Paladone","https://www.crueltyfreeinternational.org/approved-brands/listing/paladone/","","","https://www.crueltyfreeinternational.org/approved-brands/?_page=14&num=20&sort=","2026-09-04"
"Pamoja","https://www.crueltyfreeinternational.org/approved-brands/listing/pamoja-skincare/","Europe","Cosmetic and Personal Care Products: Face","https://www.crueltyfreeinternational.org/approved-brands/?_page=15&num=20&sort=","2026-09-04"
"PARLA","https://www.crueltyfreeinternational.org/approved-brands/listing/parla/","Europe","Cosmetic and Personal Care Products: Body","https://www.crueltyfreeinternational.org/approved-brands/?_page=15&num=20&sort=","2026-09-04"
"Penneys","https://www.crueltyfreeinternational.org/approved-brands/listing/penneys/","Europe","Cosmetic and Personal Care Products: Body | Face | Fragrance and Aromatherapy | Hair Care | Makeup","https://www.crueltyfreeinternational.org/approved-brands/?_page=15&num=20&sort=","2026-09-04"
"People of the Earth","https://www.crueltyfreeinternational.org/approved-brands/listing/people-of-the-earth/","Asia; Australia & New Zealand; Europe; South & Central America; USA & Canada","Cosmetic and Personal Care Products: Babies & Children | Body | Makeup","https://www.crueltyfreeinternational.org/approved-brands/?_page=15&num=20&sort=","2026-09-04"
"Perfect Girl","https://www.crueltyfreeinternational.org/approved-brands/listing/perfect-girl/","Europe","Cosmetic and Personal Care Products: Face | Makeup","https://www.crueltyfreeinternational.org/approved-brands/?_page=15&num=20&sort=","2026-09-04"
"Peros","https://www.crueltyfreeinternational.org/approved-brands/listing/peros/","Africa & The Middle East; Asia; Australia & New Zealand; Europe; South & Central America; USA & Canada","Cosmetic and Personal Care Products: Body; Household & Cleaning Products: Household Cleaning","https://www.crueltyfreeinternational.org/approved-brands/?_page=15&num=20&sort=","2026-09-04"
"PHB Ethical Beauty","https://www.crueltyfreeinternational.org/approved-brands/listing/phb-ethical-beauty/","Europe","","https://www.crueltyfreeinternational.org/approved-brands/?_page=15&num=20&sort=","2026-09-04"
"philosophy","https://www.crueltyfreeinternational.org/approved-brands/listing/philosophy/","","Cosmetic and Personal Care Products: Body | Face | Fragrance and Aromatherapy","https://www.crueltyfreeinternational.org/approved-brands/?_page=15&num=20&sort=","2026-09-04"
"Phoenix Crown","https://www.crueltyfreeinternational.org/approved-brands/listing/phoenix-crown/","Europe","Cosmetic and Personal Care Products: Hair Care","https://www.crueltyfreeinternational.org/approved-brands/?_page=15&num=20&sort=","2026-09-04"
"Pike's Pouches","https://www.crueltyfreeinternational.org/approved-brands/listing/pikes-pouches/","Europe","Cosmetic and Personal Care Products: Body | Face | Hair Care","https://www.crueltyfreeinternational.org/approved-brands/?_page=15&num=20&sort=","2026-09-04"
"Planted Skincare","https://www.crueltyfreeinternational.org/approved-brands/listing/planted-skincare/","","Cosmetic and Personal Care Products: Babies & Children | Body | Face","https://www.crueltyfreeinternational.org/approved-brands/?_page=15&num=20&sort=","2026-09-04"
"Poppin' Yang","https://www.crueltyfreeinternational.org/approved-brands/listing/poppin-yang/","Europe","Cosmetic and Personal Care Products: Face | Hair Care","https://www.crueltyfreeinternational.org/approved-brands/?_page=15&num=20&sort=","2026-09-04"
"Primark","https://www.crueltyfreeinternational.org/approved-brands/listing/primark/","Europe","Cosmetic and Personal Care Products: Body | Face | Fragrance and Aromatherapy | Hair Care | Makeup","https://www.crueltyfreeinternational.org/approved-brands/?_page=15&num=20&sort=","2026-09-04"
"Primavera Life","https://www.crueltyfreeinternational.org/approved-brands/listing/primavera-life/","","Cosmetic and Personal Care Products: Babies & Children | Body | Face | Fragrance and Aromatherapy","https://www.crueltyfreeinternational.org/approved-brands/?_page=15&num=20&sort=","2026-09-04"
"Pura Vie","https://www.crueltyfreeinternational.org/approved-brands/listing/pura-vie/","Europe","Cosmetic and Personal Care Products: Babies & Children | Body | Face","https://www.crueltyfreeinternational.org/approved-brands/?_page=15&num=20&sort=","2026-09-04"
"Pure Argan Co","https://www.crueltyfreeinternational.org/approved-brands/listing/pure-argan-co/","","Cosmetic and Personal Care Products: Babies & Children | Body | Fragrance and Aromatherapy | Hair Care","https://www.crueltyfreeinternational.org/approved-brands/?_page=15&num=20&sort=","2026-09-04"
"Pure Chemistry","https://www.crueltyfreeinternational.org/approved-brands/listing/pure-chemistry/","","Cosmetic and Personal Care Products: Body | Face | Hair Care | Makeup","https://www.crueltyfreeinternational.org/approved-brands/?_page=15&num=20&sort=","2026-09-04"
"Pure Project","https://www.crueltyfreeinternational.org/approved-brands/listing/pure-project-2/","Europe; USA & Canada","Cosmetic and Personal Care Products: Babies & Children | Body | Face | Fragrance and Aromatherapy | Hair Care","https://www.crueltyfreeinternational.org/approved-brands/?_page=15&num=20&sort=","2026-09-04"
"Purearth","https://www.crueltyfreeinternational.org/approved-brands/listing/pure-earth/","Africa & The Middle East; Asia; Australia & New Zealand; Europe; South & Central America; USA & Canada","Cosmetic and Personal Care Products: Body | Face | Hair Care | Makeup","https://www.crueltyfreeinternational.org/approved-brands/?_page=15&num=20&sort=","2026-09-04"
"Purextracts","https://www.crueltyfreeinternational.org/approved-brands/listing/purextracts/","Europe","Cosmetic and Personal Care Products: Body","https://www.crueltyfreeinternational.org/approved-brands/?_page=15&num=20&sort=","2026-09-04"
"Pyykkiarkki","https://www.crueltyfreeinternational.org/approved-brands/listing/pyykkiarkki/","Europe","Household & Cleaning Products: Laundry","https://www.crueltyfreeinternational.org/approved-brands/?_page=16&num=20&sort=","2026-09-04"
"Quem disse, Berenice","https://www.crueltyfreeinternational.org/approved-brands/listing/quem-disse-berenice-2/","Africa & The Middle East; Asia; Australia & New Zealand; Europe; South & Central America; USA & Canada","Cosmetic and Personal Care Products: Body | Face | Fragrance and Aromatherapy | Hair Care | Makeup","https://www.crueltyfreeinternational.org/approved-brands/?_page=16&num=20&sort=","2026-09-04"
"Raven Botanicals","https://www.crueltyfreeinternational.org/approved-brands/listing/raven-botanicals/","Europe","Cosmetic and Personal Care Products: Body | Face","https://www.crueltyfreeinternational.org/approved-brands/?_page=16&num=20&sort=","2026-09-04"
"Rebul","https://www.crueltyfreeinternational.org/approved-brands/listing/rebul/","Africa & The Middle East; Asia; Europe","Cosmetic and Personal Care Products: Body | Face | Fragrance and Aromatherapy","https://www.crueltyfreeinternational.org/approved-brands/?_page=16&num=20&sort=","2026-09-04"
"REFY","https://www.crueltyfreeinternational.org/approved-brands/listing/refy/","","Cosmetic and Personal Care Products: Body | Makeup","https://www.crueltyfreeinternational.org/approved-brands/?_page=16&num=20&sort=","2026-09-04"
"Rhug Wild Beauty","https://www.crueltyfreeinternational.org/approved-brands/listing/rhug-wild-beauty/","Africa & The Middle East; Asia; Europe; USA & Canada","Cosmetic and Personal Care Products: Body | Face","https://www.crueltyfreeinternational.org/approved-brands/?_page=16&num=20&sort=","2026-09-04"
"Rimmel London","https://www.crueltyfreeinternational.org/approved-brands/listing/rimmel-london/","","Cosmetic and Personal Care Products: Body | Face | Makeup","https://www.crueltyfreeinternational.org/approved-brands/?_page=16&num=20&sort=","2026-09-04"
"Risqué","https://www.crueltyfreeinternational.org/approved-brands/listing/risque/","South & Central America; USA & Canada","Cosmetic and Personal Care Products: Body","https://www.crueltyfreeinternational.org/approved-brands/?_page=16&num=20&sort=","2026-09-04"
"RSPCA","https://www.crueltyfreeinternational.org/approved-brands/listing/rspca/","Europe","Household & Cleaning Products: Household Cleaning | Home Fragrance / Air Care | Laundry | Car Care","https://www.crueltyfreeinternational.org/approved-brands/?_page=16&num=20&sort=","2026-09-04"
"S'able Labs","https://www.crueltyfreeinternational.org/approved-brands/listing/sable-labs/","Europe","Cosmetic and Personal Care Products: Face","https://www.crueltyfreeinternational.org/approved-brands/?_page=16&num=20&sort=","2026-09-04"
"Sacred","https://www.crueltyfreeinternational.org/approved-brands/listing/sacred/","Europe","Household & Cleaning Products: Household Cleaning | Home Fragrance / Air Care","https://www.crueltyfreeinternational.org/approved-brands/?_page=16&num=20&sort=","2026-09-04"
"Safeway","https://www.crueltyfreeinternational.org/approved-brands/listing/safeway/","Europe","Cosmetic and Personal Care Products: Babies & Children | Body | Face","https://www.crueltyfreeinternational.org/approved-brands/?_page=16&num=20&sort=","2026-09-04"
"Sainsburys","https://www.crueltyfreeinternational.org/approved-brands/listing/sainsburys/","Europe","Cosmetic and Personal Care Products: Babies & Children | Body | Face | Fragrance and Aromatherapy | Hair Care; Household & Cleaning Products: Household Cleaning | Home Fragrance / Air Care","https://www.crueltyfreeinternational.org/approved-brands/?_page=16&num=20&sort=","2026-09-04"
"SAIRA","https://www.crueltyfreeinternational.org/approved-brands/listing/saira/","Europe","Cosmetic and Personal Care Products: Body","https://www.crueltyfreeinternational.org/approved-brands/?_page=16&num=20&sort=","2026-09-04"
"Salt of the Earth","https://www.crueltyfreeinternational.org/approved-brands/listing/salt-of-the-earth/","Africa & The Middle East; Europe","Cosmetic and Personal Care Products: Body","https://www.crueltyfreeinternational.org/approved-brands/?_page=16&num=20&sort=","2026-09-04"
"SAMAYA Ayurveda","https://www.crueltyfreeinternational.org/approved-brands/listing/samaya-ayurveda/","","Cosmetic and Personal Care Products: Face","https://www.crueltyfreeinternational.org/approved-brands/?_page=16&num=20&sort=","2026-09-04"
"Sanctum","https://www.crueltyfreeinternational.org/approved-brands/listing/sanctum-2/","Africa & The Middle East; Asia; Australia & New Zealand; Europe; USA & Canada","Cosmetic and Personal Care Products: Babies & Children | Body | Face | Fragrance and Aromatherapy | Hair Care | Makeup","https://www.crueltyfreeinternational.org/approved-brands/?_page=16&num=20&sort=","2026-09-04"
"Sansin","https://www.crueltyfreeinternational.org/approved-brands/listing/sansin/","Europe","Cosmetic and Personal Care Products: Babies & Children | Body; Household & Cleaning Products: Household Cleaning | Home Fragrance / Air Care | Laundry | Car Care","https://www.crueltyfreeinternational.org/approved-brands/?_page=16&num=20&sort=","2026-09-04"
"Santaverde","https://www.crueltyfreeinternational.org/approved-brands/listing/santaverde/","Asia; Europe","Cosmetic and Personal Care Products: Body | Face","https://www.crueltyfreeinternational.org/approved-brands/?_page=16&num=20&sort=","2026-09-04"
"Sarafumi","https://www.crueltyfreeinternational.org/approved-brands/listing/sarafumi/","Europe","Cosmetic and Personal Care Products: Body | Face | Fragrance and Aromatherapy; Household & Cleaning Products: Home Fragrance / Air Care","https://www.crueltyfreeinternational.org/approved-brands/?_page=16&num=20&sort=","2026-09-04"
"SBTRCT Skincare","https://www.crueltyfreeinternational.org/approved-brands/listing/sbtrct-skincare/","Europe","Cosmetic and Personal Care Products: Body | Face | Fragrance and Aromatherapy","https://www.crueltyfreeinternational.org/approved-brands/?_page=17&num=20&sort=","2026-09-04"
"Scott & Lawson","https://www.crueltyfreeinternational.org/approved-brands/listing/scott-and-lawson/","Australia & New Zealand; Europe","Cosmetic and Personal Care Products: Body","https://www.crueltyfreeinternational.org/approved-brands/?_page=17&num=20&sort=","2026-09-04"
"Sculpted by Aimee","https://www.crueltyfreeinternational.org/approved-brands/listing/sculpted-by-aimee/","Australia & New Zealand; Europe","Cosmetic and Personal Care Products: Face","https://www.crueltyfreeinternational.org/approved-brands/?_page=17&num=20&sort=","2026-09-04"
"Seeds of Colour","https://www.crueltyfreeinternational.org/approved-brands/listing/seeds-of-colour/","Europe","Cosmetic and Personal Care Products: Makeup","https://www.crueltyfreeinternational.org/approved-brands/?_page=17&num=20&sort=","2026-09-04"
"Seniha Skincare","https://www.crueltyfreeinternational.org/approved-brands/listing/seniha-skincare/","Europe","Cosmetic and Personal Care Products: Body","https://www.crueltyfreeinternational.org/approved-brands/?_page=17&num=20&sort=","2026-09-04"
"Sensapur","https://www.crueltyfreeinternational.org/approved-brands/listing/sensapur/","Europe","Cosmetic and Personal Care Products: Face","https://www.crueltyfreeinternational.org/approved-brands/?_page=17&num=20&sort=","2026-09-04"
"Sensatia","https://www.crueltyfreeinternational.org/approved-brands/listing/sensatia/","Africa & The Middle East; Asia; Europe","Cosmetic and Personal Care Products: Babies & Children | Body | Face | Fragrance and Aromatherapy | Hair Care","https://www.crueltyfreeinternational.org/approved-brands/?_page=17&num=20&sort=","2026-09-04"
"SensiLait","https://www.crueltyfreeinternational.org/approved-brands/listing/sensilait/","Europe","Cosmetic and Personal Care Products: Face","https://www.crueltyfreeinternational.org/approved-brands/?_page=17&num=20&sort=","2026-09-04"
"Seresilk","https://www.crueltyfreeinternational.org/approved-brands/listing/seresilk/","Australia & New Zealand","Cosmetic and Personal Care Products: Face","https://www.crueltyfreeinternational.org/approved-brands/?_page=17&num=20&sort=","2026-09-04"
"Shades of London","https://www.crueltyfreeinternational.org/approved-brands/listing/shades-of-london/","Europe","Cosmetic and Personal Care Products: Makeup","https://www.crueltyfreeinternational.org/approved-brands/?_page=17&num=20&sort=","2026-09-04"
"Shedid & Parrish","https://www.crueltyfreeinternational.org/approved-brands/listing/shedid-and-parrish/","Europe","Cosmetic and Personal Care Products: Hair Care","https://www.crueltyfreeinternational.org/approved-brands/?_page=17&num=20&sort=","2026-09-04"
"SHEGLAM","https://www.crueltyfreeinternational.org/approved-brands/listing/sheglam/","","Cosmetic and Personal Care Products: Body | Face | Makeup","https://www.crueltyfreeinternational.org/approved-brands/?_page=17&num=20&sort=","2026-09-04"
"Silvan Skincare","https://www.crueltyfreeinternational.org/approved-brands/listing/silvan-skincare/","Europe","Cosmetic and Personal Care Products: Body | Face","https://www.crueltyfreeinternational.org/approved-brands/?_page=17&num=20&sort=","2026-09-04"
"Siskyn Skincare Oils","https://www.crueltyfreeinternational.org/approved-brands/listing/siskyn-skincare-oils/","","Cosmetic and Personal Care Products: Body","https://www.crueltyfreeinternational.org/approved-brands/?_page=17&num=20&sort=","2026-09-04"
"SIVENO","https://www.crueltyfreeinternational.org/approved-brands/listing/siveno/","Africa & The Middle East; Asia; Europe","Cosmetic and Personal Care Products: Babies & Children | Body | Face | Fragrance and Aromatherapy | Hair Care; Household & Cleaning Products: Household Cleaning | Home Fragrance / Air Care","https://www.crueltyfreeinternational.org/approved-brands/?_page=17&num=20&sort=","2026-09-04"
"Skin Deep","https://www.crueltyfreeinternational.org/approved-brands/listing/skin-deep/","Europe","Cosmetic and Personal Care Products: Babies & Children | Body | Face","https://www.crueltyfreeinternational.org/approved-brands/?_page=17&num=20&sort=","2026-09-04"
"Skin Formulas","https://www.crueltyfreeinternational.org/approved-brands/listing/skin-formulas/","Europe","Cosmetic and Personal Care Products: Body | Face | Makeup","https://www.crueltyfreeinternational.org/approved-brands/?_page=17&num=20&sort=","2026-09-04"
"Smol Products","https://www.crueltyfreeinternational.org/approved-brands/listing/smol-products/","Europe","Cosmetic and Personal Care Products: Body | Hair Care; Household & Cleaning Products: Household Cleaning","https://www.crueltyfreeinternational.org/approved-brands/?_page=17&num=20&sort=","2026-09-04"
"Soak Sunday","https://www.crueltyfreeinternational.org/approved-brands/listing/soak-sunday/","Africa & The Middle East; Australia & New Zealand; Europe","Cosmetic and Personal Care Products: Body | Fragrance and Aromatherapy","https://www.crueltyfreeinternational.org/approved-brands/?_page=17&num=20&sort=","2026-09-04"
"Soap & Glory","https://www.crueltyfreeinternational.org/approved-brands/listing/soap-and-glory/","","Cosmetic and Personal Care Products: Body | Face | Fragrance and Aromatherapy | Hair Care | Makeup","https://www.crueltyfreeinternational.org/approved-brands/?_page=17&num=20&sort=","2026-09-04"
"Soap Valley","https://www.crueltyfreeinternational.org/approved-brands/listing/soap-valley/","Europe","Cosmetic and Personal Care Products: Body | Face","https://www.crueltyfreeinternational.org/approved-brands/?_page=18&num=20&sort=","2026-09-04"
"Soaphoria","https://www.crueltyfreeinternational.org/approved-brands/listing/soaphoria/","Europe","Cosmetic and Personal Care Products: Babies & Children | Body | Face | Hair Care | Makeup","https://www.crueltyfreeinternational.org/approved-brands/?_page=18&num=20&sort=","2026-09-04"
"SOFT & DELICATE","https://www.crueltyfreeinternational.org/approved-brands/listing/soft-delicate/","Europe","Cosmetic and Personal Care Products: Babies & Children | Body | Face; Companion Animal Products: Home Cleaning","https://www.crueltyfreeinternational.org/approved-brands/?_page=18&num=20&sort=","2026-09-04"
"Softy","https://www.crueltyfreeinternational.org/approved-brands/listing/softy/","Europe","Cosmetic and Personal Care Products: Babies & Children | Body | Face; Household & Cleaning Products: Household Cleaning | Home Fragrance / Air Care | Laundry","https://www.crueltyfreeinternational.org/approved-brands/?_page=18&num=20&sort=","2026-09-04"
"Soho Skin","https://www.crueltyfreeinternational.org/approved-brands/listing/soho-skin/","Australia & New Zealand; Europe; USA & Canada","","https://www.crueltyfreeinternational.org/approved-brands/?_page=18&num=20&sort=","2026-09-04"
"Solitaire UK Ltd","https://www.crueltyfreeinternational.org/approved-brands/listing/solitaire-uk-ltd/","Europe","Cosmetic and Personal Care Products: Body","https://www.crueltyfreeinternational.org/approved-brands/?_page=18&num=20&sort=","2026-09-04"
"soluCLEAN","https://www.crueltyfreeinternational.org/approved-brands/listing/soluclean/","","Household & Cleaning Products: Household Cleaning","https://www.crueltyfreeinternational.org/approved-brands/?_page=18&num=20&sort=","2026-09-04"
"SoluPak","https://www.crueltyfreeinternational.org/approved-brands/listing/solupak/","","Household & Cleaning Products: Household Cleaning","https://www.crueltyfreeinternational.org/approved-brands/?_page=18&num=20&sort=","2026-09-04"
"St. Moriz","https://www.crueltyfreeinternational.org/approved-brands/listing/st-moriz/","Australia & New Zealand; Europe; USA & Canada","Cosmetic and Personal Care Products: Body | Face","https://www.crueltyfreeinternational.org/approved-brands/?_page=18&num=20&sort=","2026-09-04"
"Stardrops","https://www.crueltyfreeinternational.org/approved-brands/listing/stardrops/","Australia & New Zealand; Europe","Household & Cleaning Products: Household Cleaning","https://www.crueltyfreeinternational.org/approved-brands/?_page=18&num=20&sort=","2026-09-04"
"STEREO","https://www.crueltyfreeinternational.org/approved-brands/listing/stereo/","","Cosmetic and Personal Care Products: Body | Face | Hair Care","https://www.crueltyfreeinternational.org/approved-brands/?_page=18&num=20&sort=","2026-09-04"
"Strange Luxury","https://www.crueltyfreeinternational.org/approved-brands/listing/strange-luxury/","Australia & New Zealand","Cosmetic and Personal Care Products: Face","https://www.crueltyfreeinternational.org/approved-brands/?_page=18&num=20&sort=","2026-09-04"
"STUDIO Gel","https://www.crueltyfreeinternational.org/approved-brands/listing/studio-gel/","Australia & New Zealand","Cosmetic and Personal Care Products: Body","https://www.crueltyfreeinternational.org/approved-brands/?_page=18&num=20&sort=","2026-09-04"
"Studio Milligram","https://www.crueltyfreeinternational.org/approved-brands/listing/studio-milligram/","Australia & New Zealand; USA & Canada","Cosmetic and Personal Care Products: Body | Face | Fragrance and Aromatherapy","https://www.crueltyfreeinternational.org/approved-brands/?_page=18&num=20&sort=","2026-09-04"
"Subtle Energies","https://www.crueltyfreeinternational.org/approved-brands/listing/subtle-energies/","","Cosmetic and Personal Care Products: Body | Face | Fragrance and Aromatherapy","https://www.crueltyfreeinternational.org/approved-brands/?_page=18&num=20&sort=","2026-09-04"
"Sue Marsh","https://www.crueltyfreeinternational.org/approved-brands/listing/sue-marsh/","Europe","Cosmetic and Personal Care Products: Face | Makeup","https://www.crueltyfreeinternational.org/approved-brands/?_page=18&num=20&sort=","2026-09-04"
"Sugar Coated","https://www.crueltyfreeinternational.org/approved-brands/listing/sugar-coated/","Europe","Cosmetic and Personal Care Products: Body","https://www.crueltyfreeinternational.org/approved-brands/?_page=18&num=20&sort=","2026-09-04"
"Sukin Skincare","https://www.crueltyfreeinternational.org/approved-brands/listing/sukin-skincare/","","Cosmetic and Personal Care Products: Body | Face | Fragrance and Aromatherapy","https://www.crueltyfreeinternational.org/approved-brands/?_page=18&num=20&sort=","2026-09-04"
"Sundae","https://www.crueltyfreeinternational.org/approved-brands/listing/sundae/","Australia & New Zealand","","https://www.crueltyfreeinternational.org/approved-brands/?_page=18&num=20&sort=","2026-09-04"
"Superdrug","https://www.crueltyfreeinternational.org/approved-brands/listing/superdrug/","Europe","Cosmetic and Personal Care Products: Babies & Children | Body | Face | Fragrance and Aromatherapy | Hair Care | Makeup","https://www.crueltyfreeinternational.org/approved-brands/?_page=18&num=20&sort=","2026-09-04"
"Swypes","https://www.crueltyfreeinternational.org/approved-brands/listing/swypes/","Africa & The Middle East; Asia; Australia & New Zealand; Europe; South & Central America; USA & Canada","Cosmetic and Personal Care Products: Body","https://www.crueltyfreeinternational.org/approved-brands/?_page=19&num=20&sort=","2026-09-04"
"Synergie Skin","https://www.crueltyfreeinternational.org/approved-brands/listing/synergie-skin/","Asia; Australia & New Zealand; USA & Canada","Cosmetic and Personal Care Products: Body | Face | Makeup","https://www.crueltyfreeinternational.org/approved-brands/?_page=19&num=20&sort=","2026-09-04"
"Syorell","https://www.crueltyfreeinternational.org/approved-brands/listing/syorell/","Africa & The Middle East; Europe","Cosmetic and Personal Care Products: Body | Face","https://www.crueltyfreeinternational.org/approved-brands/?_page=19&num=20&sort=","2026-09-04"
"System Nature","https://www.crueltyfreeinternational.org/approved-brands/listing/system-nature/","Europe","Cosmetic and Personal Care Products: Body | Face","https://www.crueltyfreeinternational.org/approved-brands/?_page=19&num=20&sort=","2026-09-04"
"TanOrganic","https://www.crueltyfreeinternational.org/approved-brands/listing/tan-organic/","","Cosmetic and Personal Care Products: Body","https://www.crueltyfreeinternational.org/approved-brands/?_page=19&num=20&sort=","2026-09-04"
"Temko Cosmetics","https://www.crueltyfreeinternational.org/approved-brands/listing/temko-cosmetics/","Africa & The Middle East; Asia; Australia & New Zealand; Europe; South & Central America; USA & Canada","Cosmetic and Personal Care Products: Babies & Children | Body | Face | Fragrance and Aromatherapy | Hair Care","https://www.crueltyfreeinternational.org/approved-brands/?_page=19&num=20&sort=","2026-09-04"
"That Good Hair","https://www.crueltyfreeinternational.org/approved-brands/listing/that-good-hair/","Europe","Cosmetic and Personal Care Products: Hair Care","https://www.crueltyfreeinternational.org/approved-brands/?_page=19&num=20&sort=","2026-09-04"
"The Australian Natural Soap Company","https://www.crueltyfreeinternational.org/approved-brands/listing/the-australian-natural-soap-company/","Australia & New Zealand","Cosmetic and Personal Care Products: Body | Face | Fragrance and Aromatherapy","https://www.crueltyfreeinternational.org/approved-brands/?_page=19&num=20&sort=","2026-09-04"
"THE BARBERIA","https://www.crueltyfreeinternational.org/approved-brands/listing/the-barberia/","","Cosmetic and Personal Care Products: Body | Face | Hair Care","https://www.crueltyfreeinternational.org/approved-brands/?_page=19&num=20&sort=","2026-09-04"
"The Body Shop","https://www.crueltyfreeinternational.org/approved-brands/listing/the-body-shop/","Africa & The Middle East; Asia; Australia & New Zealand; Europe; South & Central America; USA & Canada","Cosmetic and Personal Care Products: Body | Face | Fragrance and Aromatherapy | Hair Care | Makeup","https://www.crueltyfreeinternational.org/approved-brands/?_page=19&num=20&sort=","2026-09-04"
"The Cheeky Panda","https://www.crueltyfreeinternational.org/approved-brands/listing/the-cheeky-panda/","Africa & The Middle East; Europe","Cosmetic and Personal Care Products: Babies & Children | Body | Face","https://www.crueltyfreeinternational.org/approved-brands/?_page=19&num=20&sort=","2026-09-04"
"The COCOON ORIGINAL VIETNAM","https://www.crueltyfreeinternational.org/approved-brands/listing/cocoon-original-vietnam/","Asia","Cosmetic and Personal Care Products: Babies & Children | Body | Face | Fragrance and Aromatherapy | Hair Care | Makeup","https://www.crueltyfreeinternational.org/approved-brands/?_page=19&num=20&sort=","2026-09-04"
"THE EAST TO WEST LIFESTYLE CO©","https://www.crueltyfreeinternational.org/approved-brands/listing/the-east-to-west-lifestyle-co/","Europe","Cosmetic and Personal Care Products: Body | Face | Makeup","https://www.crueltyfreeinternational.org/approved-brands/?_page=19&num=20&sort=","2026-09-04"
"The Gel Crew","https://www.crueltyfreeinternational.org/approved-brands/listing/the-gel-crew/","Europe","Cosmetic and Personal Care Products: Body","https://www.crueltyfreeinternational.org/approved-brands/?_page=19&num=20&sort=","2026-09-04"
"The Good One","https://www.crueltyfreeinternational.org/approved-brands/listing/the-good-one/","","Cosmetic and Personal Care Products: Body | Hair Care; Household & Cleaning Products: Household Cleaning | Home Fragrance / Air Care","https://www.crueltyfreeinternational.org/approved-brands/?_page=19&num=20&sort=","2026-09-04"
"The Handmade Soap Company","https://www.crueltyfreeinternational.org/approved-brands/listing/the-handmade-soap-company/","","Cosmetic and Personal Care Products: Body | Face | Fragrance and Aromatherapy | Hair Care; Household & Cleaning Products: Household Cleaning | Home Fragrance / Air Care","https://www.crueltyfreeinternational.org/approved-brands/?_page=19&num=20&sort=","2026-09-04"
"The Honest Midwife","https://www.crueltyfreeinternational.org/approved-brands/listing/the-honest-midwife/","Africa & The Middle East; Asia; Australia & New Zealand; Europe; USA & Canada","Cosmetic and Personal Care Products: Babies & Children | Body","https://www.crueltyfreeinternational.org/approved-brands/?_page=19&num=20&sort=","2026-09-04"
"The INKEY List","https://www.crueltyfreeinternational.org/approved-brands/listing/the-inkey-list-2/","Africa & The Middle East; Asia; Australia & New Zealand; Europe; South & Central America; USA & Canada","Cosmetic and Personal Care Products: Body | Face | Hair Care","https://www.crueltyfreeinternational.org/approved-brands/?_page=19&num=20&sort=","2026-09-04"
"The Konjac Sponge Co","https://www.crueltyfreeinternational.org/approved-brands/listing/the-konjac-sponge-co/","","Cosmetic and Personal Care Products: Babies & Children | Body | Face","https://www.crueltyfreeinternational.org/approved-brands/?_page=19&num=20&sort=","2026-09-04"
"The Natural Deodorant Co.","https://www.crueltyfreeinternational.org/approved-brands/listing/the-natural-deodorant-co/","","Cosmetic and Personal Care Products: Body","https://www.crueltyfreeinternational.org/approved-brands/?_page=19&num=20&sort=","2026-09-04"
"The Natural Soapworks","https://www.crueltyfreeinternational.org/approved-brands/listing/the-natural-soapworks/","Europe","Cosmetic and Personal Care Products: Babies & Children | Body | Face | Fragrance and Aromatherapy | Hair Care","https://www.crueltyfreeinternational.org/approved-brands/?_page=20&num=20&sort=","2026-09-04"
"The Pink Stuff","https://www.crueltyfreeinternational.org/approved-brands/listing/the-pink-stuff/","Australia & New Zealand; Europe","Household & Cleaning Products: Household Cleaning","https://www.crueltyfreeinternational.org/approved-brands/?_page=20&num=20&sort=","2026-09-04"
"The Powder Shampoo","https://www.crueltyfreeinternational.org/approved-brands/listing/the-powder-shampoo/","","Cosmetic and Personal Care Products: Hair Care","https://www.crueltyfreeinternational.org/approved-brands/?_page=20&num=20&sort=","2026-09-04"
"The Skin Edition","https://www.crueltyfreeinternational.org/approved-brands/listing/the-skin-edition/","Africa & The Middle East; Europe","Cosmetic and Personal Care Products: Body | Face","https://www.crueltyfreeinternational.org/approved-brands/?_page=20&num=20&sort=","2026-09-04"
"Thermitek Ltd","https://www.crueltyfreeinternational.org/approved-brands/listing/thermitek-ltd/","Europe","Cosmetic and Personal Care Products: Body","https://www.crueltyfreeinternational.org/approved-brands/?_page=20&num=20&sort=","2026-09-04"
"Throda Skincare","https://www.crueltyfreeinternational.org/approved-brands/listing/throda-skincare/","Europe","Cosmetic and Personal Care Products: Face","https://www.crueltyfreeinternational.org/approved-brands/?_page=20&num=20&sort=","2026-09-04"
"Tootilab","https://www.crueltyfreeinternational.org/approved-brands/listing/tootilab/","","Cosmetic and Personal Care Products: Hair Care","https://www.crueltyfreeinternational.org/approved-brands/?_page=20&num=20&sort=","2026-09-04"
"Trigwell Cosmetics","https://www.crueltyfreeinternational.org/approved-brands/listing/trigwell-cosmetics/","Europe; South & Central America","Cosmetic and Personal Care Products: Face","https://www.crueltyfreeinternational.org/approved-brands/?_page=20&num=20&sort=","2026-09-04"
"Tropic Skincare","https://www.crueltyfreeinternational.org/approved-brands/listing/tropic-skincare/","Europe","Cosmetic and Personal Care Products: Body | Face | Fragrance and Aromatherapy | Hair Care | Makeup","https://www.crueltyfreeinternational.org/approved-brands/?_page=20&num=20&sort=","2026-09-04"
"True","https://www.crueltyfreeinternational.org/approved-brands/listing/monday-international-limited-true/","Australia & New Zealand; USA & Canada","Cosmetic and Personal Care Products: Body","https://www.crueltyfreeinternational.org/approved-brands/?_page=20&num=20&sort=","2026-09-04"
"True Alchemy","https://www.crueltyfreeinternational.org/approved-brands/listing/true-alchemy/","Europe","Cosmetic and Personal Care Products: Face","https://www.crueltyfreeinternational.org/approved-brands/?_page=20&num=20&sort=","2026-09-04"
"Tulita","https://www.crueltyfreeinternational.org/approved-brands/listing/tulita/","Australia & New Zealand","Cosmetic and Personal Care Products: Fragrance and Aromatherapy","https://www.crueltyfreeinternational.org/approved-brands/?_page=20&num=20&sort=","2026-09-04"
"UKVIAT","https://www.crueltyfreeinternational.org/approved-brands/listing/ukviat/","Australia & New Zealand; Europe; USA & Canada","Cosmetic and Personal Care Products: Body | Face | Hair Care | Makeup","https://www.crueltyfreeinternational.org/approved-brands/?_page=20&num=20&sort=","2026-09-04"
"Ultra Glow","https://www.crueltyfreeinternational.org/approved-brands/listing/ultra-glow/","Europe","Cosmetic and Personal Care Products: Body | Makeup","https://www.crueltyfreeinternational.org/approved-brands/?_page=20&num=20&sort=","2026-09-04"
"Ultraceuticals","https://www.crueltyfreeinternational.org/approved-brands/listing/ultraceuticals/","Australia & New Zealand; Europe","Cosmetic and Personal Care Products: Body","https://www.crueltyfreeinternational.org/approved-brands/?_page=20&num=20&sort=","2026-09-04"
"UNIQ MADE","https://www.crueltyfreeinternational.org/approved-brands/listing/uniq-made/","","Cosmetic and Personal Care Products: Body | Face | Hair Care","https://www.crueltyfreeinternational.org/approved-brands/?_page=20&num=20&sort=","2026-09-04"
"Unique Boutique","https://www.crueltyfreeinternational.org/approved-brands/listing/unique-boutique/","Europe","Cosmetic and Personal Care Products: Face | Hair Care | Makeup","https://www.crueltyfreeinternational.org/approved-brands/?_page=20&num=20&sort=","2026-09-04"
"UpCircle Beauty","https://www.crueltyfreeinternational.org/approved-brands/listing/upcircle-beauty/","","Cosmetic and Personal Care Products: Body | Face","https://www.crueltyfreeinternational.org/approved-brands/?_page=20&num=20&sort=","2026-09-04"
"VeganTan","https://www.crueltyfreeinternational.org/approved-brands/listing/vegan-tan/","","Cosmetic and Personal Care Products: Body","https://www.crueltyfreeinternational.org/approved-brands/?_page=20&num=20&sort=","2026-09-04"
"Viridian Nutrition","https://www.crueltyfreeinternational.org/approved-brands/listing/viridian-nutrition/","Europe","Cosmetic and Personal Care Products: Babies & Children | Body | Face","https://www.crueltyfreeinternational.org/approved-brands/?_page=20&num=20&sort=","2026-09-04"
"Vult","https://www.crueltyfreeinternational.org/approved-brands/listing/vult-2/","Africa & The Middle East; Asia; Australia & New Zealand; Europe; South & Central America; USA & Canada","Cosmetic and Personal Care Products: Body | Face | Makeup","https://www.crueltyfreeinternational.org/approved-brands/?_page=21&num=20&sort=","2026-09-04"
"W5","https://www.crueltyfreeinternational.org/approved-brands/listing/w5/","Europe","Cosmetic and Personal Care Products: Babies & Children | Body | Face | Fragrance and Aromatherapy | Hair Care; Household & Cleaning Products: Household Cleaning | Home Fragrance / Air Care | Laundry | Car Care","https://www.crueltyfreeinternational.org/approved-brands/?_page=21&num=20&sort=","2026-09-04"
"Waitrose","https://www.crueltyfreeinternational.org/approved-brands/listing/waitrose/","","Cosmetic and Personal Care Products: Babies & Children | Body | Face | Fragrance and Aromatherapy | Hair Care","https://www.crueltyfreeinternational.org/approved-brands/?_page=21&num=20&sort=","2026-09-04"
"Wild","https://www.crueltyfreeinternational.org/approved-brands/listing/wild-cosmetics/","Australia & New Zealand; Europe","Cosmetic and Personal Care Products: Body | Face | Hair Care","https://www.crueltyfreeinternational.org/approved-brands/?_page=21&num=20&sort=","2026-09-04"
"WILD SCIENCE Lab","https://www.crueltyfreeinternational.org/approved-brands/listing/wild-science-lab/","Australia & New Zealand; Europe","Cosmetic and Personal Care Products: Face","https://www.crueltyfreeinternational.org/approved-brands/?_page=21&num=20&sort=","2026-09-04"
"Wildsmith Skin","https://www.crueltyfreeinternational.org/approved-brands/listing/wildsmith-skin/","Asia; Europe; USA & Canada","Cosmetic and Personal Care Products: Body | Face | Fragrance and Aromatherapy | Hair Care","https://www.crueltyfreeinternational.org/approved-brands/?_page=21&num=20&sort=","2026-09-04"
"WildWash","https://www.crueltyfreeinternational.org/approved-brands/listing/wild-wash/","Africa & The Middle East; Asia; Australia & New Zealand; Europe; South & Central America; USA & Canada","Companion Animal Products: Grooming & Fragrance","https://www.crueltyfreeinternational.org/approved-brands/?_page=21&num=20&sort=","2026-09-04"
"Wizz","https://www.crueltyfreeinternational.org/approved-brands/listing/wizz/","Australia & New Zealand; Europe","Household & Cleaning Products: Household Cleaning","https://www.crueltyfreeinternational.org/approved-brands/?_page=21&num=20&sort=","2026-09-04"
"Yes! Nurse","https://www.crueltyfreeinternational.org/approved-brands/listing/yes-nurse/","Europe","Cosmetic and Personal Care Products: Body","https://www.crueltyfreeinternational.org/approved-brands/?_page=21&num=20&sort=","2026-09-04"
"YOM BEAUTY","https://www.crueltyfreeinternational.org/approved-brands/listing/yom-beauty/","Europe; USA & Canada","Cosmetic and Personal Care Products: Makeup","https://www.crueltyfreeinternational.org/approved-brands/?_page=21&num=20&sort=","2026-09-04"
"Young ePure","https://www.crueltyfreeinternational.org/approved-brands/listing/young-epure/","Europe","Cosmetic and Personal Care Products: Body | Makeup","https://www.crueltyfreeinternational.org/approved-brands/?_page=21&num=20&sort=","2026-09-04"
"Zoya Goes Pretty","https://www.crueltyfreeinternational.org/approved-brands/listing/zoya-goes-pretty/","Europe","Cosmetic and Personal Care Products: Body","https://www.crueltyfreeinternational.org/approved-brands/?_page=21&num=20&sort=","2026-09-04"
"Zuvi","https://www.crueltyfreeinternational.org/approved-brands/listing/zuvi/","USA & Canada","Cosmetic and Personal Care Products: Hair Care","https://www.crueltyfreeinternational.org/approved-brands/?_page=21&num=20&sort=","2026-09-04"
